"","CNTRYID","CNTSCHID","age","sex","ESCS","SES","MATH","growth"
"1",360,36000021,16,1,-1.6383,-0.181699263598169,438.94,"1"
"2",360,36000155,16,1,-1.3319,0.11247928471606,304.412,"0"
"3",360,36000255,16,1,-1.573,-0.119003900657832,350.7568,"1"
"4",360,36000224,16,1,0.2382,1.61995232227537,534.9753,"1"
"5",360,36000247,16,0,-1.5339,-0.081463491914078,386.4997,"0"
"6",360,36000130,16,0,-2.403,-0.915897487801469,436.7284,"1"
"7",360,36000261,16,0,-3.3373,-1.81293083535364,295.1952,"0"
"8",360,36000180,16,1,-1.5821,-0.127740926733745,381.5684,"1"
"9",360,36000211,16,0,-0.1591,1.23849952447757,370.5708,"0"
"10",360,36000221,16,0,-2.6456,-1.14882084230875,274.2359,"0"
"11",360,36000281,16,1,-0.8309,0.593495775269026,450.8931,"1"
"12",360,36000238,16,0,-0.7632,0.65849540882279,352.0176,"0"
"13",360,36000126,16,1,-1.7713,-0.30939426009227,370.5228,"1"
"14",360,36000189,16,0,-2.6391,-1.14258010939739,396.5406,"0"
"15",360,36000072,16,1,-1.3189,0.124960750538792,531.5373,"1"
"16",360,36000195,16,0,0.0585,1.44742006009499,466.4017,"1"
"17",360,36000077,16,1,-1.3978,0.0492078541223666,359.3324,"0"
"18",360,36000189,16,0,-0.9383,0.490379665318151,416.3209,"1"
"19",360,36000243,16,0,-1.3614,0.0841559584260153,332.9719,"0"
"20",360,36000356,16,1,-3.0825,-1.5682941052281,349.2509,"0"
"21",360,36000098,16,1,-1.0879,0.346746797081177,363.1958,"0"
"22",360,36000332,16,0,-3.4747,-1.94485032797235,283.1976,"0"
"23",360,36000093,16,1,-2.9479,-1.43906292832504,412.6653,"1"
"24",360,36000189,16,0,-2.9501,-1.44117517638735,329.6352,"0"
"25",360,36000078,16,0,-2.0782,-0.604052864784296,351.2128,"1"
"26",360,36000239,16,0,0.1272,1.51337980640435,391.0383,"1"
"27",360,36000180,16,0,-1.6604,-0.202917755496813,392.7062,"0"
"28",360,36000044,16,0,1.163,2.50786459864938,565.3448,"1"
"29",360,36000376,16,1,-3.1588,-1.64155070847998,398.8846,"0"
"30",360,36000110,16,1,-0.708,0.71149363293162,285.3473,"0"
"31",360,36000122,16,0,0.845,2.20254874237026,560.2255,"1"
"32",360,36000353,16,0,-0.4004,1.00682431655256,472.8798,"1"
"33",360,36000189,16,1,-0.1145,1.2813205533771,391.1785,"0"
"34",360,36000203,16,0,-1.3718,0.07417078576783,356.8417,"0"
"35",360,36000077,16,0,-2.0385,-0.565936388387185,325.0961,"1"
"36",360,36000358,16,0,-1.8923,-0.425567903519234,378.2955,"0"
"37",360,36000399,16,1,-1.7602,-0.298737008505168,358.3336,"0"
"38",360,36000085,16,0,-3.1399,-1.62340457739923,377.0274,"0"
"39",360,36000312,16,1,-2.3752,-0.889206353195935,315.3464,"1"
"40",360,36000320,16,1,-1.983,-0.512650130451677,332.7695,"1"
"41",360,36000246,16,1,-1.3772,0.0689861768876183,340.1314,"0"
"42",360,36000329,16,0,-1.3746,0.0714824700521646,345.9187,"0"
"43",360,36000386,16,0,0.6518,2.01705495798935,505.2462,"1"
"44",360,36000414,16,0,-1.3213,0.122656479925364,292.656,"0"
"45",360,36000297,16,1,-2.3745,-0.888534274267019,388.3823,"0"
"46",360,36000218,16,1,-2.3485,-0.863571342621556,433.7956,"1"
"47",360,36000038,16,1,-2.2463,-0.765447818999773,306.7464,"0"
"48",360,36000340,16,0,-2.1281,-0.651962491288474,496.6418,"1"
"49",360,36000194,16,0,0.3574,1.73439776274226,498.7936,"1"
"50",360,36000241,16,1,-1.5909,-0.136189918982978,324.3035,"0"
"51",360,36000060,16,0,-2.7866,-1.28419674084761,352.6525,"1"
"52",360,36000226,16,0,0.984,2.33600441539792,427.4165,"0"
"53",360,36000355,16,0,-1.8211,-0.357207875320888,328.4291,"0"
"54",360,36000308,16,0,-2.5484,-1.05549788246494,370.5956,"0"
"55",360,36000007,16,0,-3.2013,-1.68235550059275,360.1952,"0"
"56",360,36000308,16,0,-0.8953,0.531664513808725,327.8991,"1"
"57",360,36000397,16,1,-1.7467,-0.285775486304639,318.297,"0"
"58",360,36000023,16,0,-2.5179,-1.02621444341931,455.5043,"1"
"59",360,36000012,16,0,-2.0974,-0.622487029691716,413.9671,"0"
"60",360,36000297,16,1,0.0531,1.44223545121478,451.9222,"0"
"61",360,36000059,16,0,-1.0042,0.427108234724457,373.571,"0"
"62",360,36000130,16,0,-3.0156,-1.50406256187881,396.8217,"0"
"63",360,36000135,16,1,-1.9538,-0.48461483798831,407.4427,"0"
"64",360,36000379,16,1,-2.678,-1.17992849559002,295.4024,"0"
"65",360,36000338,16,1,-0.9668,0.463016451783701,346.7158,"0"
"66",360,36000103,16,1,-0.6444,0.772556804187446,287.1064,"0"
"67",360,36000152,16,1,-1.1393,0.297397001443608,398.3162,"0"
"68",360,36000383,16,0,-1.3909,0.0558326321359703,399.293,"1"
"69",360,36000064,16,1,-2.68,-1.18184872110121,331.4112,"1"
"70",360,36000184,16,1,-1.4426,0.00619480267172198,298.4413,"0"
"71",360,36000254,16,1,-0.8054,0.617978650536692,269.6634,"1"
"72",360,36000230,16,0,-0.2589,1.14268027146922,465.5795,"1"
"73",360,36000153,16,0,-2.7652,-1.26365032787789,321.5898,"0"
"74",360,36000040,16,0,-1.9763,-0.506217374989192,289.9615,"0"
"75",360,36000069,16,1,-0.2053,1.1941423151691,431.0554,"0"
"76",360,36000299,16,0,-1.5065,-0.0551564024107819,357.6811,"1"
"77",360,36000044,16,0,0.5202,1.89070411935308,511.6119,"1"
"78",360,36000412,16,0,0.4595,1.83242527508848,360.0274,"1"
"79",360,36000121,16,1,-2.1216,-0.645721758377108,430.3281,"1"
"80",360,36000299,16,0,-0.9727,0.457351786525692,447.9624,"0"
"81",360,36000293,16,0,-2.4286,-0.940476374344694,348.7648,"0"
"82",360,36000082,16,0,1.5873,2.91524044084823,489.0565,"1"
"83",360,36000011,16,1,-0.5709,0.843125091723659,462.4395,"1"
"84",360,36000279,16,0,-1.8232,-0.359224112107637,427.1345,"1"
"85",360,36000180,16,0,-1.3979,0.0491118428468072,437.0156,"0"
"86",360,36000249,16,0,-0.6286,0.787726585725843,377.9193,"1"
"87",360,36000236,16,0,0.2758,1.65605256188573,310.3499,"0"
"88",360,36000143,16,0,-2.5678,-1.07412406992348,230.0481,"0"
"89",360,36000029,16,0,0.304,1.6831277415935,404.7089,"0"
"90",360,36000186,16,0,-1.9983,-0.527339855612276,370.3743,"0"
"91",360,36000106,16,0,-2.2963,-0.81345345677951,297.0356,"0"
"92",360,36000128,16,0,-4.2797,-2.71774109622612,329.4313,"0"
"93",360,36000041,16,0,-1.7621,-0.300561222740798,368.479,"0"
"94",360,36000375,16,0,-0.6992,0.719942625180854,297.5311,"0"
"95",360,36000094,16,1,0.0554,1.44444371055265,459.144,"1"
"96",360,36000341,16,1,-0.4207,0.98733402761399,349.7686,"0"
"97",360,36000263,16,0,-1.4396,0.00907514093850632,463.1726,"1"
"98",360,36000348,17,0,-1.9075,-0.440161617404274,338.2948,"0"
"99",360,36000158,16,1,-3.0729,-1.55907702277439,285.4998,"0"
"100",360,36000110,16,0,-0.1527,1.24464424611338,372.4029,"0"
"101",360,36000331,16,0,-1.5749,-0.120828114893462,441.9811,"1"
"102",360,36000293,16,0,-2.7776,-1.27555572604726,370.5432,"0"
"103",360,36000337,16,1,-0.4154,0.992422625218642,351.1699,"0"
"104",360,36000225,16,1,0.7631,2.12391550768705,429.8971,"1"
"105",360,36000087,16,0,-2.5844,-1.09006194166636,319.5839,"0"
"106",360,36000310,16,1,-2.2357,-0.755270623790468,342.7359,"0"
"107",360,36000307,16,1,-0.8403,0.584470715366436,292.9828,"1"
"108",360,36000124,16,1,-2.2276,-0.747493710470151,322.5924,"0"
"109",360,36000039,16,0,-1.5202,-0.06830994716243,386.6537,"1"
"110",360,36000012,16,0,-1.7778,-0.315634993003636,417.9573,"1"
"111",360,36000066,16,0,-1.3234,0.120640243138616,405.6796,"0"
"112",360,36000404,16,1,-1.1681,0.269745754082479,280.4953,"0"
"113",360,36000077,16,0,-0.5095,0.902076014917177,359.5608,"0"
"114",360,36000378,16,1,-0.8667,0.559123738618734,314.0822,"0"
"115",360,36000268,16,1,-1.8319,-0.367577093081311,309.7273,"0"
"116",360,36000313,16,1,-3.516,-1.98450298477842,327.4243,"1"
"117",360,36000027,16,1,-2.0896,-0.614998150198076,511.4947,"0"
"118",360,36000024,16,1,-1.4573,-0.00791885483552068,504.6013,"0"
"119",360,36000370,16,0,-2.6912,-1.19260198396387,344.1559,"0"
"120",360,36000020,16,0,-1.3601,0.0854041050082883,380.4083,"0"
"121",360,36000010,16,0,-1.6078,-0.152415824552529,366.587,"0"
"122",360,36000016,16,1,-1.1512,0.28597165965203,322.0388,"0"
"123",360,36000394,16,0,-1.7764,-0.314290835145803,449.9695,"1"
"124",360,36000364,16,1,-2.064,-0.590419263654851,366.3029,"1"
"125",360,36000119,16,1,-2.788,-1.28554089870544,325.2078,"0"
"126",360,36000331,16,1,-0.9314,0.497004443331755,332.4031,"0"
"127",360,36000205,16,1,-0.9714,0.458599933107965,463.7597,"0"
"128",360,36000374,16,1,-2.2027,-0.723586902855842,271.9533,"1"
"129",360,36000371,16,0,-1.6453,-0.188420052887332,456.9496,"1"
"130",360,36000058,16,0,0.5403,1.91000238574054,365.5273,"0"
"131",360,36000237,16,1,-1.635,-0.178530891504706,366.1201,"1"
"132",360,36000136,16,0,-0.1173,1.27863223766143,328.6673,"1"
"133",360,36000206,16,1,-2.6529,-1.15582966542459,374.1604,"1"
"134",360,36000140,16,1,0.1302,1.51626014467113,381.8361,"0"
"135",360,36000283,16,0,-0.1816,1.21689698747669,298.2544,"0"
"136",360,36000181,16,0,0.4197,1.79421278741581,560.179,"1"
"137",360,36000272,16,0,-1.8151,-0.35144719878732,419.6162,"1"
"138",360,36000089,16,1,-1.7998,-0.33675747362672,361.5166,"0"
"139",360,36000051,16,0,-3.95,-2.40119192070654,291.1693,"0"
"140",360,36000247,16,1,-1.5339,-0.081463491914078,449.2023,"0"
"141",360,36000409,16,1,-2.6214,-1.12558611362336,317.1321,"0"
"142",360,36000412,16,0,-2.3164,-0.832751723166964,374.2353,"1"
"143",360,36000411,16,1,-0.3214,1.08267322424455,492.6727,"1"
"144",360,36000313,16,1,-1.468,-0.0181920613203844,345.8814,"1"
"145",360,36000011,16,0,-0.2836,1.11896548640603,442.0386,"0"
"146",360,36000372,16,0,-1.5014,-0.0502598273572489,354.8782,"0"
"147",360,36000151,16,0,-2.6744,-1.17647208966988,466.786,"1"
"148",360,36000319,16,0,-1.3785,0.067738030305345,363.0693,"0"
"149",360,36000111,16,1,0.9936,2.34522149785163,484.2709,"1"
"150",360,36000159,16,0,0.6556,2.02070338646061,330.2077,"0"
"151",360,36000049,16,1,-1.6708,-0.212902928154998,369.214,"0"
"152",360,36000011,16,1,0.3131,1.69186476766941,474.485,"1"
"153",360,36000362,16,1,-1.5847,-0.130237219898291,388.4359,"0"
"154",360,36000198,16,1,-1.9295,-0.461284098027358,393.4392,"1"
"155",360,36000286,16,0,-1.2551,0.186215944345736,369.3536,"0"
"156",360,36000409,16,0,-1.9109,-0.443426000773296,276.6046,"0"
"157",360,36000128,16,0,-1.3268,0.117375859769593,448.6184,"1"
"158",360,36000069,16,1,-0.6899,0.728871673807885,469.074,"0"
"159",360,36000360,16,1,-2.1773,-0.699200038863735,291.2901,"0"
"160",360,36000403,16,1,-1.5023,-0.051123928837284,425.9479,"0"
"161",360,36000271,16,0,-1.1197,0.316215211453265,418.6328,"0"
"162",360,36000230,16,1,-1.8588,-0.39340412620681,367.3901,"0"
"163",360,36000247,16,0,-1.5339,-0.081463491914078,441.3752,"0"
"164",360,36000406,16,0,-1.8335,-0.369113273490263,457.3409,"1"
"165",360,36000115,16,0,-0.4323,0.976196719649091,414.6827,"1"
"166",360,36000136,16,0,0.1764,1.56061735397961,406.8747,"0"
"167",360,36000135,16,0,-1.4333,0.0151238512987532,270.6121,"0"
"168",360,36000398,16,0,-0.9882,0.442470038813973,523.9924,"1"
"169",360,36000185,16,1,-0.9303,0.498060567362909,312.234,"0"
"170",360,36000095,16,1,-1.9854,-0.514954401065104,378.5587,"0"
"171",360,36000369,16,1,0.6684,2.03299282973222,454.4852,"1"
"172",360,36000001,16,1,-0.7684,0.653502822493698,447.3636,"0"
"173",360,36000130,16,1,-3.8992,-2.35241819272232,324.9099,"1"
"174",360,36000166,16,0,-0.879,0.547314351724919,338.3632,"1"
"175",360,36000378,16,0,-0.2115,1.18818961608441,405.8434,"1"
"176",360,36000022,16,0,-1.1063,0.329080722378234,424.034,"1"
"177",360,36000247,16,0,-1.5339,-0.081463491914078,433.1,"0"
"178",360,36000303,16,1,-0.5396,0.873176620973775,417.2737,"1"
"179",360,36000390,16,0,-3.6429,-2.10634129346339,353.4692,"0"
"180",360,36000102,16,1,-0.4937,0.917245796455574,448.2921,"1"
"181",360,36000214,16,0,-2.3822,-0.895927142485098,414.4003,"1"
"182",360,36000213,16,0,0.3991,1.77443446465056,390.69,"0"
"183",360,36000119,16,1,-1.9385,-0.469925112827711,310.6302,"0"
"184",360,36000166,16,0,-2.1165,-0.640825183323575,381.0894,"1"
"185",360,36000025,16,0,-1.596,-0.141086494036512,397.9592,"0"
"186",360,36000165,16,1,-1.6751,-0.217031413004056,422.0202,"1"
"187",360,36000387,16,0,-0.3946,1.01239297053501,344.9483,"0"
"188",360,36000025,16,0,-0.9848,0.445734422182995,425.5093,"0"
"189",360,36000231,16,1,-0.7227,0.697379975424377,336.2277,"1"
"190",360,36000236,16,0,-0.828,0.596280102260251,360.7481,"0"
"191",360,36000054,16,1,-2.4266,-0.938556148833505,343.4594,"1"
"192",360,36000218,16,0,-2.625,-1.1290425195435,323.1519,"0"
"193",360,36000066,16,1,-1.6555,-0.198213202994399,473.8692,"1"
"194",360,36000257,16,1,-1.5387,-0.0860720331409327,379.3155,"0"
"195",360,36000008,16,0,0.4329,1.80688627578966,385.6681,"1"
"196",360,36000400,16,1,-1.9832,-0.512842153002796,324.18,"0"
"197",360,36000182,16,1,-1.7653,-0.303633583558702,389.5163,"0"
"198",360,36000047,16,1,-2.915,-1.40747521866598,350.1282,"0"
"199",360,36000132,16,1,-2.6336,-1.13729948924162,292.2438,"0"
"200",360,36000299,16,1,-1.685,-0.226536529284444,351.3145,"0"
"201",360,36000190,16,0,0.5547,1.9238280094211,532.3281,"1"
"202",360,36000408,16,0,-0.4306,0.977828911333602,422.3132,"0"
"203",360,36000196,16,0,-0.394,1.01296903818837,407.9086,"0"
"204",360,36000082,16,0,-1.5423,-0.0895284390610738,434.9882,"0"
"205",360,36000268,16,1,-0.0547,1.33873529616167,322.1414,"1"
"206",360,36000151,16,0,-2.4125,-0.925018558979619,428.0909,"1"
"207",360,36000303,16,1,-1.3539,0.0913568040929757,374.0216,"1"
"208",360,36000345,16,0,-2.3805,-0.894294950800587,401.5678,"0"
"209",360,36000381,16,0,-1.3679,0.0779152255146495,502.5792,"0"
"210",360,36000286,16,1,-0.7889,0.633820511004005,383.5388,"0"
"211",360,36000209,16,1,0.8344,2.19237154716095,471.9662,"1"
"212",360,36000364,16,1,-2.8336,-1.32932204036057,290.0721,"0"
"213",360,36000348,1,0,-0.3144,1.08939401353371,353.6844,"0"
"214",360,36000190,16,1,-0.0496,1.3436318712152,433.532,"0"
"215",360,36000174,16,1,-0.6258,0.790414901441508,468.4384,"1"
"216",360,36000341,16,1,0.6824,2.04643440831055,324.7901,"1"
"217",360,36000384,16,1,-1.5248,-0.0727264658381657,409.4279,"0"
"218",360,36000335,16,1,-1.5289,-0.0766629281361042,332.3946,"0"
"219",360,36000408,16,1,-1.731,-0.270701716041802,410.1813,"0"
"220",360,36000279,16,0,-1.574,-0.119964013413427,474.0252,"1"
"221",360,36000156,16,0,-0.3597,1.04590090570527,482.4915,"1"
"222",360,36000140,16,0,-2.0254,-0.553358911288894,409.3686,"1"
"223",360,36000355,16,0,-1.8414,-0.376698164259461,330.1188,"1"
"224",360,36000090,16,1,-1.722,-0.262060701241449,386.8532,"0"
"225",360,36000148,16,1,-0.5898,0.824978960642919,343.995,"1"
"226",360,36000165,16,0,-1.3884,0.0582329140249571,325.555,"1"
"227",360,36000229,16,1,-1.0823,0.352123428512508,281.1316,"0"
"228",360,36000268,16,0,0.2282,1.61035119471942,403.1393,"0"
"229",360,36000129,16,0,-1.2082,0.23124523258313,383.5696,"0"
"230",360,36000156,16,0,-1.0518,0.381406867558148,406.6932,"0"
"231",360,36000395,16,1,-2.433,-0.944700870469311,367.9155,"0"
"232",360,36000337,16,1,0.3367,1.71452342870145,456.855,"1"
"233",360,36000231,16,1,-1.182,0.256400186779712,314.847,"0"
"234",360,36000377,16,0,-2.3525,-0.867411793643935,305.7542,"0"
"235",360,36000033,16,1,-2.1215,-0.645625747101549,392.2047,"1"
"236",360,36000150,16,0,0.308,1.68696819261588,395.7736,"0"
"237",360,36000047,16,1,-2.3834,-0.897079277791812,315.2626,"0"
"238",360,36000006,16,1,-1.5339,-0.081463491914078,342.3494,"0"
"239",360,36000014,16,1,-1.8388,-0.374201871094915,284.6368,"0"
"240",360,36000315,16,1,-2.1055,-0.630263943012033,342.5657,"0"
"241",360,36000120,16,0,-1.8509,-0.385819235437611,471.5414,"0"
"242",360,36000025,16,0,-1.4391,0.00955519731630364,547.4915,"1"
"243",360,36000174,16,0,-0.723,0.697091941597699,508.8627,"1"
"244",360,36000296,16,1,-0.9776,0.452647234023278,263.7484,"0"
"245",360,36000007,16,0,-1.8174,-0.353655458125187,317.8784,"0"
"246",360,36000166,16,0,-1.6773,-0.219143661066364,253.8727,"0"
"247",360,36000314,16,0,0.4414,1.81504723421222,409.5561,"0"
"248",360,36000395,16,0,-1.1951,0.243822709681421,352.623,"0"
"249",360,36000382,16,0,-1.188,0.250639510246144,284.2069,"0"
"250",360,36000253,16,1,0.671,2.03548912289677,410.5571,"0"
"251",360,36000183,16,1,-0.9972,0.433829024013621,282.0665,"1"
"252",360,36000065,4,0,-1.4055,0.0418149859042871,413.7663,"0"
"253",360,36000103,16,1,-0.3156,1.088241878227,333.2959,"0"
"254",360,36000302,16,0,-1.8149,-0.351255176236201,384.9617,"1"
"255",360,36000042,16,0,-3.374,-1.84816697348396,409.9104,"0"
"256",360,36000198,16,1,-0.4061,1.00135167384567,340.0476,"0"
"257",360,36000295,16,1,1.0672,2.41588579666341,489.6453,"1"
"258",360,36000132,16,0,0.3421,1.71970803758166,381.3339,"0"
"259",360,36000390,16,1,-1.2846,0.157892618055691,375.4914,"0"
"260",360,36000167,16,1,0.1247,1.51097952451536,399.5858,"1"
"261",360,36000135,16,0,-1.6171,-0.161344873179561,472.7798,"0"
"262",360,36000113,16,1,-1.6267,-0.17056195563327,323.9307,"0"
"263",360,36000048,16,1,-1.9359,-0.467428819663165,389.6327,"1"
"264",360,36000161,16,1,-1.2986,0.144451039477365,342.7947,"0"
"265",360,36000059,16,1,-2.8157,-1.31213602203542,369.54,"0"
"266",360,36000180,16,0,-2.4909,-1.00029139901825,428.093,"0"
"267",360,36000217,16,1,-0.7662,0.655615070556006,301.6534,"0"
"268",360,36000197,16,1,-3.428,-1.90001306228608,325.8316,"1"
"269",360,36000199,16,1,-1.192,0.246799059223765,347.8623,"0"
"270",360,36000353,16,0,-1.5897,-0.135037783676264,370.0225,"0"
"271",360,36000315,16,0,-0.9408,0.487979383429164,454.3561,"1"
"272",360,36000019,16,0,-1.3296,0.114687544053928,377.0223,"0"
"273",360,36000369,16,1,-2.177,-0.698912005037057,474.4532,"0"
"274",360,36000056,16,0,-0.4207,0.98733402761399,408.9886,"0"
"275",360,36000294,16,0,-2.9906,-1.48005974298894,362.1515,"0"
"276",360,36000369,16,1,-1.487,-0.0364342036766846,441.0403,"0"
"277",360,36000142,16,0,-1.8692,-0.403389298864995,385.5366,"0"
"278",360,36000359,16,0,-0.4084,0.999143414507805,495.6811,"0"
"279",360,36000353,16,0,-1.3382,0.106430574355813,324.4325,"1"
"280",360,36000210,16,1,-2.3648,-0.87922118053775,303.1026,"0"
"281",360,36000214,16,1,-1.6728,-0.214823153666188,319.8193,"1"
"282",360,36000283,16,0,-2.4042,-0.917049623108183,356.7912,"0"
"283",360,36000221,16,0,-1.2145,0.225196522222883,396.1733,"1"
"284",360,36000206,16,1,-1.9497,-0.480678375690372,328.0076,"0"
"285",360,36000093,16,1,-2.8547,-1.34958041950361,312.531,"0"
"286",360,36000336,16,1,-0.9268,0.501420962007491,352.6674,"0"
"287",360,36000072,16,1,0.4549,1.82800875641275,462.4565,"1"
"288",360,36000037,16,0,-2.4406,-0.951997727411831,340.6396,"0"
"289",360,36000055,16,1,-3.0361,-1.5237448733685,347.7075,"0"
"290",360,36000338,16,0,-1.097,0.338009771005265,409.746,"1"
"291",360,36000169,16,0,-2.0761,-0.602036627997547,350.366,"1"
"292",360,36000243,16,1,-0.8255,0.598680384149238,320.8347,"1"
"293",360,36000035,16,1,-0.3312,1.07326411923972,373.8336,"0"
"294",360,36000331,16,0,-2.4471,-0.958238460323197,355.706,"0"
"295",360,36000300,16,1,-0.5544,0.858966952190973,408.5395,"1"
"296",360,36000295,16,0,-1.4888,-0.038162406636755,475.7754,"1"
"297",360,36000392,16,1,-2.3791,-0.892950792942755,293.5433,"0"
"298",360,36000399,16,1,-1.5893,-0.134653738574027,306.8424,"1"
"299",360,36000128,16,1,0.1995,1.58279595863385,404.2192,"0"
"300",360,36000103,16,1,-1.2152,0.224524443293967,413.0914,"1"
"301",360,36000098,16,0,-3.0759,-1.56195736104117,307.2874,"0"
"302",360,36000327,16,1,-1.1303,0.30603801624396,323.9731,"0"
"303",360,36000124,16,0,-1.9624,-0.492871807686425,384.3466,"0"
"304",360,36000163,16,0,0.0854,1.47324709322049,411.7099,"1"
"305",360,36000314,16,0,-1.6765,-0.218375570861888,404.151,"0"
"306",360,36000220,16,1,-1.5919,-0.137150031738573,380.5643,"0"
"307",360,36000211,16,1,-0.3976,1.00951263226823,326.1143,"1"
"308",360,36000144,16,0,-1.8698,-0.403965366518352,465.3221,"1"
"309",360,36000403,16,0,-0.9812,0.449190828103136,379.9208,"1"
"310",360,36000357,16,1,-2.0503,-0.577265718903203,311.8704,"0"
"311",360,36000335,16,1,-1.7746,-0.312562632185732,412.7075,"0"
"312",360,36000043,16,1,-1.9832,-0.512842153002796,301.3704,"0"
"313",360,36000135,16,1,-2.3476,-0.86270724114152,382.5805,"0"
"314",360,36000097,16,1,-0.2249,1.17532410515944,309.9475,"1"
"315",360,36000065,16,0,-0.659,0.758539157955763,313.1915,"1"
"316",360,36000076,16,0,-1.8207,-0.35682383021865,307.8237,"0"
"317",360,36000056,16,0,-1.5982,-0.14319874209882,385.7623,"0"
"318",360,36000315,16,0,-1.3594,0.0860761839372047,434.4248,"0"
"319",360,36000164,16,1,-1.4374,0.0111873890008147,361.7347,"0"
"320",360,36000226,16,1,0.0541,1.44319556397037,415.1292,"0"
"321",360,36000058,16,0,-1.8977,-0.430752512399445,386.2602,"1"
"322",360,36000179,16,0,-2.379,-0.892854781667195,365.1752,"0"
"323",360,36000348,16,1,-1.3923,0.0544884742781376,291.6163,"0"
"324",360,36000396,16,1,-1.57,-0.116123562391048,388.5408,"0"
"325",360,36000029,16,0,0.0186,1.40911156114676,462.9437,"1"
"326",360,36000353,16,0,-2.488,-0.997507072027022,365.3533,"0"
"327",360,36000176,16,0,-1.0705,0.363452759028526,365.9119,"1"
"328",360,36000147,16,0,-0.3603,1.04532483805191,394.7005,"1"
"329",360,36000104,16,1,-1.3241,0.119968164209699,350.885,"0"
"330",360,36000023,16,0,-2.7194,-1.21967716367165,411.5095,"0"
"331",360,36000049,16,0,-1.8158,-0.352119277716236,434.1433,"0"
"332",360,36000288,16,0,-2.467,-0.977344704159533,470.1558,"1"
"333",360,36000403,16,0,-0.3513,1.05396585285227,343.0512,"1"
"334",360,36000246,16,0,-1.7614,-0.299889143811882,337.8955,"0"
"335",360,36000113,16,1,-1.5339,-0.081463491914078,356.2791,"0"
"336",360,36000265,16,0,-1.5367,-0.0841518076297432,325.8152,"0"
"337",360,36000145,16,0,0.4523,1.8255124632482,383.815,"0"
"338",360,36000269,16,1,-2.015,-0.543373738630709,462.5585,"1"
"339",360,36000354,16,0,-1.3952,0.0517041472869129,492.4762,"1"
"340",360,36000056,16,1,-1.7827,-0.32033954550605,495.7527,"1"
"341",360,36000242,16,0,-1.8023,-0.339157755515707,401.262,"0"
"342",360,36000272,16,0,-0.6971,0.721958861967603,462.9509,"1"
"343",360,36000285,16,1,-0.0274,1.3649463743894,403.0869,"0"
"344",360,36000067,16,0,-0.1758,1.22246564145914,335.4218,"1"
"345",360,36000297,16,1,-3.3438,-1.819171568265,277.3914,"1"
"346",360,36000039,16,0,-1.9455,-0.476645902116874,324.4424,"0"
"347",360,36000100,16,0,-1.9002,-0.433152794288432,365.3563,"1"
"348",360,36000344,16,1,-2.0787,-0.604532921162094,349.8234,"0"
"349",360,36000001,16,0,-0.4245,0.98368559914273,391.1896,"0"
"350",360,36000382,16,1,-1.4619,-0.0123353735112564,364.0114,"1"
"351",360,36000237,16,0,-2.9237,-1.41582819963965,372.7014,"0"
"352",360,36000264,16,0,-2.019,-0.547214189653088,327.6889,"0"
"353",360,36000091,16,0,-2.0721,-0.598196176975168,405.3269,"1"
"354",360,36000014,16,1,-3.1911,-1.67256235048569,372.1308,"1"
"355",360,36000205,16,0,0.208,1.5909569170564,459.0215,"1"
"356",360,36000196,16,0,-0.313,1.09073817139154,393.8515,"0"
"357",360,36000032,16,1,-0.2746,1.12760650120638,367.9131,"0"
"358",360,36000285,16,0,-2.3165,-0.832847734442524,389.4349,"0"
"359",360,36000190,16,1,1.2399,2.58169726955462,399.1497,"1"
"360",360,36000313,16,0,-2.1946,-0.715809989535524,473.396,"1"
"361",360,36000044,16,0,-0.8159,0.607897466602948,534.1495,"0"
"362",360,36000051,16,1,-0.5816,0.832851885238796,287.5405,"0"
"363",360,36000364,16,0,-2.4685,-0.978784873292925,362.3134,"0"
"364",360,36000137,16,0,-2.1041,-0.6289197851542,331.0411,"0"
"365",360,36000142,16,0,-1.9468,-0.477894048699147,382.698,"0"
"366",360,36000150,16,1,-4.6315,-3.05550876364435,367.1026,"1"
"367",360,36000019,16,1,-1.6753,-0.217223435555175,370.0732,"0"
"368",360,36000296,16,1,-0.884,0.542513787946945,309.7683,"0"
"369",360,36000004,16,0,-0.1503,1.24694851672681,322.2533,"0"
"370",360,36000066,16,1,-1.6634,-0.205798093763597,405.718,"0"
"371",360,36000008,16,0,0.8274,2.18565075787179,496.185,"1"
"372",360,36000150,16,1,-1.6078,-0.152415824552529,389.0689,"1"
"373",360,36000003,16,0,-1.0477,0.385343329856086,378.5442,"0"
"374",360,36000189,16,1,-1.7634,-0.301809369323072,355.6898,"0"
"375",360,36000035,16,1,-1.38,0.0662978611719531,446.4636,"0"
"376",360,36000314,16,0,-2.1593,-0.68191800926303,391.2999,"0"
"377",360,36000291,16,0,-1.8838,-0.417406945096678,278.6249,"0"
"378",360,36000194,16,0,-1.9703,-0.500456698455624,365.575,"0"
"379",360,36000391,16,1,-1.1229,0.313142850635361,399.8025,"1"
"380",360,36000021,16,0,-1.929,-0.460804041649561,430.2617,"1"
"381",360,36000011,16,1,-1.2842,0.158276663157929,377.912,"0"
"382",360,36000004,16,0,-1.4578,-0.008398911213318,412.4845,"1"
"383",360,36000363,16,0,-2.5454,-1.05261754419816,276.7039,"0"
"384",360,36000049,16,0,-1.6797,-0.221447931679791,386.8907,"0"
"385",360,36000177,16,1,-1.5716,-0.1176597428,439.7683,"1"
"386",360,36000221,16,1,0.5373,1.90712204747375,340.0377,"0"
"387",360,36000272,16,1,-1.2703,0.171622230460696,372.6105,"0"
"388",360,36000149,16,1,-1.1322,0.30421380200833,246.4477,"0"
"389",360,36000235,16,1,-1.6524,-0.195236853452055,348.5462,"0"
"390",360,36000349,16,0,-1.8115,-0.347990792867179,431.4111,"1"
"391",360,36000186,16,0,-1.5922,-0.137438065565252,326.3829,"1"
"392",360,36000371,16,0,-1.6285,-0.172290158593341,296.1533,"0"
"393",360,36000280,16,1,0.4251,1.79939739629602,444.8316,"1"
"394",360,36000158,16,0,-2.6399,-1.14334819960186,328.8229,"0"
"395",360,36000194,16,1,-1.4868,-0.0362421811255655,398.3329,"0"
"396",360,36000063,16,1,-0.1277,1.26864706500325,296.6511,"0"
"397",360,36000302,16,0,-1.1606,0.27694659974944,346.2486,"0"
"398",360,36000361,16,0,-0.3234,1.08075299873336,329.6084,"0"
"399",360,36000143,16,0,-1.5412,-0.0884723150299195,317.5405,"0"
"400",360,36000071,16,1,-1.7677,-0.305937854172129,290.3491,"0"
"401",360,36000277,16,0,-3.5594,-2.02617187837123,318.663,"0"
"402",360,36000120,16,0,-1.3784,0.0678340415809045,471.5315,"1"
"403",360,36000358,16,1,-1.9197,-0.45187499302253,325.0576,"1"
"404",360,36000196,16,1,-1.0761,0.358076127597195,301.9249,"1"
"405",360,36000366,16,0,-1.1037,0.331577015542781,422.5604,"1"
"406",360,36000026,16,1,-2.0334,-0.561039813333652,275.1717,"0"
"407",360,36000208,16,0,-2.5256,-1.03360731163738,366.1906,"0"
"408",360,36000186,16,0,-2.589,-1.09447846034209,378.5875,"0"
"409",360,36000352,16,0,-2.405,-0.917817713312658,308.6251,"0"
"410",360,36000338,16,0,-1.0769,0.35730803739272,398.1543,"1"
"411",360,36000211,16,0,-2.8283,-1.32423344275591,451.7749,"1"
"412",360,36000218,16,0,-1.8611,-0.395612385544678,390.1889,"0"
"413",360,36000240,16,1,1.0262,2.37652117368402,500.5184,"1"
"414",360,36000037,16,1,-1.9762,-0.506121363713633,324.9654,"1"
"415",360,36000318,16,1,-1.8008,-0.337717586382315,352.0167,"0"
"416",360,36000312,16,1,-1.97,-0.500168664628945,308.9556,"0"
"417",360,36000158,16,1,-1.9565,-0.487207142428416,290.9081,"0"
"418",360,36000033,16,0,0.1016,1.48880091986112,314.2231,"0"
"419",360,36000368,16,0,-1.1633,0.274354295309334,494.4923,"1"
"420",360,36000414,16,0,-0.7877,0.634972646310719,355.2378,"0"
"421",360,36000005,16,0,-1.6602,-0.202725732945694,378.4097,"1"
"422",360,36000198,16,0,-1.3262,0.11795192742295,371.8304,"0"
"423",360,36000148,16,0,-1.9089,-0.441505775262107,436.0863,"1"
"424",360,36000179,16,1,-2.071,-0.597140052944015,388.2232,"0"
"425",360,36000170,16,0,-1.442,0.00677087032507898,332.6627,"0"
"426",360,36000039,16,1,-1.4384,0.0102272762452201,425.7126,"0"
"427",360,36000396,16,0,0.1433,1.52883762176942,353.1702,"0"
"428",360,36000158,16,1,-2.2572,-0.775913048035756,296.0815,"1"
"429",360,36000133,16,0,-0.122,1.27411970771014,399.6293,"0"
"430",360,36000110,16,1,-0.695,0.723975098754352,394.6453,"1"
"431",360,36000293,16,1,-1.9028,-0.435649087452979,330.6035,"1"
"432",360,36000226,16,1,-0.2271,1.17321185709713,421.5103,"1"
"433",360,36000083,16,0,-0.6223,0.79377529608609,300.1326,"0"
"434",360,36000334,16,0,-1.3402,0.104510348844624,457.1008,"1"
"435",360,36000034,16,0,-2.6727,-1.17483989798537,387.6974,"1"
"436",360,36000185,16,1,-1.6231,-0.167105549713129,310.9254,"1"
"437",360,36000220,16,1,-1.2517,0.189480327714758,378.5471,"0"
"438",360,36000056,16,1,0.7381,2.09991268879718,516.3546,"1"
"439",360,36000312,16,0,-1.6112,-0.155680207921552,266.0424,"0"
"440",360,36000096,16,1,-2.9211,-1.41333190647511,335.0778,"0"
"441",360,36000164,16,0,-1.4352,0.0132996370631231,307.0737,"0"
"442",360,36000313,16,1,-3.225,-1.70511017290035,366.4187,"1"
"443",360,36000376,16,1,-2.2676,-0.785898220693941,338.0889,"1"
"444",360,36000248,16,0,-2.2118,-0.732323928931754,290.2835,"0"
"445",360,36000390,16,0,-2.012,-0.540493400363925,294.7078,"0"
"446",360,36000197,16,1,-1.5476,-0.094617036665726,305.1197,"0"
"447",360,36000002,16,0,-1.836,-0.37151355537925,394.2058,"0"
"448",360,36000299,16,1,0.1639,1.54861594453468,329.3622,"0"
"449",360,36000129,16,0,-2.4562,-0.966975486399109,388.8831,"1"
"450",360,36000006,16,1,0.1776,1.56176948928632,424.6879,"0"
"451",360,36000130,16,1,-2.0717,-0.597812131872931,407.8185,"0"
"452",360,36000128,16,1,-0.5422,0.870680327809229,340.885,"1"
"453",360,36000078,16,0,-1.455,-0.0057105954976528,488.0017,"1"
"454",360,36000074,16,1,-1.6581,-0.200709496158945,409.9159,"0"
"455",360,36000367,16,1,-1.3302,0.114111476400571,381.0237,"1"
"456",360,36000410,16,0,-2.1115,-0.636024619545601,378.746,"1"
"457",360,36000200,16,0,-1.1308,0.305557959866163,502.0233,"0"
"458",360,36000149,16,0,-1.7258,-0.265709129712709,442.3003,"1"
"459",360,36000368,16,1,-1.2938,0.14905958070422,381.2003,"0"
"460",360,36000288,16,0,-2.8504,-1.34545193465456,380.2028,"0"
"461",360,36000366,16,0,-1.8998,-0.432768749186194,323.6621,"0"
"462",360,36000287,16,0,-0.1571,1.24041974998876,524.9883,"1"
"463",360,36000336,16,0,-3.2325,-1.71231101856731,302.4906,"0"
"464",360,36000318,16,0,-1.8137,-0.350103040929487,429.4979,"1"
"465",360,36000221,16,0,-0.0294,1.36302614887821,384.1438,"1"
"466",360,36000237,16,1,-2.6197,-1.12395392193885,363.3525,"0"
"467",360,36000378,16,1,-1.6619,-0.204357924630205,410.6856,"1"
"468",360,36000259,16,0,-0.7538,0.667520468725381,369.9671,"0"
"469",360,36000352,16,0,-3.3117,-1.78835194881041,384.4489,"1"
"470",360,36000383,16,1,-0.5357,0.876921060720595,401.1105,"0"
"471",360,36000259,16,0,-1.5105,-0.0589968534331609,381.582,"0"
"472",360,36000256,16,1,-1.956,-0.486727086050619,471.249,"0"
"473",360,36000323,16,1,-2.8831,-1.37684762176251,336.8035,"0"
"474",360,36000177,16,1,0.0466,1.43599471830341,410.1387,"1"
"475",360,36000140,16,1,-1.7557,-0.294416501104992,452.8448,"0"
"476",360,36000293,16,1,-1.7482,-0.287215655438031,350.0951,"0"
"477",360,36000244,16,0,-1.0893,0.345402639223345,406.502,"0"
"478",360,36000074,16,0,-2.8458,-1.34103541597882,347.7994,"1"
"479",360,36000205,16,0,0.6174,1.98402707919689,500.8305,"0"
"480",360,36000315,16,0,-1.4578,-0.008398911213318,470.3696,"1"
"481",360,36000380,16,1,-1.0796,0.354715732952614,418.998,"1"
"482",360,36000064,16,0,-1.3715,0.0744588195945084,366.6601,"0"
"483",360,36000340,16,0,0.877,2.23327235054929,474.214,"0"
"484",360,36000096,16,0,-1.9333,-0.464932526498618,348.1709,"0"
"485",360,36000048,16,1,-1.1247,0.311414647675291,450.6801,"0"
"486",360,36000131,16,0,-1.239,0.201673759710812,419.8443,"0"
"487",360,36000121,16,0,-2.1576,-0.680285817578519,421.6261,"0"
"488",360,36000391,16,1,0.2636,1.64433918626747,496.4658,"1"
"489",360,36000391,16,1,0.2022,1.58538826307396,380.3255,"0"
"490",360,36000238,16,0,-2.1321,-0.655802942310853,351.0411,"0"
"491",360,36000167,16,1,-0.5902,0.824594915540681,316.7717,"0"
"492",360,36000071,16,1,-0.9598,0.469737241072864,350.3404,"1"
"493",360,36000325,16,1,-1.5485,-0.0954811381457612,417.8883,"0"
"494",360,36000292,16,1,-1.0441,0.388799735776227,380.2496,"0"
"495",360,36000356,16,1,-2.5216,-1.02976686061501,301.4177,"0"
"496",360,36000366,16,0,-1.765,-0.303345549732023,308.1977,"0"
"497",360,36000239,16,1,-0.4951,0.915901638597741,256.6273,"0"
"498",360,36000241,16,1,-1.7638,-0.302193414425309,417.2103,"0"
"499",360,36000161,16,0,-2.2031,-0.72397094795808,337.1831,"0"
"500",360,36000404,16,1,-3.0238,-1.51193548647469,305.0492,"0"
"501",360,36000370,16,0,-1.9855,-0.515050412340664,272.8293,"0"
"502",360,36000345,16,1,-2.1646,-0.687006606867682,423.5762,"1"
"503",360,36000194,16,0,-0.7796,0.642749559631037,367.342,"0"
"504",360,36000185,16,0,-1.6564,-0.199077304474434,390.9048,"0"
"505",360,36000017,16,1,0.2175,1.60007798823455,374.6799,"1"
"506",360,36000029,16,1,0.4358,1.80967060278089,505.4694,"1"
"507",360,36000242,16,1,-2.4442,-0.955454133331972,398.4263,"1"
"508",360,36000188,16,1,-2.0302,-0.557967452515749,326.8058,"0"
"509",360,36000096,16,1,-1.7939,-0.331092808368711,336.3789,"0"
"510",360,36000196,16,0,-2.3947,-0.907928551930032,348.0539,"0"
"511",360,36000240,16,1,-1.0548,0.378526529291363,434.8747,"0"
"512",360,36000276,16,0,-2.0346,-0.562191948640366,338.0139,"0"
"513",360,36000292,16,1,-1.2164,0.223372307987253,388.1663,"0"
"514",360,36000267,16,1,-1.6984,-0.239402040209413,446.3014,"1"
"515",360,36000043,16,1,-0.9488,0.480298481384406,349.5309,"0"
"516",360,36000367,16,1,-3.2452,-1.72450445056336,406.401,"0"
"517",360,36000282,16,0,-3.1819,-1.66372931313421,358.1967,"1"
"518",360,36000367,16,1,-1.6672,-0.209446522234857,395.8791,"1"
"519",360,36000138,16,0,-3.2732,-1.75138760772001,325.0311,"0"
"520",360,36000349,16,0,-2.8293,-1.32519355551151,473.3967,"0"
"521",360,36000338,16,0,-1.7839,-0.321491680812764,386.6368,"1"
"522",360,36000206,16,0,-1.3144,0.129281257938968,361.4416,"0"
"523",360,36000150,16,1,-2.2999,-0.816909862699651,286.6318,"1"
"524",360,36000095,16,0,-1.81,-0.346550623733787,429.3499,"1"
"525",360,36000214,16,1,-2.5852,-1.09083003187083,416.633,"1"
"526",360,36000142,16,1,0.0149,1.40555914395106,367.9006,"0"
"527",360,36000382,16,0,-2.5,-1.00902842509416,388.2496,"0"
"528",360,36000374,16,0,-1.8426,-0.377850299566175,305.5264,"1"
"529",360,36000384,16,0,-1.6317,-0.175362519411244,362.11,"0"
"530",360,36000050,16,1,-1.4675,-0.017712004942587,328.2239,"1"
"531",360,36000373,16,0,-0.7288,0.69152328761525,386.5987,"0"
"532",360,36000027,16,1,-1.7411,-0.280398854873309,510.5526,"1"
"533",360,36000276,16,0,-1.7648,-0.303153527180904,355.1239,"0"
"534",360,36000123,16,1,-2.0563,-0.583026395436771,355.7434,"0"
"535",360,36000029,16,0,-1.0224,0.409634182572633,398.9711,"0"
"536",360,36000006,16,0,-0.3749,1.03130719182023,382.8955,"0"
"537",360,36000371,16,0,-1.62,-0.164129200170785,401.987,"0"
"538",360,36000035,16,0,-1.5129,-0.0613011240465883,339.4644,"0"
"539",360,36000122,16,1,-0.8065,0.616922526505538,516.6798,"1"
"540",360,36000190,16,1,-0.2024,1.19692664216032,530.2563,"0"
"541",360,36000052,16,1,-1.1112,0.32437616987582,363.089,"0"
"542",360,36000269,16,1,-2.2054,-0.726179207295948,422.012,"0"
"543",360,36000122,16,0,-1.7244,-0.264364971854876,439.3197,"0"
"544",360,36000056,16,1,-2.4527,-0.963615091754528,392.3208,"0"
"545",360,36000059,16,1,-1.1449,0.292020370012277,330.8371,"1"
"546",360,36000011,16,1,0.7641,2.12487562044264,499.0812,"1"
"547",360,36000376,16,0,-1.5814,-0.127068847804828,398.9609,"1"
"548",360,36000260,16,0,-0.9468,0.482218706895596,464.2182,"1"
"549",360,36000234,16,1,-0.8838,0.542705810498064,384.6259,"1"
"550",360,36000134,16,0,-2.4941,-1.00336375983615,351.0662,"0"
"551",360,36000076,16,0,-1.4765,-0.0263530197429396,325.029,"1"
"552",360,36000239,16,1,-1.5036,-0.0523720754195573,364.8188,"0"
"553",360,36000142,16,1,-0.5408,0.872024485667061,443.3297,"0"
"554",360,36000059,16,1,-2.8918,-1.38520060273618,452.8868,"1"
"555",360,36000256,16,1,-2.1344,-0.658011201648721,393.0435,"0"
"556",360,36000290,16,1,-1.0481,0.384959284753848,368.0629,"0"
"557",360,36000282,16,1,-1.1341,0.3023895877727,353.4044,"0"
"558",360,36000377,16,0,-2.0792,-0.605012977539891,369.5195,"0"
"559",360,36000205,16,1,-0.2687,1.13327116646439,500.3095,"0"
"560",360,36000227,16,0,1.296,2.63555959514348,486.1642,"0"
"561",360,36000142,16,1,0.1245,1.51078750196424,346.067,"0"
"562",360,36000385,16,0,-1.5339,-0.081463491914078,574.3503,"0"
"563",360,36000122,16,0,-0.2667,1.13519139197558,513.8974,"1"
"564",360,36000265,16,0,-1.5155,-0.0637974172111347,434.2156,"1"
"565",360,36000350,16,0,-2.9318,-1.42360511295997,343.2482,"0"
"566",360,36000072,16,0,0.9874,2.33926879876695,492.3291,"1"
"567",360,36000257,16,1,-0.3012,1.10206750190756,397.6481,"0"
"568",360,36000151,16,0,-2.5662,-1.07258788951453,517.5023,"1"
"569",360,36000407,16,0,-1.133,0.303445711803854,344.4441,"0"
"570",360,36000257,16,1,-1.5073,-0.0559244926152579,304.8956,"1"
"571",360,36000187,16,0,0.1464,1.53181397131177,470.9472,"0"
"572",360,36000149,16,0,-1.7535,-0.292304253042684,319.028,"1"
"573",360,36000288,16,0,-2.1652,-0.687582674521039,473.2048,"1"
"574",360,36000156,16,1,-2.2809,-0.798667720343351,399.8687,"0"
"575",360,36000042,16,1,-0.3272,1.0771045702621,509.8115,"1"
"576",360,36000184,16,1,-1.8956,-0.428736275612696,354.4212,"0"
"577",360,36000267,16,0,-1.8264,-0.36229647292554,469.2862,"1"
"578",360,36000291,16,1,-1.1972,0.241806472894672,354.2117,"1"
"579",360,36000014,16,0,-2.6328,-1.13653139903714,283.7111,"0"
"580",360,36000131,16,1,-0.1468,1.25030891137139,333.4911,"0"
"581",360,36000230,16,0,-0.3974,1.00970465481935,288.3858,"0"
"582",360,36000192,16,1,-1.9447,-0.475877811912398,286.7481,"0"
"583",360,36000308,16,1,-0.8386,0.586102907050947,341.7637,"1"
"584",360,36000409,16,0,-3.0319,-1.519712399795,335.9114,"0"
"585",360,36000144,16,0,-1.5786,-0.124380532089163,340.3117,"0"
"586",360,36000284,16,1,-0.8068,0.61663449267886,461.4193,"0"
"587",360,36000393,16,0,-0.5479,0.865207685102338,477.3946,"1"
"588",360,36000359,16,0,-1.0106,0.420963513088651,433.9779,"1"
"589",360,36000190,16,1,-0.983,0.447462625143066,407.0107,"1"
"590",360,36000249,16,0,-3.149,-1.63214160347515,446.4638,"0"
"591",360,36000241,16,1,-2.038,-0.565456332009388,349.315,"1"
"592",360,36000297,16,0,-2.0069,-0.535596825310391,352.3237,"0"
"593",360,36000245,16,1,0.7795,2.1396613568788,453.3199,"0"
"594",360,36000247,16,1,-1.5339,-0.081463491914078,469.0723,"0"
"595",360,36000364,16,1,-3.9046,-2.35760280160253,313.0818,"0"
"596",360,36000269,16,1,-2.3068,-0.823534640713255,480.6505,"0"
"597",360,36000012,16,0,-0.6011,0.814129686504698,450.7702,"1"
"598",360,36000335,16,1,-2.1218,-0.645913780928227,316.8498,"0"
"599",360,36000049,16,0,-1.6873,-0.228744788622312,374.1791,"1"
"600",360,36000344,16,0,-3.9067,-2.35961903838928,312.3428,"0"
"601",360,36000259,16,0,-2.2387,-0.758150962057253,285.2541,"0"
"602",360,36000129,16,1,-1.5306,-0.0782951198206153,405.0715,"1"
"603",360,36000009,16,1,-2.1297,-0.653498671697426,314.1562,"0"
"604",360,36000082,16,1,-2.1378,-0.661275585017743,415.5452,"1"
"605",360,36000103,16,1,-0.2793,1.12309397125509,355.2066,"1"
"606",360,36000059,16,1,-0.7468,0.674241258014544,333.3331,"0"
"607",360,36000114,16,0,-2.2258,-0.745765507510081,325.9959,"1"
"608",360,36000042,16,1,-1.3916,0.055160553207054,317.0675,"0"
"609",360,36000294,1,0,-2.5822,-1.08794969360405,364.1357,"0"
"610",360,36000163,16,1,-3.0519,-1.5389146549069,408.0877,"0"
"611",360,36000317,16,1,-2.4722,-0.982337290488625,285.6423,"0"
"612",360,36000242,16,1,-1.428,0.0202124489034054,321.7026,"0"
"613",360,36000406,16,0,-2.2447,-0.763911638590821,347.6115,"0"
"614",360,36000045,16,0,-1.1712,0.266769404540135,377.3644,"0"
"615",360,36000057,16,0,-1.4447,0.00417856588497303,331.4475,"0"
"616",360,36000068,16,1,-2.1532,-0.676061321453902,362.9054,"0"
"617",360,36000332,16,1,-0.9691,0.460808192445833,333.9157,"0"
"618",360,36000193,16,0,-1.8454,-0.38053861528184,365.7494,"1"
"619",360,36000277,16,1,-1.2941,0.148771546877541,243.1885,"0"
"620",360,36000058,16,1,-1.588,-0.133405591991754,355.3313,"0"
"621",360,36000182,16,1,0.3518,1.72902113131093,310.8701,"1"
"622",360,36000150,16,1,-1.9981,-0.527147833061158,373.1258,"0"
"623",360,36000199,16,0,-1.8782,-0.412030313665348,294.7806,"0"
"624",360,36000066,16,0,0.5212,1.89166423210868,412.4892,"0"
"625",360,36000335,16,0,-3.1747,-1.65681650129393,328.3165,"0"
"626",360,36000025,16,1,0.3392,1.71692371059043,503.2154,"1"
"627",360,36000200,16,1,-1.827,-0.362872540578897,394.0659,"1"
"628",360,36000181,16,1,-2.2872,-0.804716430703598,373.0998,"0"
"629",360,36000035,16,0,-1.2,0.239118157179007,294.8676,"0"
"630",360,36000231,16,1,0.3637,1.74044647310251,336.4321,"1"
"631",360,36000202,16,0,-1.6289,-0.172674203695579,306.156,"0"
"632",360,36000114,16,0,-0.2237,1.17647624046615,322.9391,"1"
"633",360,36000025,16,0,-1.7096,-0.250155303072074,540.9801,"1"
"634",360,36000029,16,1,-0.7516,0.669632716787689,344.762,"0"
"635",360,36000246,16,0,-1.4421,0.00667485904951951,321.4704,"0"
"636",360,36000296,16,0,-2.2423,-0.761607367977394,350.3397,"1"
"637",360,36000315,16,1,-0.9699,0.460040102241357,358.5341,"0"
"638",360,36000268,16,0,-1.5604,-0.106906479937339,349.3177,"0"
"639",360,36000089,16,0,-2.4859,-0.995490835240273,349.2301,"0"
"640",360,36000101,16,0,-2.4249,-0.936923957148994,366.8025,"1"
"641",360,36000380,16,0,-0.7743,0.647838157235689,357.9316,"1"
"642",360,36000071,16,1,-2.1355,-0.659067325679875,304.8766,"1"
"643",360,36000002,16,0,-0.4136,0.994150828178713,336.868,"0"
"644",360,36000101,16,1,-1.9328,-0.464452470120821,344.6555,"0"
"645",360,36000089,16,0,-2.1864,-0.707937064939648,364.1381,"0"
"646",360,36000363,16,1,-0.8357,0.588887234042172,422.2169,"1"
"647",360,36000146,16,1,-1.7996,-0.336565451075601,305.6797,"0"
"648",360,36000091,16,1,-2.4861,-0.995682857791392,366.841,"1"
"649",360,36000204,16,0,-2.2629,-0.781385690742646,342.2195,"1"
"650",360,36000046,16,0,-2.2377,-0.757190849301658,358.1404,"0"
"651",360,36000323,16,1,-1.3108,0.132737663859109,343.1911,"1"
"652",360,36000226,16,0,-1.2667,0.175078636380837,514.691,"1"
"653",360,36000119,16,0,-1.4313,0.0170440768099427,341.2249,"0"
"654",360,36000272,16,0,-1.7727,-0.310738417950102,351.8402,"0"
"655",360,36000266,16,1,-1.5243,-0.0722464094603684,381.8573,"1"
"656",360,36000272,16,0,0.1657,1.55034414749475,357.6374,"0"
"657",360,36000060,16,0,-3.0407,-1.52816139204424,316.1716,"0"
"658",360,36000384,16,1,-0.2459,1.15516173729195,409.1905,"1"
"659",360,36000390,16,0,-2.3095,-0.82612694515336,310.6841,"0"
"660",360,36000229,16,0,-1.6646,-0.206950229070311,296.9777,"0"
"661",360,36000080,16,1,-0.1995,1.19971096915155,435.7911,"1"
"662",360,36000251,16,0,-0.16,1.23763542299754,343.0682,"0"
"663",360,36000345,16,0,-1.0496,0.383519115620456,388.5555,"1"
"664",360,36000278,16,0,-1.7669,-0.305169763967653,403.3446,"1"
"665",360,36000219,16,0,-3.5181,-1.98651922156517,345.9159,"0"
"666",360,36000106,16,0,-1.4105,0.0370144221263132,301.1148,"1"
"667",360,36000367,16,1,-0.6851,0.73348021503474,410.0079,"0"
"668",360,36000051,16,0,-3.7314,-2.19131127233353,350.3642,"1"
"669",360,36000192,16,1,-2.7818,-1.27958819962076,318.7797,"0"
"670",360,36000089,16,0,-2.2991,-0.816141772495175,423.0247,"0"
"671",360,36000058,16,0,-0.6931,0.725799312989982,364.4332,"1"
"672",360,36000266,16,0,-1.5706,-0.116699630044405,325.9389,"0"
"673",360,36000158,16,1,-3.0768,-1.56282146252121,279.7945,"1"
"674",360,36000105,16,0,-1.4723,-0.0223205461694417,365.1888,"0"
"675",360,36000360,16,1,-1.5339,-0.081463491914078,323.6741,"0"
"676",360,36000351,16,0,0.8803,2.23644072264275,478.2118,"1"
"677",360,36000323,16,1,-1.3864,0.0601531395361466,376.1886,"0"
"678",360,36000214,16,0,-1.5477,-0.0947130479412855,326.3386,"0"
"679",360,36000152,16,1,-2.1467,-0.669820588542536,445.7085,"1"
"680",360,36000004,16,0,-1.2361,0.204458086702037,501.323,"0"
"681",360,36000301,16,1,-4.9591,-3.37004170237719,307.7617,"1"
"682",360,36000351,16,1,-1.2424,0.19840937634179,481.192,"1"
"683",360,36000275,16,1,0.4146,1.78931621236228,509.9997,"0"
"684",360,36000113,16,1,-1.8139,-0.350295063480606,353.2095,"0"
"685",360,36000335,16,0,-1.7716,-0.309682293918948,367.8526,"1"
"686",360,36000284,16,1,-0.7061,0.71331784716725,529.5678,"0"
"687",360,36000290,16,1,-0.9843,0.446214478560793,386.6417,"1"
"688",360,36000337,16,0,0.1592,1.54410341458338,401.9542,"0"
"689",360,36000179,16,0,-1.3041,0.139170419321594,368.1128,"1"
"690",360,36000109,16,1,-2.2436,-0.762855514559667,324.3855,"0"
"691",360,36000033,16,1,0.1376,1.52336497906253,360.4641,"0"
"692",360,36000225,16,0,-0.4564,0.953058002239258,432.869,"1"
"693",360,36000010,16,1,-1.5906,-0.1359018851563,375.788,"1"
"694",360,36000182,16,1,-0.6546,0.762763654080379,328.6936,"0"
"695",360,36000129,16,1,-1.6047,-0.149439475010186,415.8635,"0"
"696",360,36000049,16,0,-0.3723,1.03380348498478,494.9913,"1"
"697",360,36000218,16,0,-2.2585,-0.777161194618029,405.5254,"1"
"698",360,36000388,16,0,-1.2874,0.155204302340026,393.6291,"1"
"699",360,36000004,16,1,-3.2413,-1.72076001081654,371.3469,"0"
"700",360,36000347,16,0,-1.7533,-0.292112230491565,406.0053,"1"
"701",360,36000357,16,0,-2.996,-1.48524435186915,310.4901,"0"
"702",360,36000057,16,0,-1.5257,-0.0735905673182011,373.4448,"1"
"703",360,36000114,16,0,-0.9961,0.434885148044775,319.9102,"1"
"704",360,36000393,16,0,0.1307,1.51674020104893,507.6579,"1"
"705",360,36000367,16,1,-0.8778,0.548466487031633,360.5947,"1"
"706",360,36000051,16,0,-2.3014,-0.818350031833043,317.1464,"0"
"707",360,36000391,16,1,0.674,2.03836946116356,451.5672,"1"
"708",360,36000338,16,1,-1.0953,0.339641962689776,483.5795,"0"
"709",360,36000145,16,0,-1.6857,-0.22720860821336,407.2661,"1"
"710",360,36000039,16,0,-2.9713,-1.46152956680596,440.0546,"1"
"711",360,36000276,16,0,-2.1808,-0.702560433508317,362.7281,"0"
"712",360,36000339,16,1,0.114,1.5007063180305,398.8502,"0"
"713",360,36000173,16,0,0.3556,1.73266955978219,354.0224,"1"
"714",360,36000176,16,1,-0.6889,0.72983178656348,352.0501,"0"
"715",360,36000085,16,1,-2.6689,-1.17119146951411,398.1993,"0"
"716",360,36000069,16,0,-0.9448,0.484138932406785,435.0149,"0"
"717",360,36000004,16,1,-1.8464,-0.381498728037435,389.2669,"0"
"718",360,36000220,16,1,-0.735,0.685570588530562,345.2333,"0"
"719",360,36000294,16,0,-3.0068,-1.49561356962957,420.6842,"0"
"720",360,36000392,16,1,-2.4641,-0.974560377168308,254.3753,"0"
"721",360,36000146,16,0,-3.6917,-2.15319479593641,307.0066,"0"
"722",360,36000197,16,1,-1.6943,-0.235465577911475,316.4431,"0"
"723",360,36000247,16,1,-1.5339,-0.081463491914078,396.8738,"0"
"724",360,36000392,16,1,-1.8508,-0.385723224162052,481.0842,"1"
"725",360,36000393,16,0,0.1658,1.55044015877031,456.4254,"1"
"726",360,36000085,16,1,-3.1593,-1.64203076485777,349.2135,"1"
"727",360,36000140,16,1,-0.4852,0.925406754878129,375.5817,"1"
"728",360,36000026,16,1,-1.9192,-0.451394936644732,360.4632,"0"
"729",360,36000209,16,0,0.0786,1.46671832648245,371.6208,"0"
"730",360,36000095,16,1,-2.847,-1.34218755128553,287.2968,"0"
"731",360,36000134,16,0,-2.9069,-1.39969830534566,364.5828,"1"
"732",360,36000089,16,1,-2.4939,-1.00317173728503,365.4005,"1"
"733",360,36000338,16,0,-1.8213,-0.357399897872007,468.4163,"1"
"734",360,36000301,16,1,0.6244,1.99074786848606,297.188,"0"
"735",360,36000205,16,1,-0.6414,0.77543714245423,366.8097,"1"
"736",360,36000173,16,1,-0.9316,0.496812420780636,391.0286,"0"
"737",360,36000070,16,1,-1.737,-0.27646239257537,373.8587,"0"
"738",360,36000408,16,1,-2.0976,-0.622679052242834,421.6712,"1"
"739",360,36000185,16,1,-1.1539,0.283379355211924,322.7977,"1"
"740",360,36000221,16,1,-2.1482,-0.671260757675929,549.6845,"1"
"741",360,36000258,16,1,-1.2107,0.228844950694143,314.5546,"1"
"742",360,36000237,16,0,-0.5097,0.901883992366058,393.7521,"1"
"743",360,36000221,16,0,-1.1094,0.32610437283589,310.7984,"0"
"744",360,36000177,16,0,-1.3921,0.0546804968292567,367.9643,"0"
"745",360,36000307,16,0,-2.5926,-1.09793486626223,373.6225,"0"
"746",360,36000040,16,0,-1.8946,-0.427776162857102,352.3505,"1"
"747",360,36000135,16,1,-1.9863,-0.51581850254514,391.0931,"1"
"748",360,36000035,16,1,-0.4136,0.994150828178713,322.2886,"0"
"749",360,36000057,16,1,-1.8221,-0.358167988076483,396.7062,"0"
"750",360,36000413,16,0,-1.3552,0.0901086575107026,380.4513,"1"
"751",360,36000253,16,1,0.5533,1.92248385156327,412.4192,"1"
"752",360,36000315,16,0,-0.4867,0.923966585744737,427.6465,"0"
"753",360,36000171,16,0,-0.8769,0.549330588511668,419.6125,"0"
"754",360,36000265,16,1,-0.5514,0.861847290457757,316.4468,"0"
"755",360,36000379,16,1,-2.9194,-1.41169971479059,312.8118,"0"
"756",360,36000283,16,1,-2.7077,-1.20844384443119,329.8311,"0"
"757",360,36000265,16,0,-2.677,-1.17896838283443,372.0261,"0"
"758",360,36000104,16,1,-0.9594,0.470121286175102,320.1424,"1"
"759",360,36000375,16,1,-2.9947,-1.48399620528688,433.0731,"0"
"760",360,36000246,16,0,-1.7585,-0.297104816820657,460.2879,"1"
"761",360,36000253,16,0,0.471,1.84346657177782,510.2259,"1"
"762",360,36000330,16,1,-2.2035,-0.724354993060318,510.742,"1"
"763",360,36000001,16,0,-1.161,0.276562554647202,404.9187,"0"
"764",360,36000382,16,1,-0.8292,0.595127966953537,354.4736,"0"
"765",360,36000292,16,1,0.8678,2.22443931319782,492.2935,"1"
"766",360,36000221,16,1,-2.5578,-1.06452294236754,346.8395,"0"
"767",360,36000252,16,1,-1.6389,-0.182275331251526,382.6832,"1"
"768",360,36000110,16,1,-0.9035,0.523791589212848,446.69,"0"
"769",360,36000098,16,1,-1.27,0.171910264287375,365.7725,"0"
"770",360,36000342,16,1,-1.0697,0.364220849233002,425.4062,"0"
"771",360,36000354,16,1,-0.912,0.515630630790293,384.716,"0"
"772",360,36000059,16,1,-2.863,-1.35754935537505,410.8487,"0"
"773",360,36000374,16,0,-0.4477,0.961410983212932,339.2271,"0"
"774",360,36000065,16,0,-0.1189,1.27709605725248,348.8493,"0"
"775",360,36000196,16,0,-2.0686,-0.594835782330587,368.4097,"1"
"776",360,36000358,16,0,-2.1645,-0.686910595592123,347.7748,"1"
"777",360,36000378,16,0,-2.1626,-0.685086381356493,311.1783,"0"
"778",360,36000239,16,0,-0.8502,0.574965599086048,377.2739,"1"
"779",360,36000390,16,1,-2.1829,-0.704576670295066,273.1195,"0"
"780",360,36000171,16,0,-3.6527,-2.11575039846822,365.8727,"0"
"781",360,36000021,16,1,-1.8491,-0.384091032477541,345.9267,"1"
"782",360,36000330,16,1,-0.7556,0.66579226576531,535.9993,"1"
"783",360,36000394,16,1,0.2984,1.67775111016217,394.583,"1"
"784",360,36000267,16,1,0.0526,1.44175539483698,438.5045,"1"
"785",360,36000021,16,0,-1.7718,-0.309874316470067,306.4668,"1"
"786",360,36000223,16,0,0.2708,1.65125199810775,458.7075,"1"
"787",360,36000260,16,0,0.0147,1.40536712139994,458.9188,"0"
"788",360,36000099,16,0,-0.1869,1.21180838987204,464.6128,"1"
"789",360,36000233,16,1,-1.8556,-0.390331765388907,450.1316,"0"
"790",360,36000099,16,1,-1.1945,0.244398777334778,447.0143,"0"
"791",360,36000412,16,0,-0.881,0.54539412621373,335.1946,"0"
"792",360,36000322,16,1,-1.2656,0.176134760411992,312.2034,"0"
"793",360,36000317,16,1,-0.2179,1.1820448944486,269.368,"0"
"794",360,36000344,16,0,-1.0452,0.387743611745073,305.9697,"0"
"795",360,36000093,16,1,-2.6051,-1.10993627570717,364.1063,"0"
"796",360,36000148,16,0,-0.8313,0.593111730166788,420.1629,"0"
"797",360,36000042,16,0,-0.5667,0.847157565297157,399.1432,"0"
"798",360,36000073,16,1,-0.1368,1.25991003892734,391.2802,"0"
"799",360,36000192,16,1,-1.5339,-0.081463491914078,349.5181,"0"
"800",360,36000131,16,1,-1.7526,-0.291440151562648,355.5173,"1"
"801",360,36000071,16,1,-1.335,0.109502935173716,305.0546,"1"
"802",360,36000407,16,0,-0.6435,0.773420905667481,356.4305,"0"
"803",360,36000213,16,0,-1.4102,0.0373024559529919,414.8104,"0"
"804",360,36000381,16,0,-0.026,1.36629053224723,532.5168,"1"
"805",360,36000098,16,0,-2.5187,-1.02698253362378,414.338,"1"
"806",360,36000318,16,1,-1.4065,0.0408548731486922,339.1866,"0"
"807",360,36000285,16,0,-2.3715,-0.885653936000235,371.794,"0"
"808",360,36000412,16,1,-1.275,0.167109700509401,353.902,"0"
"809",360,36000122,16,1,-0.307,1.09649884792511,533.7182,"0"
"810",360,36000100,16,0,-1.8225,-0.358552033178721,374.3976,"1"
"811",360,36000245,16,0,0.1369,1.52269290013362,435.8253,"0"
"812",360,36000400,16,0,-1.0401,0.392640186798606,357.0045,"0"
"813",360,36000375,16,0,-3.6807,-2.14263355562487,329.3533,"0"
"814",360,36000352,16,0,-3.4782,-1.94821072261694,326.9703,"0"
"815",360,36000135,16,0,-1.9002,-0.433152794288432,331.9057,"0"
"816",360,36000215,16,0,-2.8922,-1.38558464783842,324.2652,"0"
"817",360,36000233,16,1,0.6399,2.00562961619777,392.6445,"0"
"818",360,36000102,16,0,-1.0191,0.412802554666096,459.4982,"1"
"819",360,36000134,16,0,-2.4646,-0.975040433546105,374.6778,"0"
"820",360,36000195,16,0,-0.8534,0.571893238268145,374.8616,"0"
"821",360,36000001,16,0,-0.4606,0.94902552866576,398.0303,"0"
"822",360,36000069,16,1,0.5038,1.87495827016133,443.3256,"1"
"823",360,36000299,16,0,-1.789,-0.326388255866297,374.4468,"1"
"824",360,36000051,16,1,-1.623,-0.16700953843757,374.8185,"1"
"825",360,36000132,16,1,-1.2698,0.172102286838494,288.7444,"1"
"826",360,36000135,16,1,-0.0055,1.38597284373693,391.8715,"1"
"827",360,36000082,16,1,-1.8575,-0.392155979624537,399.0109,"0"
"828",360,36000040,16,0,-1.612,-0.156448298126027,317.8359,"0"
"829",360,36000337,16,0,-0.4982,0.912925289055397,341.3488,"0"
"830",360,36000030,16,0,-1.8095,-0.346070567355989,394.9587,"0"
"831",360,36000253,16,1,-0.2566,1.14488853080709,443.9606,"1"
"832",360,36000220,16,0,-2.302,-0.8189260994864,343.5575,"0"
"833",360,36000227,16,1,0.3711,1.74755130749391,419.763,"1"
"834",360,36000127,16,1,-0.7197,0.700260313691162,292.9999,"0"
"835",360,36000135,16,1,-2.0531,-0.579954034618869,391.4967,"1"
"836",360,36000011,16,0,-1.1768,0.261392773108805,422.4138,"0"
"837",360,36000272,16,1,-0.848,0.577077847148356,383.0217,"1"
"838",360,36000183,16,0,-1.9822,-0.511882040247201,336.3044,"1"
"839",360,36000123,16,1,-0.9871,0.443526162845127,404.3437,"0"
"840",360,36000294,16,0,-2.8211,-1.31732063091563,326.9714,"0"
"841",360,36000276,16,0,-1.76,-0.298544985954049,375.6732,"1"
"842",360,36000099,16,0,-1.122,0.314006952115397,414.2771,"0"
"843",360,36000086,16,1,-0.7658,0.655999115658244,478.433,"1"
"844",360,36000337,16,1,-2.0038,-0.532620475768048,378.3543,"1"
"845",360,36000286,16,0,-2.2771,-0.795019291872091,386.4024,"0"
"846",360,36000122,16,0,-1.5236,-0.0715743305314522,504.0998,"1"
"847",360,36000296,16,1,-1.6268,-0.17065796690883,302.6274,"0"
"848",360,36000386,16,0,-0.8244,0.599736508180392,399.2906,"0"
"849",360,36000091,16,1,-1.7424,-0.281647001455582,397.3582,"1"
"850",360,36000087,16,0,-2.8207,-1.31693658581339,344.5408,"0"
"851",360,36000368,16,1,-2.9165,-1.40891538779937,314.4753,"0"
"852",360,36000321,16,1,-0.7905,0.632284330595054,408.0287,"0"
"853",360,36000260,16,0,-0.0647,1.32913416860572,368.4496,"0"
"854",360,36000211,16,1,-1.7263,-0.266189186090506,342.4248,"0"
"855",360,36000067,16,0,-0.8529,0.572373294645942,465.469,"1"
"856",360,36000121,16,1,-0.2314,1.16908337224807,416.1638,"1"
"857",360,36000076,16,1,-1.1234,0.312662794257564,304.0308,"0"
"858",360,36000200,16,1,-1.5656,-0.111899066266431,507.6119,"0"
"859",360,36000339,16,0,-0.4912,0.91964607834456,433.6087,"0"
"860",360,36000391,16,0,0.6007,1.96799319617846,408.5651,"1"
"861",360,36000263,16,1,-1.2435,0.197353252310635,462.125,"0"
"862",360,36000123,16,0,-2.7761,-1.27411555691387,380.8536,"0"
"863",360,36000118,16,1,-2.4325,-0.944220814091514,312.5052,"0"
"864",360,36000283,16,0,-1.9408,-0.472133372165579,286.7311,"0"
"865",360,36000008,16,1,-0.9832,0.447270602591947,380.1053,"0"
"866",360,36000130,16,1,-3.2124,-1.69301275217985,374.961,"0"
"867",360,36000106,16,1,-2.0193,-0.547502223479766,316.2547,"0"
"868",360,36000007,16,1,-2.7375,-1.23705520454791,323.1103,"0"
"869",360,36000137,16,0,-1.8037,-0.34050191337354,353.3047,"0"
"870",360,36000153,16,1,-1.5339,-0.081463491914078,344.7646,"0"
"871",360,36000378,16,0,-1.4052,0.0421030197309655,344.9419,"0"
"872",360,36000375,16,1,-2.5491,-1.05616996139386,360.8626,"0"
"873",360,36000391,16,0,-0.0167,1.37521958087427,484.0335,"1"
"874",360,36000392,16,0,-2.8742,-1.36830261823771,351.7625,"0"
"875",360,36000079,16,0,-1.552,-0.0988415327903428,288.8647,"0"
"876",360,36000226,16,0,0.3401,1.71778781207047,360.7641,"1"
"877",360,36000034,16,1,-1.9954,-0.524555528621052,343.5419,"1"
"878",360,36000104,16,1,-3.5201,-1.98843944707636,344.0878,"0"
"879",360,36000280,16,0,0.7601,2.12103516942026,411.7394,"0"
"880",360,36000071,16,1,-1.5412,-0.0884723150299195,312.7353,"1"
"881",360,36000031,16,1,-2.5554,-1.06221867175411,377.5941,"0"
"882",360,36000328,16,0,-2.4175,-0.929819122757593,285.7198,"1"
"883",360,36000404,16,0,-3.0629,-1.54947589521844,319.0548,"0"
"884",360,36000095,16,1,-2.221,-0.741156966283226,356.9003,"0"
"885",360,36000051,16,0,-3.0568,-1.54361920740931,311.3178,"0"
"886",360,36000186,16,0,-2.8118,-1.3083915822886,352.6222,"0"
"887",360,36000089,16,1,-2.4692,-0.979456952221841,342.2198,"0"
"888",360,36000009,16,1,-2.9674,-1.45778512705914,348.7213,"0"
"889",360,36000272,16,0,-2.1915,-0.712833639993181,415.1073,"0"
"890",360,36000109,16,0,-0.356,1.04945332290097,405.516,"1"
"891",360,36000341,16,0,-0.0881,1.3066675301248,357.3456,"0"
"892",360,36000002,16,0,-2.2021,-0.723010835202485,294.8973,"0"
"893",360,36000179,16,1,-2.2186,-0.738852695669798,355.8202,"0"
"894",360,36000170,16,1,-1.7485,-0.28750368926471,381.1514,"0"
"895",360,36000338,16,1,-1.3512,0.0939491085330816,483.918,"0"
"896",360,36000066,16,1,0.6571,2.022143555594,375.7921,"0"
"897",360,36000279,16,0,-0.1149,1.28093650827486,438.7607,"0"
"898",360,36000042,16,0,0.8681,2.22472734702449,541.7776,"1"
"899",360,36000012,16,1,-1.11,0.325528305182533,422.641,"0"
"900",360,36000060,16,1,-0.1864,1.21228844624984,245.9876,"0"
"901",360,36000385,16,1,-1.5339,-0.081463491914078,439.5624,"0"
"902",360,36000251,16,0,0.49,1.86170871413412,292.8342,"0"
"903",360,36000214,16,1,-2.0362,-0.563728129049317,313.4965,"0"
"904",360,36000020,16,1,-0.3033,1.10005126512081,437.8767,"0"
"905",360,36000385,16,1,-1.5339,-0.081463491914078,566.7562,"0"
"906",360,36000237,16,1,-0.8741,0.552018904227333,388.3271,"1"
"907",360,36000101,16,1,-2.037,-0.564496219253793,370.6688,"1"
"908",360,36000198,16,1,-1.5922,-0.137438065565252,384.1972,"0"
"909",360,36000244,16,1,-1.3801,0.0662018498963934,339.2345,"0"
"910",360,36000204,16,0,-2.6192,-1.12347386556105,356.2841,"1"
"911",360,36000182,16,0,-1.3733,0.0727306166344378,346.3281,"0"
"912",360,36000040,16,1,-3.4072,-1.88004271696971,314.9705,"0"
"913",360,36000303,16,1,-1.4193,0.0285654298770796,328.3025,"0"
"914",360,36000279,16,1,-1.515,-0.0633173608333372,499.3126,"1"
"915",360,36000294,5,0,-3.2434,-1.72277624760329,426.4123,"0"
"916",360,36000284,16,0,-1.4983,-0.0472834778149051,404.9074,"0"
"917",360,36000205,16,0,-0.2447,1.15631387259866,416.088,"0"
"918",360,36000084,16,1,-3.2397,-1.71922383040759,294.895,"0"
"919",360,36000148,16,1,-2.3396,-0.855026339096762,353.9469,"0"
"920",360,36000153,16,0,-3.0863,-1.57194253369936,318.2275,"0"
"921",360,36000224,16,1,0.8837,2.23970510601177,574.6352,"0"
"922",360,36000313,16,0,-1.4192,0.028661441152639,408.477,"0"
"923",360,36000263,16,0,-1.3789,0.0673539852031072,473.8948,"1"
"924",360,36000174,16,1,-0.3076,1.09592278027176,546.0636,"1"
"925",360,36000019,16,1,-0.3255,1.07873676194661,435.9316,"1"
"926",360,36000144,16,1,-0.082,1.31252421793393,277.9132,"0"
"927",360,36000191,16,1,-1.5155,-0.0637974172111347,333.3267,"0"
"928",360,36000190,16,0,0.0426,1.43215426728103,417.4245,"1"
"929",360,36000057,16,0,-1.5807,-0.126396768875912,371.8423,"1"
"930",360,36000150,16,1,-1.3378,0.106814619458051,356.3626,"0"
"931",360,36000171,16,1,-1.6782,-0.220007762546399,454.6657,"0"
"932",360,36000322,16,0,-1.9341,-0.465700616703094,287.8714,"0"
"933",360,36000359,16,0,-1.7324,-0.272045873899634,405.2944,"0"
"934",360,36000231,16,1,-0.665,0.752778481422194,393.561,"0"
"935",360,36000261,16,1,-3.1445,-1.62782109607497,260.2398,"0"
"936",360,36000012,16,0,-1.04,0.392736198074166,481.0233,"1"
"937",360,36000367,16,1,-0.4135,0.994246839454272,335.4812,"0"
"938",360,36000274,16,1,-2.6234,-1.12750633913455,367.0709,"0"
"939",360,36000087,16,1,-0.6813,0.737128643506,316.3469,"0"
"940",360,36000237,16,1,-1.9723,-0.502376923966813,350.6956,"0"
"941",360,36000193,16,1,0.1007,1.48793681838109,329.1853,"0"
"942",360,36000383,16,0,-2.1337,-0.657339122719805,398.4544,"0"
"943",360,36000235,16,0,-1.9763,-0.506217374989192,363.9945,"0"
"944",360,36000078,16,1,-1.6605,-0.203013766772372,346.6243,"0"
"945",360,36000305,16,1,-2.2879,-0.805388509632514,372.7182,"1"
"946",360,36000367,16,0,-2.0633,-0.589747184725935,279.0941,"1"
"947",360,36000128,16,0,-0.7228,0.697283964148818,294.829,"0"
"948",360,36000194,16,0,-1.3784,0.0678340415809045,420.5228,"0"
"949",360,36000042,16,0,0.9479,2.30134434492095,500.6518,"0"
"950",360,36000091,16,0,-2.6464,-1.14958893251323,361.3111,"1"
"951",360,36000005,16,1,-3.1131,-1.5976735555493,297.5284,"0"
"952",360,36000338,16,1,-1.9137,-0.446114316488961,390.7156,"1"
"953",360,36000101,16,1,-2.3909,-0.904280123458772,351.2799,"1"
"954",360,36000312,16,1,-2.8943,-1.38760088462517,316.2094,"0"
"955",360,36000288,16,0,-0.5888,0.825939073398514,472.0163,"1"
"956",360,36000091,16,0,-1.3367,0.107870743489205,397.4824,"1"
"957",360,36000218,16,1,-1.6254,-0.169313809050997,378.0743,"0"
"958",360,36000329,16,0,-2.827,-1.32298529617364,347.7668,"0"
"959",360,36000158,16,1,-3.3206,-1.79689695233521,282.8807,"1"
"960",360,36000391,16,1,0.2333,1.61524776977295,440.3902,"1"
"961",360,36000151,16,0,-1.2414,0.199369489097384,333.0875,"0"
"962",360,36000078,16,0,-1.0324,0.400033055016686,461.7714,"0"
"963",360,36000042,16,0,-0.2999,1.10331564848983,522.0325,"1"
"964",360,36000129,16,0,-2.1979,-0.718978361628987,371.1441,"0"
"965",360,36000351,16,0,-1.0683,0.365565007090834,499.5194,"0"
"966",360,36000190,16,0,-0.3792,1.02717870697117,398.1553,"0"
"967",360,36000025,16,1,-1.6397,-0.183043421456002,459.0689,"1"
"968",360,36000028,16,0,-1.7849,-0.322451793568358,392.9895,"1"
"969",360,36000052,16,1,-1.5205,-0.0685979809891084,351.4369,"0"
"970",360,36000313,16,0,-2.6742,-1.17628006711876,484.2279,"1"
"971",360,36000030,16,1,-1.9736,-0.503625070549086,371.2343,"0"
"972",360,36000140,16,1,-1.5249,-0.0728224771137252,342.404,"0"
"973",360,36000281,16,0,-0.1823,1.21622490854778,362.1044,"0"
"974",360,36000147,16,0,-1.2564,0.184967797763463,369.9363,"0"
"975",360,36000367,16,1,-2.3926,-0.905912315143284,349.7487,"0"
"976",360,36000030,16,1,-0.1867,1.21200041242316,516.4419,"1"
"977",360,36000242,16,1,-2.2707,-0.788874570236285,334.6369,"1"
"978",360,36000290,16,0,-0.4347,0.973892449035663,473.6759,"1"
"979",360,36000099,16,1,-0.5571,0.856374647750867,310.7789,"0"
"980",360,36000406,16,0,-1.9569,-0.487591187530654,430.738,"1"
"981",360,36000270,12,0,-2.6083,-1.11300863652507,286.5804,"1"
"982",360,36000158,16,0,-1.9721,-0.502184901415694,271.8629,"0"
"983",360,36000200,16,1,-1.9386,-0.470021124103271,353.058,"0"
"984",360,36000142,16,1,-0.6654,0.752394436319956,388.846,"0"
"985",360,36000199,16,0,-1.295,0.147907445397506,312.478,"0"
"986",360,36000345,16,0,-1.5518,-0.0986495102392239,456.4962,"0"
"987",360,36000026,16,1,-2.0367,-0.564208185427115,393.4951,"1"
"988",360,36000266,16,1,-2.0407,-0.568048636449494,421.0609,"0"
"989",360,36000257,16,1,-1.1067,0.328696677275996,367.7746,"0"
"990",360,36000381,16,1,-1.4872,-0.0366262262278035,483.8764,"0"
"991",360,36000205,16,1,-0.0592,1.33441478876149,536.4026,"1"
"992",360,36000196,16,0,-1.6481,-0.191108368602997,304.1148,"1"
"993",360,36000108,16,1,-1.8798,-0.413566494074299,297.2292,"0"
"994",360,36000408,16,1,-2.7444,-1.24367998256151,312.8511,"0"
"995",360,36000056,16,1,-1.5724,-0.118427833004476,498.8374,"1"
"996",360,36000170,16,0,-1.6764,-0.218279559586329,335.2736,"0"
"997",360,36000144,16,1,-1.5237,-0.0716703418070116,345.9701,"0"
"998",360,36000371,16,0,-1.7927,-0.329940673061997,454.9298,"0"
"999",360,36000283,16,1,-1.1881,0.250543498970584,295.3408,"0"
"1000",360,36000208,16,1,-3.1206,-1.60487440121626,397.7471,"1"
"1001",360,36000330,16,0,-1.2465,0.194472914043851,405.5396,"0"
"1002",360,36000035,16,0,-2.791,-1.28842123697223,326.2235,"1"
"1003",360,36000148,16,0,-2.489,-0.998467184782617,377.664,"0"
"1004",360,36000011,16,1,-1.6058,-0.15049559904134,353.3436,"0"
"1005",360,36000294,16,1,-2.9478,-1.43896691704948,386.6039,"0"
"1006",360,36000269,16,1,-2.9012,-1.39422566263877,376.5862,"0"
"1007",360,36000083,16,1,-1.2635,0.17815099719874,432.0194,"1"
"1008",360,36000169,16,0,-2.1914,-0.712737628717621,302.4424,"0"
"1009",360,36000277,16,1,-2.0455,-0.572657177676348,344.4404,"1"
"1010",360,36000358,16,0,-1.2922,0.150595761113171,343.4587,"1"
"1011",360,36000340,16,0,-0.1146,1.28122454210154,469.277,"0"
"1012",360,36000184,16,1,-2.7534,-1.25232099736187,356.642,"0"
"1013",360,36000257,16,1,-2.3488,-0.863859376448234,414.4974,"0"
"1014",360,36000292,16,1,0.8193,2.17787384455147,448.233,"1"
"1015",360,36000022,16,0,-1.2576,0.183815662456749,373.2155,"0"
"1016",360,36000185,16,1,-0.6652,0.752586458871075,408.9666,"0"
"1017",360,36000164,16,0,0.0284,1.41852066615159,362.0314,"0"
"1018",360,36000356,16,0,-2.5699,-1.07614030671023,352.2844,"0"
"1019",360,36000081,16,0,-1.2841,0.158372674433489,364.9474,"0"
"1020",360,36000252,16,1,-2.0516,-0.578513865485476,318.3584,"1"
"1021",360,36000099,16,1,-0.7376,0.683074295366016,351.2327,"0"
"1022",360,36000255,16,1,-0.9375,0.491147755522627,443.2916,"1"
"1023",360,36000317,16,1,-1.6986,-0.239594062760532,392.9725,"1"
"1024",360,36000406,16,0,-2.6558,-1.15861399241582,402.2156,"0"
"1025",360,36000380,16,0,-1.2117,0.227884837938548,321.9097,"0"
"1026",360,36000148,16,1,-1.3732,0.0728266279099973,490.0017,"1"
"1027",360,36000090,16,1,-0.3571,1.04839719886982,473.659,"1"
"1028",360,36000181,16,1,1.2403,2.58208131465686,644.7597,"1"
"1029",360,36000300,16,0,-0.6591,0.758443146680203,413.0535,"1"
"1030",360,36000147,16,1,-2.2504,-0.769384281297711,351.3028,"0"
"1031",360,36000400,16,1,-1.8037,-0.34050191337354,309.3476,"0"
"1032",360,36000075,16,0,-1.0598,0.37372596551339,501.0962,"1"
"1033",360,36000182,16,1,-1.4039,0.0433511663132387,337.2266,"0"
"1034",360,36000163,16,1,-0.4221,0.985989869756157,352.9805,"1"
"1035",360,36000051,16,0,-3.1201,-1.60439434483846,316.769,"0"
"1036",360,36000168,16,1,-3.9185,-2.3709483689053,323.0304,"1"
"1037",360,36000137,16,0,-2.4794,-0.989250102328907,376.2949,"1"
"1038",360,36000280,16,0,-0.2107,1.18895770628889,536.2632,"1"
"1039",360,36000151,16,1,-1.6848,-0.226344506733325,369.464,"0"
"1040",360,36000113,16,0,-2.6051,-1.10993627570717,335.1673,"0"
"1041",360,36000128,16,0,-1.3184,0.125440806916589,449.8662,"0"
"1042",360,36000244,16,0,-0.5166,0.895259214352454,304.2547,"0"
"1043",360,36000041,16,0,-0.7465,0.674529291841223,367.4863,"0"
"1044",360,36000054,16,1,-2.5865,-1.0920781784531,341.2658,"0"
"1045",360,36000393,16,0,0.4541,1.82724066620827,530.8807,"1"
"1046",360,36000296,16,1,-1.0598,0.37372596551339,368.3746,"1"
"1047",360,36000320,16,0,0.007,1.39797425318186,377.3695,"0"
"1048",360,36000114,16,1,-0.4005,1.006728305277,309.3882,"0"
"1049",360,36000094,16,1,-1.3609,0.0846360148038126,354.5501,"0"
"1050",360,36000164,16,0,-0.8104,0.613178086758719,401.4877,"0"
"1051",360,36000132,16,1,-1.3993,0.0477676849889745,386.9246,"0"
"1052",360,36000169,16,0,-2.6542,-1.15707781200687,283.5228,"0"
"1053",360,36000392,16,1,-1.951,-0.481926522272645,400.615,"1"
"1054",360,36000210,16,1,-3.035,-1.52268874933735,303.5085,"0"
"1055",360,36000086,16,0,-1.1742,0.263889066273351,366.0329,"0"
"1056",360,36000266,16,1,-1.2765,0.165669531376009,336.0326,"0"
"1057",360,36000195,16,0,-0.7621,0.659551532853945,408.4445,"1"
"1058",360,36000370,16,0,-1.9127,-0.445154203733367,412.2408,"0"
"1059",360,36000082,16,0,-0.7488,0.672321032503355,482.6246,"1"
"1060",360,36000078,16,0,-2.3125,-0.829007283420145,347.3443,"0"
"1061",360,36000077,16,0,-1.7663,-0.304593696314296,282.0492,"1"
"1062",360,36000103,16,1,-2.4957,-1.0048999402451,389.6082,"1"
"1063",360,36000293,16,1,0.2775,1.65768475357024,456.4266,"0"
"1064",360,36000410,16,1,-1.356,0.0893405673062267,349.3531,"1"
"1065",360,36000114,16,0,-3.2517,-1.73074518347473,351.0391,"1"
"1066",360,36000282,16,0,-2.3368,-0.852338023381097,309.7594,"0"
"1067",360,36000254,16,1,-3.2733,-1.75148361899557,278.5865,"0"
"1068",360,36000341,16,1,-0.2023,1.19702265343588,462.1068,"1"
"1069",360,36000035,16,0,-2.1814,-0.703136501161674,358.6697,"0"
"1070",360,36000121,16,0,-1.7153,-0.255627945778964,419.7953,"0"
"1071",360,36000179,16,0,-0.3219,1.08219316786675,348.3853,"0"
"1072",360,36000006,16,0,-2.0412,-0.568528692827291,344.3852,"0"
"1073",360,36000176,16,1,-1.5838,-0.129373118418256,342.7096,"1"
"1074",360,36000159,16,0,0.1035,1.49062513409675,451.2381,"0"
"1075",360,36000281,16,0,-1.0273,0.404929630070219,433.7453,"1"
"1076",360,36000119,16,1,-3.1098,-1.59450518345583,319.6284,"0"
"1077",360,36000274,16,0,-0.9747,0.455431561014502,298.703,"0"
"1078",360,36000307,16,0,-1.9577,-0.48835927773513,428.4105,"0"
"1079",360,36000073,16,0,-1.6707,-0.212806916879439,380.2829,"0"
"1080",360,36000235,16,0,-1.1713,0.266673393264576,283.755,"1"
"1081",360,36000073,16,1,-1.5632,-0.109594795653004,323.5537,"0"
"1082",360,36000134,16,1,-0.6918,0.727047459572255,395.9928,"1"
"1083",360,36000135,16,1,-2.1779,-0.699776106517093,344.5171,"0"
"1084",360,36000153,16,0,-1.0945,0.340410052894252,297.8873,"0"
"1085",360,36000225,16,0,1.0641,2.41290944712106,404.294,"0"
"1086",360,36000398,16,1,-1.693,-0.234217431329202,395.7025,"1"
"1087",360,36000249,16,1,-1.7379,-0.277326494055405,347.429,"1"
"1088",360,36000272,16,0,-2.3718,-0.885941969826913,319.1228,"0"
"1089",360,36000059,16,1,-0.2736,1.12856661396198,307.6478,"0"
"1090",360,36000203,16,1,-1.5843,-0.129853174796053,446.3561,"0"
"1091",360,36000278,16,1,-1.3395,0.10518242777354,284.0104,"1"
"1092",360,36000373,16,0,-3.0315,-1.51932835469276,413.0579,"0"
"1093",360,36000230,16,1,0.2384,1.62014434482648,485.3888,"1"
"1094",360,36000378,16,0,-0.1186,1.27738409107916,331.406,"1"
"1095",360,36000087,16,0,-1.4576,-0.00820688866219907,359.9775,"1"
"1096",360,36000111,16,0,1.7074,3.03054998279516,365.2923,"0"
"1097",360,36000191,16,1,-1.1786,0.259664570148734,351.0735,"0"
"1098",360,36000059,16,0,-1.7512,-0.290095993704816,451.0311,"0"
"1099",360,36000387,16,1,0.3764,1.75263990509856,391.5442,"0"
"1100",360,36000210,16,1,-3.0189,-1.50723093397227,337.0088,"1"
"1101",360,36000413,16,0,-0.9565,0.472905613166327,370.3125,"0"
"1102",360,36000165,16,0,-1.3449,0.0999978188933285,340.4262,"0"
"1103",360,36000274,16,0,-1.3245,0.119584119107461,268.9488,"1"
"1104",360,36000280,16,1,-0.2378,1.16293865061227,463.0105,"1"
"1105",360,36000339,16,0,-0.0183,1.37368340046531,367.3614,"1"
"1106",360,36000255,16,0,-1.6591,-0.20166960891454,325.5799,"1"
"1107",360,36000321,16,0,-2.1895,-0.710913414481991,334.9432,"1"
"1108",360,36000058,16,0,0.2489,1.63022552876023,461.887,"0"
"1109",360,36000056,16,1,-1.743,-0.282223069108939,491.21,"0"
"1110",360,36000224,16,0,-0.2003,1.19894287894707,538.6181,"1"
"1111",360,36000386,16,1,-0.5777,0.836596324985615,324.5966,"0"
"1112",360,36000193,16,1,-2.3329,-0.848593583634278,441.2654,"1"
"1113",360,36000263,16,1,-2.071,-0.597140052944015,363.6562,"0"
"1114",360,36000259,16,1,-1.6137,-0.158080489810538,355.9785,"1"
"1115",360,36000147,16,1,-1.5049,-0.0536202220018303,356.3024,"0"
"1116",360,36000391,16,1,-0.646,0.771020623778494,443.5774,"0"
"1117",360,36000305,16,0,-1.8249,-0.360856303792148,376.6911,"1"
"1118",360,36000078,16,0,-1.3869,0.0596730831583492,403.8595,"0"
"1119",360,36000379,16,0,-3.5587,-2.02549979944231,387.6282,"0"
"1120",360,36000385,16,0,-1.5339,-0.081463491914078,544.9457,"0"
"1121",360,36000027,16,1,-2.2395,-0.758919052261729,394.5959,"0"
"1122",360,36000331,16,1,-0.1667,1.23120266753505,421.3911,"0"
"1123",360,36000282,16,1,-2.8599,-1.35457300583271,376.1857,"0"
"1124",360,36000305,16,0,-0.3675,1.03841202621163,392.865,"0"
"1125",360,36000017,16,0,-0.0245,1.36773070138063,370.0328,"0"
"1126",360,36000212,16,0,-1.7509,-0.289807959878137,406.0135,"1"
"1127",360,36000287,16,1,0.3082,1.687160215167,449.3181,"1"
"1128",360,36000366,16,1,-1.9739,-0.503913104375765,383.706,"0"
"1129",360,36000371,16,0,-0.7649,0.656863217138279,360.368,"0"
"1130",360,36000113,16,1,-1.2052,0.234125570849914,322.2438,"0"
"1131",360,36000090,16,0,-0.7959,0.627099721714842,509.6178,"1"
"1132",360,36000116,16,1,-2.1333,-0.656955077617567,307.6809,"0"
"1133",360,36000116,16,1,-1.4218,0.0261651479880928,347.8937,"0"
"1134",360,36000033,16,1,-1.6413,-0.184579601864953,360.933,"0"
"1135",360,36000182,16,0,-1.4262,0.0219406518634759,339.1726,"0"
"1136",360,36000376,16,1,-2.6786,-1.18050456324338,328.3891,"1"
"1137",360,36000076,16,0,-1.0646,0.369117424286535,351.066,"0"
"1138",360,36000394,16,1,-1.2522,0.189000271336961,389.9481,"0"
"1139",360,36000057,16,0,-1.9688,-0.499016529322232,394.0579,"0"
"1140",360,36000410,16,0,0.222,1.60439849563473,429.797,"0"
"1141",360,36000071,16,1,-2.3354,-0.850993865523264,310.638,"0"
"1142",360,36000235,16,1,-0.857,0.568436832348004,383.592,"0"
"1143",360,36000359,16,0,-1.9842,-0.513802265758391,475.3851,"0"
"1144",360,36000027,16,0,-1.5211,-0.0691740486424651,412.9926,"1"
"1145",360,36000082,16,0,-0.216,1.18386910868423,542.0098,"1"
"1146",360,36000210,16,0,-2.2814,-0.799147776721148,319.4645,"1"
"1147",360,36000370,16,1,-1.5767,-0.122556317853533,374.2756,"0"
"1148",360,36000150,16,0,-2.0083,-0.536940983168224,375.9016,"1"
"1149",360,36000141,16,0,-1.4135,0.0341340838595291,335.8823,"0"
"1150",360,36000002,16,0,-1.704,-0.244778671640744,319.6529,"0"
"1151",360,36000151,16,0,-2.0823,-0.607989327082235,378.0385,"0"
"1152",360,36000100,16,1,-0.59,0.8247869380918,353.5823,"0"
"1153",360,36000403,17,1,0.0397,1.42936994028981,348.2005,"0"
"1154",360,36000274,16,0,-3.2084,-1.68917230115748,318.2924,"0"
"1155",360,36000185,16,1,-0.731,0.689411039552941,356.5552,"1"
"1156",360,36000212,16,0,-2.4178,-0.930107156584271,420.6762,"1"
"1157",360,36000042,16,0,0.878,2.23423246330488,509.163,"0"
"1158",360,36000366,16,1,-1.6799,-0.22163995423091,251.4995,"1"
"1159",360,36000366,16,1,-1.6941,-0.235273555360356,297.8874,"1"
"1160",360,36000264,16,0,-2.5769,-1.08286109599939,322.3817,"0"
"1161",360,36000354,16,0,-1.1893,0.24939136366387,410.6539,"1"
"1162",360,36000408,16,0,-1.3402,0.104510348844624,323.3745,"0"
"1163",360,36000076,16,1,-1.09,0.344730560294428,316.8329,"1"
"1164",360,36000318,16,0,0.3701,1.74659119473831,444.3545,"1"
"1165",360,36000347,16,1,-1.6554,-0.198117191718839,327.6545,"0"
"1166",360,36000201,16,1,-2.4776,-0.987521899368837,353.85,"0"
"1167",360,36000377,16,0,-1.5339,-0.081463491914078,357.8672,"0"
"1168",360,36000150,16,1,-1.6323,-0.175938587064601,371.401,"1"
"1169",360,36000057,16,1,-1.5757,-0.121596205097938,381.1568,"1"
"1170",360,36000052,16,1,-0.4804,0.930015296104984,400.8289,"0"
"1171",360,36000281,16,0,-0.5585,0.855030489893034,312.1202,"1"
"1172",360,36000147,16,0,-0.6261,0.79012686761483,438.3221,"1"
"1173",360,36000203,16,0,-0.4815,0.928959172073829,367.0219,"0"
"1174",360,36000245,16,0,-1.1696,0.268305584949087,373.2834,"0"
"1175",360,36000272,16,0,-2.0956,-0.620758826731645,365.6366,"0"
"1176",360,36000368,16,1,-1.3797,0.0665858949986315,455.1381,"1"
"1177",360,36000317,16,1,-2.3977,-0.910808890196817,300.4569,"0"
"1178",360,36000290,16,0,-1.2428,0.198025331239552,446.7835,"0"
"1179",360,36000243,16,0,-1.8449,-0.380058558904043,423.4217,"1"
"1180",360,36000159,16,0,0.709,2.07197340760937,433.4705,"0"
"1181",360,36000034,16,1,-1.1167,0.319095549720049,413.5962,"0"
"1182",360,36000372,16,1,-2.0117,-0.540205366537246,338.6229,"1"
"1183",360,36000296,16,1,-1.5339,-0.081463491914078,323.6949,"0"
"1184",360,36000093,16,1,-1.8403,-0.375642040228307,485.2734,"1"
"1185",360,36000007,16,0,-1.8981,-0.431136557501683,296.2149,"0"
"1186",360,36000256,16,1,-2.4451,-0.956318234812008,429.921,"0"
"1187",360,36000402,16,0,-1.8233,-0.359320123383196,375.994,"1"
"1188",360,36000037,16,1,-1.6778,-0.219623717444161,381.2414,"0"
"1189",360,36000201,16,0,-3.1476,-1.63079744561731,356.0629,"1"
"1190",360,36000382,16,1,-0.6453,0.771692702707411,378.6915,"0"
"1191",360,36000036,16,0,-3.2226,-1.70280590228692,421.4207,"0"
"1192",360,36000086,16,1,-1.6543,-0.197061067687685,304.1841,"0"
"1193",360,36000153,16,0,-2.0606,-0.587154880285829,386.0955,"1"
"1194",360,36000132,16,1,0.3344,1.71231516936358,301.3754,"0"
"1195",360,36000320,16,1,-2.557,-1.06375485216306,352.6522,"1"
"1196",360,36000299,16,0,-0.4813,0.929151194624948,317.4934,"1"
"1197",360,36000318,16,0,-1.8298,-0.365560856294562,467.058,"1"
"1198",360,36000388,16,1,-1.6835,-0.225096360151051,405.5242,"1"
"1199",360,36000341,16,0,-0.0722,1.32193332293876,484.0274,"1"
"1200",360,36000074,16,1,-2.6115,-1.11608099734297,400.5967,"0"
"1201",360,36000346,16,1,-1.2412,0.199561511648503,298.4565,"0"
"1202",360,36000245,16,1,0.2936,1.67314256893531,529.3039,"0"
"1203",360,36000312,16,0,-0.3696,1.03639578942488,328.126,"0"
"1204",360,36000331,16,1,-1.6378,-0.181219207220372,401.4079,"0"
"1205",360,36000177,16,1,-2.6881,-1.18962563442153,315.9466,"0"
"1206",360,36000263,16,0,-2.3246,-0.840624647762841,464.787,"0"
"1207",360,36000348,16,1,-1.2687,0.173158410869648,287.1902,"0"
"1208",360,36000334,16,0,-2.0322,-0.559887678026938,388.1769,"0"
"1209",360,36000090,16,1,-1.611,-0.155488185370433,447.1634,"1"
"1210",360,36000173,16,1,-2.1066,-0.631320067043187,416.7761,"0"
"1211",360,36000242,16,1,-2.4996,-1.00864437999192,338.0215,"1"
"1212",360,36000110,16,1,-2.0992,-0.624215232651786,328.2722,"0"
"1213",360,36000164,16,0,-2.5947,-1.09995110304898,322.856,"0"
"1214",360,36000012,16,0,-1.3326,0.111807205787144,394.6309,"0"
"1215",360,36000040,16,1,-0.9293,0.499020680118504,258.6858,"0"
"1216",360,36000193,16,0,-2.7591,-1.25779364006876,405.4409,"1"
"1217",360,36000122,7,0,-0.3025,1.10081935532529,554.5992,"1"
"1218",360,36000077,16,0,-2.1082,-0.632856247452139,366.5799,"1"
"1219",360,36000347,16,0,-1.728,-0.267821377775018,351.4562,"1"
"1220",360,36000280,16,1,-0.2979,1.10523587400102,416.4303,"1"
"1221",360,36000033,16,1,-1.7231,-0.263116825272603,334.7509,"1"
"1222",360,36000096,16,1,-2.8365,-1.33210636735179,330.3276,"0"
"1223",360,36000022,16,1,-1.1971,0.241902484170231,285.9331,"1"
"1224",360,36000079,16,1,-1.1066,0.328792688551556,295.6908,"0"
"1225",360,36000252,16,0,-1.174,0.26408108882447,360.4288,"0"
"1226",360,36000394,16,1,-0.6557,0.761707530049225,377.1064,"1"
"1227",360,36000285,16,1,-1.198,0.241038382690196,495.9417,"0"
"1228",360,36000339,16,0,0.0021,1.39326970067945,407.9718,"1"
"1229",360,36000300,16,0,-0.2092,1.19039787542228,470.8677,"1"
"1230",360,36000237,16,1,-0.3415,1.06337495785709,518.9514,"1"
"1231",360,36000074,16,1,-2.6237,-1.12779437296123,348.856,"0"
"1232",360,36000182,16,0,-2.0702,-0.596371962739538,418.8833,"1"
"1233",360,36000177,16,1,-1.7283,-0.268109411601696,392.4957,"0"
"1234",360,36000244,16,0,-1.0423,0.390527938736298,368.4218,"0"
"1235",360,36000076,16,1,-1.3538,0.0914528153685353,310.8298,"0"
"1236",360,36000130,16,1,-3.1622,-1.644815091849,339.1107,"1"
"1237",360,36000394,16,0,-1.7216,-0.261676656139211,417.1818,"1"
"1238",360,36000152,16,1,-1.9066,-0.439297515924239,389.2182,"0"
"1239",360,36000367,16,1,-0.6521,0.765163935969366,327.1814,"0"
"1240",360,36000406,16,0,-1.7244,-0.264364971854876,447.925,"1"
"1241",360,36000052,16,0,-1.6432,-0.186403816100583,364.6967,"0"
"1242",360,36000247,16,0,-1.5339,-0.081463491914078,417.9944,"0"
"1243",360,36000200,16,1,-1.1929,0.245934957743729,438.7657,"1"
"1244",360,36000387,16,0,-2.8929,-1.38625672676733,458.9759,"1"
"1245",360,36000319,16,0,0.2162,1.59882984165228,495.9632,"1"
"1246",360,36000351,16,1,1.6467,2.97227113853056,552.4714,"1"
"1247",360,36000091,16,1,-1.8128,-0.349238939449452,347.5307,"1"
"1248",360,36000165,16,0,-2.2157,-0.736068368678574,324.0597,"1"
"1249",360,36000072,16,1,-0.6963,0.722726952172079,457.1607,"0"
"1250",360,36000108,16,0,-1.6028,-0.147615260774556,376.3896,"0"
"1251",360,36000290,16,1,0.5196,1.89012805169973,342.0823,"0"
"1252",360,36000378,16,1,-2.4946,-1.00384381621395,313.2711,"0"
"1253",360,36000096,16,1,-1.5392,-0.08655208951873,336.3034,"0"
"1254",360,36000226,16,0,0.4889,1.86065259010297,360.4282,"0"
"1255",360,36000036,16,1,-1.481,-0.0306735271431161,459.3545,"0"
"1256",360,36000181,16,1,-1.092,0.342810334783239,484.4573,"1"
"1257",360,36000305,16,0,-1.6572,-0.19984539467891,334.7224,"0"
"1258",360,36000277,16,1,-1.9183,-0.450530835164697,341.681,"0"
"1259",360,36000045,16,1,-2.8262,-1.32221720596916,354.2286,"1"
"1260",360,36000149,16,1,-2.1293,-0.653114626595188,324.3994,"1"
"1261",360,36000349,16,0,-1.7467,-0.285775486304639,468.5959,"0"
"1262",360,36000081,16,0,-1.9829,-0.512554119176118,372.5409,"0"
"1263",360,36000090,16,1,-2.0891,-0.614518093820279,360.5526,"1"
"1264",360,36000046,16,0,-2.1051,-0.629879897909795,381.0647,"0"
"1265",360,36000135,16,0,-1.6969,-0.237961871076021,381.7657,"0"
"1266",360,36000352,16,0,-1.6726,-0.214631131115069,352.5331,"1"
"1267",360,36000135,16,1,-3.0602,-1.54688359077833,399.3868,"1"
"1268",360,36000301,16,0,-2.1174,-0.64168928480361,357.1107,"0"
"1269",360,36000395,16,1,-2.5948,-1.10004711432454,306.9075,"0"
"1270",360,36000376,16,0,-0.7849,0.637660962026384,446.0726,"0"
"1271",360,36000026,16,1,-1.9404,-0.471749327063341,317.3142,"0"
"1272",360,36000074,16,0,-1.9367,-0.46819690986764,306.5508,"0"
"1273",360,36000047,16,0,-3.1387,-1.62225244209252,338.0146,"0"
"1274",360,36000372,16,1,-2.0751,-0.601076515241953,382.6653,"0"
"1275",360,36000187,16,0,-0.089,1.30580342864477,386.9825,"0"
"1276",360,36000030,16,0,-0.5217,0.890362639298921,461.5227,"1"
"1277",360,36000008,16,0,0.6087,1.97567409822322,491.8374,"1"
"1278",360,36000218,16,0,-2.1622,-0.684702336254255,336.6289,"0"
"1279",360,36000277,16,0,-2.7688,-1.26710673379803,285.5561,"1"
"1280",360,36000182,16,0,-0.826,0.598200327771441,373.9746,"0"
"1281",360,36000044,16,0,0.0314,1.42140100441837,554.2097,"1"
"1282",360,36000012,16,0,0.4265,1.80074155415386,498.5264,"0"
"1283",360,36000031,16,1,-1.7829,-0.320531568057169,298.8717,"0"
"1284",360,36000042,16,0,0.1339,1.51981256186683,386.4695,"0"
"1285",360,36000151,16,1,-0.9635,0.466184823877163,433.7562,"1"
"1286",360,36000011,16,1,0.8736,2.23000796718027,492.2041,"1"
"1287",360,36000165,16,1,-1.5572,-0.103834119119435,272.7603,"0"
"1288",360,36000234,16,1,-0.5607,0.852918241830726,387.869,"0"
"1289",360,36000183,16,1,-1.5332,-0.0807914129851615,296.8421,"1"
"1290",360,36000359,16,1,-2.3805,-0.894294950800587,334.9007,"0"
"1291",360,36000246,16,0,-1.7567,-0.295376613860587,443.4122,"0"
"1292",360,36000145,16,1,-1.656,-0.198693259372196,352.5278,"0"
"1293",360,36000260,16,0,-2.1352,-0.658779291853197,398.3869,"0"
"1294",360,36000242,16,0,-1.2609,0.180647290363287,346.6648,"0"
"1295",360,36000155,16,1,-1.3081,0.135329968299215,314.4562,"0"
"1296",360,36000200,16,1,-1.4192,0.028661441152639,372.5475,"0"
"1297",360,36000387,16,0,-2.9364,-1.4280216316357,358.4777,"1"
"1298",360,36000108,16,0,-1.6785,-0.220295796373078,296.7532,"0"
"1299",360,36000240,16,1,-0.7079,0.71158964420718,478.0556,"0"
"1300",360,36000123,16,1,-2.7488,-1.24790447868613,425.7979,"0"
"1301",360,36000163,16,0,-2.4424,-0.953725930371902,338.4478,"0"
"1302",360,36000355,16,1,-2.3537,-0.868563928950648,313.2709,"1"
"1303",360,36000323,16,1,-0.1775,1.22083344977463,353.0224,"0"
"1304",360,36000241,16,1,-1.4823,-0.0319216737253892,307.6477,"0"
"1305",360,36000181,16,0,-0.1936,1.20537563440956,510.191,"1"
"1306",360,36000308,16,0,0.2396,1.6212964801332,341.2516,"1"
"1307",360,36000380,16,1,-1.3202,0.123712603956519,400.523,"1"
"1308",360,36000245,16,1,-1.4205,0.0274132945703658,319.5876,"0"
"1309",360,36000028,16,0,-1.2418,0.198985443995146,337.9474,"0"
"1310",360,36000321,16,0,-1.8049,-0.341654048680253,272.6292,"0"
"1311",360,36000371,16,0,-1.8797,-0.41347048279874,349.1137,"0"
"1312",360,36000137,16,1,-1.1463,0.290676212154444,244.8578,"1"
"1313",360,36000138,16,1,-1.6275,-0.171330045837746,329.8725,"0"
"1314",360,36000267,16,0,-0.9347,0.493836071238292,416.1439,"0"
"1315",360,36000299,16,1,-1.7648,-0.303153527180904,357.4944,"0"
"1316",360,36000205,16,0,0.4221,1.79651705802924,484.3919,"0"
"1317",360,36000322,16,0,-1.5094,-0.0579407294020068,316.9265,"0"
"1318",360,36000248,16,0,-2.534,-1.04167225878438,304.9234,"0"
"1319",360,36000107,16,0,-2.8241,-1.32020096918242,277.7778,"1"
"1320",360,36000319,16,1,0.2797,1.65979700163255,552.7747,"1"
"1321",360,36000385,16,1,-1.5339,-0.081463491914078,571.6847,"0"
"1322",360,36000245,16,1,0.2916,1.67122234342413,393.261,"1"
"1323",360,36000094,16,1,-2.5954,-1.1006231819779,433.4313,"1"
"1324",360,36000326,16,1,-3.6494,-2.11258202637476,285.0314,"0"
"1325",360,36000334,16,0,-0.2148,1.18502124399095,515.6206,"0"
"1326",360,36000221,16,0,-1.6984,-0.239402040209413,411.9225,"0"
"1327",360,36000237,16,0,-2.2992,-0.816237783770735,357.9857,"0"
"1328",360,36000065,16,0,0.1021,1.48928097623892,355.9046,"0"
"1329",360,36000041,16,0,-2.6547,-1.15755786838467,373.7723,"0"
"1330",360,36000181,16,0,0.1343,1.52019660696907,431.166,"0"
"1331",360,36000210,16,0,-2.8385,-1.33402659286298,273.0096,"0"
"1332",360,36000155,16,1,-2.7972,-1.29437393605692,356.3926,"0"
"1333",360,36000040,16,1,-2.2313,-0.751046127665852,322.1799,"0"
"1334",360,36000257,16,1,-1.389,0.0576568463716003,311.4067,"0"
"1335",360,36000238,16,0,-0.8666,0.559219749894294,336.7517,"0"
"1336",360,36000153,16,1,-1.0608,0.372765852757795,361.15,"0"
"1337",360,36000038,16,1,-1.7486,-0.287599700540269,310.8585,"0"
"1338",360,36000385,16,0,-1.5339,-0.081463491914078,588.1061,"0"
"1339",360,36000392,16,0,-2.386,-0.899575570956359,373.3747,"0"
"1340",360,36000165,16,1,-0.6816,0.736840609679321,259.373,"0"
"1341",360,36000087,16,1,-2.0297,-0.557487396137952,291.1165,"1"
"1342",360,36000281,16,0,-1.2996,0.14349092672177,350.1583,"1"
"1343",360,36000388,16,0,-0.8592,0.566324584285695,363.0542,"1"
"1344",360,36000085,16,1,-3.0317,-1.51952037724388,372.7959,"1"
"1345",360,36000248,16,0,-3.7928,-2.25026219552704,338.517,"0"
"1346",360,36000233,16,1,0.3522,1.72940517641317,550.3874,"1"
"1347",360,36000159,16,0,0.8461,2.20360486640141,326.1314,"0"
"1348",360,36000236,16,1,-0.452,0.957282498363874,365.5626,"0"
"1349",360,36000396,16,0,-1.8224,-0.358456021903161,354.9352,"1"
"1350",360,36000267,16,0,-0.4464,0.962659129795205,443.262,"0"
"1351",360,36000207,16,1,-2.6912,-1.19260198396387,291.7694,"0"
"1352",360,36000229,16,0,-3.3874,-1.86103248440893,300.5965,"0"
"1353",360,36000086,16,0,-2.0169,-0.545197952866339,343.3724,"0"
"1354",360,36000340,16,0,-1.0051,0.426244133244422,514.0821,"1"
"1355",360,36000400,16,1,-1.9118,-0.444290102253331,312.7843,"0"
"1356",360,36000356,16,0,-3.2441,-1.72344832653221,284.201,"1"
"1357",360,36000126,16,0,-2.3494,-0.864435444101591,405.0499,"0"
"1358",360,36000098,16,1,-1.6794,-0.221159897853113,408.2538,"1"
"1359",360,36000149,16,1,-1.036,0.396576649096544,239.783,"1"
"1360",360,36000155,16,1,-0.4294,0.978981046640316,256.9985,"0"
"1361",360,36000307,16,1,-1.9982,-0.527243844336717,309.7925,"1"
"1362",360,36000278,16,1,-1.0735,0.360572420761742,313.8939,"0"
"1363",360,36000355,16,1,-2.4805,-0.990306226360062,355.9199,"0"
"1364",360,36000128,16,1,-1.7442,-0.283375204415652,328.0848,"0"
"1365",360,36000260,16,0,-0.6768,0.741449150906176,369.0538,"1"
"1366",360,36000190,16,0,-0.2136,1.18617337929766,439.805,"1"
"1367",360,36000283,16,0,-2.1002,-0.625175345407381,343.8395,"0"
"1368",360,36000249,16,1,-1.8088,-0.345398488427073,362.9036,"0"
"1369",360,36000019,16,0,-1.5012,-0.0500678048061299,377.4285,"0"
"1370",360,36000137,16,1,-2.9599,-1.45058428139218,340.0986,"0"
"1371",360,36000288,16,0,-1.8767,-0.410590144531956,405.6739,"0"
"1372",360,36000011,16,0,-2.6127,-1.11723313264969,370.8487,"0"
"1373",360,36000327,16,1,-1.7186,-0.258796317872427,336.6251,"0"
"1374",360,36000307,16,0,-2.3305,-0.84628931302085,358.3458,"0"
"1375",360,36000120,16,1,-1.3754,0.0707143798476888,502.4518,"1"
"1376",360,36000238,16,1,-1.7977,-0.334741236839971,455.4338,"1"
"1377",360,36000131,16,0,-2.0207,-0.548846381337599,391.5248,"0"
"1378",360,36000191,16,1,-0.692,0.726855437021136,285.5429,"0"
"1379",360,36000072,16,0,-1.3765,0.0696582558165345,471.5106,"1"
"1380",360,36000185,16,1,-1.2475,0.193512801288256,426.9517,"1"
"1381",360,36000116,16,1,-1.3635,0.0821397216392663,323.5975,"1"
"1382",360,36000392,16,1,-1.193,0.24583894646817,368.9057,"0"
"1383",360,36000061,16,1,-2.5626,-1.06913148359439,285.6294,"1"
"1384",360,36000412,16,1,-2.7346,-1.23427087755669,285.8717,"0"
"1385",360,36000196,16,0,-1.5265,-0.0743586575226768,268.4349,"1"
"1386",360,36000339,16,0,-1.6921,-0.233353329849166,391.387,"1"
"1387",360,36000083,16,0,-1.5466,-0.0936569239101312,317.5725,"1"
"1388",360,36000078,16,1,-1.8822,-0.415870764687727,372.8006,"0"
"1389",360,36000324,16,1,-1.8758,-0.40972604305192,383.0231,"1"
"1390",360,36000004,16,1,0.1899,1.57357887618014,530.4567,"0"
"1391",360,36000059,16,0,-2.9307,-1.42254898892881,359.0809,"1"
"1392",360,36000164,16,1,-1.2979,0.145123118406281,403.1039,"0"
"1393",360,36000133,16,0,-1.8222,-0.358263999352042,356.5455,"0"
"1394",360,36000261,16,1,-2.5671,-1.07345199099457,363.9882,"0"
"1395",360,36000261,14,0,-0.5322,0.880281455365176,288.7783,"1"
"1396",360,36000040,16,1,-2.8062,-1.30301495085727,290.087,"0"
"1397",360,36000134,16,0,-2.695,-1.19625041243513,443.7067,"0"
"1398",360,36000393,16,0,-0.2515,1.14978510586062,454.0438,"1"
"1399",360,36000392,16,0,-2.8944,-1.38769689590073,342.9148,"0"
"1400",360,36000120,16,0,-1.1001,0.335033421462921,513.324,"0"
"1401",360,36000104,16,1,-1.9192,-0.451394936644732,324.323,"0"
"1402",360,36000291,16,1,0.3628,1.73958237162247,341.4783,"1"
"1403",360,36000084,16,1,-2.8861,-1.37972796002929,409.3147,"1"
"1404",360,36000071,16,0,-2.2326,-0.752294274248125,281.4937,"0"
"1405",360,36000409,16,0,-2.8973,-1.39048122289195,329.6429,"0"
"1406",360,36000021,16,1,-2.1965,-0.717634203771154,419.847,"0"
"1407",360,36000392,16,1,-2.2469,-0.76602388665313,338.426,"0"
"1408",360,36000303,16,1,-1.8833,-0.416926888718881,386.5826,"1"
"1409",360,36000294,16,1,-3.1627,-1.6452951482268,352.7204,"1"
"1410",360,36000394,16,0,-2.3609,-0.87547674079093,288.3468,"1"
"1411",360,36000251,16,1,0.432,1.80602217430963,316.0759,"1"
"1412",360,36000122,16,0,0.1181,1.50464278032844,602.0675,"1"
"1413",360,36000151,16,0,-2.7657,-1.26413038425568,486.7149,"1"
"1414",360,36000118,16,1,-2.285,-0.80260418264129,371.4852,"0"
"1415",360,36000283,16,1,-1.4415,0.00725092670287629,403.4733,"0"
"1416",360,36000206,16,0,-2.2178,-0.738084605465323,340.2734,"0"
"1417",360,36000343,16,1,-2.246,-0.765159785173094,274.1864,"1"
"1418",360,36000187,16,1,-1.2084,0.231053210032011,400.9399,"0"
"1419",360,36000165,16,0,-3.0496,-1.53670639556903,311.6646,"0"
"1420",360,36000390,16,0,-3.301,-1.77807874232555,356.456,"0"
"1421",360,36000314,16,0,-2.4504,-0.96140683241666,398.5139,"0"
"1422",360,36000137,16,1,-1.769,-0.307186000754402,360.808,"1"
"1423",360,36000095,16,1,-2.1851,-0.706688918357374,302.3009,"1"
"1424",360,36000144,16,0,-1.5994,-0.144350877405534,316.3432,"0"
"1425",360,36000094,16,1,-1.7238,-0.26378890420152,399.9968,"0"
"1426",360,36000021,16,1,-0.9781,0.45216717764548,355.7748,"0"
"1427",360,36000184,16,0,-1.92,-0.452163026849208,356.3574,"0"
"1428",360,36000402,16,1,-3.1404,-1.62388463377703,320.2682,"1"
"1429",360,36000046,16,1,-0.5119,0.899771744303749,277.1778,"0"
"1430",360,36000354,16,0,-0.7772,0.645053830244464,445.3112,"1"
"1431",360,36000030,16,0,-2.0583,-0.584946620947961,327.2878,"0"
"1432",360,36000010,16,1,-1.1143,0.321399820333476,380.5704,"0"
"1433",360,36000072,16,1,-0.4898,0.920990236202393,414.5095,"0"
"1434",360,36000003,16,1,-2.5309,-1.03869590924204,413.5637,"0"
"1435",360,36000279,16,1,0.5908,1.95848807989807,450.2986,"1"
"1436",360,36000142,16,1,0.1444,1.52989374580058,426.1991,"1"
"1437",360,36000407,16,1,-2.519,-1.02727056745046,359.2856,"0"
"1438",360,36000244,16,1,-1.147,0.290004133225528,358.9105,"0"
"1439",360,36000314,16,1,-1.2834,0.159044753362405,517.3197,"1"
"1440",360,36000291,16,1,-1.742,-0.281262956353344,342.5757,"0"
"1441",360,36000092,16,0,-0.1323,1.26423054632751,431.2346,"1"
"1442",360,36000348,16,0,-1.5603,-0.106810468661779,330.4628,"0"
"1443",360,36000186,16,0,-2.0059,-0.534636712554797,355.1586,"0"
"1444",360,36000192,16,0,-1.625,-0.168929763948759,338.0554,"0"
"1445",360,36000110,16,0,-0.9193,0.508621807674451,280.2992,"0"
"1446",360,36000108,16,1,-0.1238,1.27239150475007,449.0593,"0"
"1447",360,36000259,16,1,-0.6289,0.787438551899164,308.0029,"0"
"1448",360,36000027,16,0,-0.9148,0.512942315074627,384.1805,"0"
"1449",360,36000318,16,1,-1.3538,0.0914528153685353,341.6759,"0"
"1450",360,36000062,16,0,-1.4112,0.036342343197397,370.8393,"0"
"1451",360,36000159,16,0,0.1928,1.57636320317136,436.8805,"1"
"1452",360,36000081,16,1,-1.6593,-0.201861631465659,321.9676,"0"
"1453",360,36000221,16,0,-1.6615,-0.203973879527967,403.3494,"1"
"1454",360,36000395,16,1,-2.3298,-0.845617234091934,394.8991,"0"
"1455",360,36000235,16,1,-0.6066,0.808849066348927,408.6467,"0"
"1456",360,36000031,16,0,-1.0327,0.399745021190007,344.5219,"1"
"1457",360,36000408,16,1,-1.9504,-0.481350454619288,467.7814,"1"
"1458",360,36000342,16,1,-1.7746,-0.312562632185732,390.0643,"0"
"1459",360,36000325,16,0,-2.6998,-1.20085895366199,430.6914,"1"
"1460",360,36000334,16,0,-1.673,-0.215015176217307,442.4885,"0"
"1461",360,36000130,16,0,-2.54,-1.04743293531795,322.6742,"0"
"1462",360,36000414,16,1,-1.7168,-0.257068114912357,394.6577,"0"
"1463",360,36000155,16,0,-3.3699,-1.84423051118603,346.5218,"0"
"1464",360,36000382,16,1,-0.4189,0.98906223057406,462.8432,"0"
"1465",360,36000322,16,1,0.3355,1.71337129339473,392.5699,"1"
"1466",360,36000209,16,0,-1.1618,0.275794464442726,407.4516,"0"
"1467",360,36000167,16,1,-0.7556,0.66579226576531,420.1086,"1"
"1468",360,36000135,16,0,-0.7962,0.626811687888164,285.1875,"0"
"1469",360,36000305,16,1,-0.8448,0.580150207966259,329.6425,"0"
"1470",360,36000307,16,1,-2.2611,-0.779657487782575,465.7689,"1"
"1471",360,36000026,16,0,-3.3427,-1.81811544423385,336.7036,"0"
"1472",360,36000054,16,1,-2.8703,-1.36455817849089,368.3923,"0"
"1473",360,36000327,16,0,-2.6324,-1.1361473539349,394.7126,"0"
"1474",360,36000056,16,0,-1.7768,-0.314674880248041,439.5145,"0"
"1475",360,36000382,16,0,-1.6677,-0.209926578612655,385.0809,"0"
"1476",360,36000274,16,1,-1.1907,0.248047205806038,323.0374,"0"
"1477",360,36000410,16,1,-1.8643,-0.398684746362581,416.5,"1"
"1478",360,36000121,16,0,-1.9296,-0.461380109302918,351.9437,"0"
"1479",360,36000412,16,0,-1.208,0.231437255134249,329.3391,"0"
"1480",360,36000106,16,1,-1.3324,0.111999228338263,326.9424,"0"
"1481",360,36000377,16,1,-2.4337,-0.945372949398228,305.3121,"1"
"1482",360,36000080,16,0,0.9771,2.32937963738432,449.1456,"1"
"1483",360,36000314,16,0,-1.6741,-0.216071300248461,418.844,"0"
"1484",360,36000060,16,1,-1.7627,-0.301137290394155,352.2844,"0"
"1485",360,36000140,16,0,-1.4579,-0.00849492248887746,388.068,"1"
"1486",360,36000069,16,0,0.0397,1.42936994028981,440.9634,"0"
"1487",360,36000318,16,1,-2.7207,-1.22092531025392,356.1922,"1"
"1488",360,36000396,16,1,-0.3302,1.07422423199531,359.9308,"0"
"1489",360,36000334,16,0,-1.0323,0.400129066292245,441.3661,"1"
"1490",360,36000108,16,1,-2.4223,-0.934427663984447,297.7775,"1"
"1491",360,36000107,16,1,-2.8813,-1.37511941880243,362.3933,"1"
"1492",360,36000411,16,1,-0.7633,0.658399397547231,349.3809,"0"
"1493",360,36000260,16,1,-0.9372,0.491435789349305,382.1669,"0"
"1494",360,36000233,16,0,0.4894,1.86113264648077,361.1514,"0"
"1495",360,36000167,16,0,-1.3364,0.108158777315884,418.2526,"1"
"1496",360,36000308,16,1,-1.7578,-0.296432737891741,441.6775,"0"
"1497",360,36000101,16,1,-0.5523,0.860983188977722,369.0182,"0"
"1498",360,36000169,16,0,-0.801,0.622203146661309,356.9363,"1"
"1499",360,36000027,16,1,0.5401,1.90981036318942,456.1913,"0"
"1500",360,36000044,16,1,-0.0361,1.35659339341573,498.1265,"1"
"1501",360,36000204,16,0,-1.7833,-0.320915613159407,316.9134,"0"
"1502",360,36000027,16,1,-0.6426,0.774285007147516,435.3127,"0"
"1503",360,36000252,16,1,-1.4188,0.0290454862548769,314.6189,"0"
"1504",360,36000369,16,1,-0.1631,1.2346590734552,409.2207,"0"
"1505",360,36000365,16,1,-1.8677,-0.401949129731603,336.0774,"0"
"1506",360,36000004,16,1,-0.4683,0.94163266044768,327.6948,"0"
"1507",360,36000245,16,0,-1.1467,0.290292167052206,414.422,"0"
"1508",360,36000067,16,1,-2.4182,-0.930491201686509,385.9494,"0"
"1509",360,36000135,16,0,-3.0731,-1.55926904532551,388.9221,"1"
"1510",360,36000292,16,1,-0.2081,1.19145399945343,418.5324,"0"
"1511",360,36000025,16,0,-1.7111,-0.251595472205466,417.8653,"0"
"1512",360,36000350,16,1,-2.5681,-1.07441210375016,375.393,"0"
"1513",360,36000392,16,1,-2.8085,-1.30522321019514,388.6496,"1"
"1514",360,36000331,16,1,-1.1904,0.248335239632716,331.398,"0"
"1515",360,36000183,16,0,-2.3583,-0.872980447626384,316.8285,"0"
"1516",360,36000221,16,1,-1.5039,-0.0526601092462357,483.4847,"1"
"1517",360,36000404,16,1,-0.789,0.633724499728446,318.3765,"1"
"1518",360,36000102,16,1,-1.7108,-0.251307438378788,409.7979,"0"
"1519",360,36000186,16,0,-3.821,-2.27733737523481,356.0969,"0"
"1520",360,36000315,16,0,-1.5111,-0.0595729210865179,395.865,"0"
"1521",360,36000408,16,1,-1.7062,-0.246890919703052,497.4829,"1"
"1522",360,36000189,16,1,-0.1835,1.21507277324106,381.0572,"0"
"1523",360,36000357,16,1,-0.0655,1.32836607840124,281.3672,"0"
"1524",360,36000056,16,0,-1.8247,-0.360664281241029,426.4915,"0"
"1525",360,36000295,16,0,0.205,1.58807657878962,473.5456,"0"
"1526",360,36000242,16,1,-2.3428,-0.858098699914665,359.4314,"0"
"1527",360,36000302,16,1,-1.7552,-0.293936444727195,339.7563,"0"
"1528",360,36000411,16,0,-2.4814,-0.991170327840097,372.5471,"0"
"1529",360,36000373,16,1,-2.3888,-0.902263886672024,360.0517,"0"
"1530",360,36000027,16,0,-0.1006,1.29466612067987,349.2779,"0"
"1531",360,36000195,16,1,0.4603,1.83319336529296,384.8174,"0"
"1532",360,36000042,16,1,-0.439,0.969763964186606,457.7293,"0"
"1533",360,36000152,16,0,-1.0661,0.367677255153143,369.4562,"0"
"1534",360,36000003,16,1,-1.6507,-0.193604661767544,374.9087,"0"
"1535",360,36000297,16,1,-1.668,-0.210214612439333,373.4696,"0"
"1536",360,36000350,16,1,-1.061,0.372573830206676,317.6692,"0"
"1537",360,36000089,16,1,-3.1465,-1.62974132158616,356.1173,"1"
"1538",360,36000194,16,0,-1.466,-0.0162718358091949,470.151,"0"
"1539",360,36000012,16,1,-1.207,0.232397367889843,432.0195,"0"
"1540",360,36000341,16,0,-0.0231,1.36907485923846,415.6008,"0"
"1541",360,36000068,16,1,0.8261,2.18440261128952,439.5882,"0"
"1542",360,36000239,16,1,-1.719,-0.259180362974665,254.4553,"0"
"1543",360,36000329,16,0,-2.7745,-1.27257937650492,337.9168,"0"
"1544",360,36000039,16,0,-1.901,-0.433920884492908,352.5982,"0"
"1545",360,36000212,16,1,-1.976,-0.505929341162514,376.0604,"0"
"1546",360,36000101,16,1,0.4119,1.78672390792217,356.0697,"0"
"1547",360,36000267,16,0,0.1885,1.57223471832231,462.8151,"1"
"1548",360,36000366,16,0,-2.275,-0.793003055085342,292.8848,"1"
"1549",360,36000196,16,1,-0.9716,0.458407910556846,351.4717,"1"
"1550",360,36000388,16,0,-0.61,0.805584682979905,348.5779,"1"
"1551",360,36000204,16,1,-2.0196,-0.547790257306445,335.4781,"0"
"1552",360,36000064,16,0,-2.1679,-0.690174978961145,305.5685,"0"
"1553",360,36000022,16,1,-1.6827,-0.224328269946576,332.6023,"1"
"1554",360,36000398,16,0,0.1612,1.54602364009457,544.1184,"1"
"1555",360,36000260,16,0,0.4599,1.83280932019072,536.8053,"0"
"1556",360,36000240,16,0,0.5031,1.87428619123241,466.3825,"1"
"1557",360,36000218,16,0,-1.5333,-0.0808874242607212,435.7742,"1"
"1558",360,36000037,16,1,-0.6659,0.751914379942159,348.8487,"0"
"1559",360,36000232,16,0,-3.3672,-1.84163820674592,335.8214,"0"
"1560",360,36000387,16,0,-1.2249,0.215211349564698,343.705,"1"
"1561",360,36000065,16,0,-1.8877,-0.421151384843498,314.1623,"0"
"1562",360,36000082,16,0,-0.4344,0.974180482862342,463.6958,"0"
"1563",360,36000272,16,0,-1.5079,-0.0565005602686146,335.2969,"0"
"1564",360,36000307,16,0,-1.4444,0.00446659971165163,328.9043,"0"
"1565",360,36000056,16,0,-1.3534,0.0918368604707732,389.6116,"1"
"1566",360,36000363,16,0,-1.0353,0.397248728025461,409.1476,"1"
"1567",360,36000282,16,0,-1.5394,-0.0867441120698491,384.4128,"0"
"1568",360,36000025,16,0,-1.1517,0.285491603274233,495.7322,"1"
"1569",360,36000358,16,0,-1.5725,-0.118523844280035,432.4692,"0"
"1570",360,36000130,16,0,-2.2779,-0.795787382076567,369.0685,"0"
"1571",360,36000220,16,0,-1.7071,-0.247755021183087,371.1716,"0"
"1572",360,36000029,16,1,0.5824,1.95042313275108,419.229,"1"
"1573",360,36000242,16,1,-0.7248,0.695363738637629,373.9959,"0"
"1574",360,36000152,16,1,-2.1585,-0.681149919058554,364.6323,"0"
"1575",360,36000119,16,1,-1.1589,0.278578791433951,286.5986,"1"
"1576",360,36000140,16,0,-0.7091,0.710437508900466,348.3132,"0"
"1577",360,36000323,16,1,-0.2599,1.14172015871362,342.0611,"0"
"1578",360,36000395,16,1,-1.5274,-0.0752227590027122,280.459,"1"
"1579",360,36000059,16,0,-2.8488,-1.34391575424561,394.1946,"0"
"1580",360,36000091,16,1,-1.6034,-0.148191328427913,346.7985,"0"
"1581",360,36000145,16,1,-1.6498,-0.192740560287509,420.4993,"0"
"1582",360,36000347,16,0,-1.3932,0.0536243727981024,373.156,"0"
"1583",360,36000382,16,1,-1.5339,-0.081463491914078,391.3898,"0"
"1584",360,36000069,16,0,0.0632,1.45193259004629,425.7374,"0"
"1585",360,36000313,16,1,-1.4664,-0.0166558809114327,348.5729,"1"
"1586",360,36000394,16,0,-1.2933,0.149539637082017,364.5593,"0"
"1587",360,36000044,16,0,0.6622,2.02704013064754,509.3574,"1"
"1588",360,36000286,16,1,-1.2083,0.23114922130757,358.7324,"0"
"1589",360,36000276,16,0,-1.3252,0.118912040178545,413.0847,"0"
"1590",360,36000019,16,0,-1.6602,-0.202725732945694,352.5326,"1"
"1591",360,36000352,16,0,-2.2555,-0.774280856351244,373.0396,"1"
"1592",360,36000252,16,1,-1.9287,-0.460516007822883,309.5053,"0"
"1593",360,36000177,16,0,-0.8225,0.601560722416022,451.9207,"0"
"1594",360,36000205,16,0,1.0115,2.36240751617678,400.667,"1"
"1595",360,36000381,16,0,-0.6065,0.808945077624487,446.6574,"0"
"1596",360,36000183,16,0,-2.705,-1.20585153999108,320.1303,"0"
"1597",360,36000292,16,0,-1.4651,-0.0154077343291597,403.4296,"0"
"1598",360,36000288,16,1,0.2247,1.60699080007484,346.0002,"0"
"1599",360,36000099,16,1,-0.8065,0.616922526505538,405.8114,"0"
"1600",360,36000219,16,1,-0.7226,0.697475986699937,315.4525,"0"
"1601",360,36000387,16,1,0.0581,1.44703601499275,434.8964,"1"
"1602",360,36000131,16,0,-1.5781,-0.123900475711366,391.6525,"0"
"1603",360,36000208,16,1,-2.5474,-1.05453776970935,421.3208,"1"
"1604",360,36000187,16,0,-1.7645,-0.302865493354226,456.5313,"1"
"1605",360,36000367,16,1,-1.7772,-0.315058925350279,282.0459,"0"
"1606",360,36000211,16,1,-2.5514,-1.05837822073173,388.4812,"0"
"1607",360,36000057,16,1,-1.4751,-0.0250088618851071,377.0932,"0"
"1608",360,36000099,16,1,-0.2638,1.1379757189668,477.6909,"1"
"1609",360,36000295,16,0,-1.2894,0.153284076828837,405.8708,"1"
"1610",360,36000377,16,1,0.7471,2.10855370359753,408.0767,"0"
"1611",360,36000167,16,0,-1.3457,0.0992297286888528,406.9664,"0"
"1612",360,36000166,16,0,-1.5339,-0.081463491914078,340.3809,"0"
"1613",360,36000071,16,1,-2.3192,-0.83544003888263,323.661,"1"
"1614",360,36000287,16,0,-1.2489,0.192168643430424,476.8123,"1"
"1615",360,36000012,16,1,-0.2173,1.18262096210196,521.5211,"1"
"1616",360,36000251,16,1,-0.9182,0.509677931705605,361.6192,"0"
"1617",360,36000268,16,1,-1.0318,0.400609122670042,376.9504,"1"
"1618",360,36000412,16,0,-2.1817,-0.703424534988353,358.7543,"0"
"1619",360,36000254,16,1,-0.8623,0.563348234743351,221.3723,"1"
"1620",360,36000165,16,0,-2.7683,-1.26662667742023,364.6435,"0"
"1621",360,36000380,16,1,-2.4415,-0.952861828891867,311.5969,"0"
"1622",360,36000037,16,1,-2.6365,-1.14008381623284,360.5836,"0"
"1623",360,36000153,16,0,-2.8516,-1.34660406996127,357.2665,"1"
"1624",360,36000264,16,0,-0.2718,1.13029481692205,339.5854,"0"
"1625",360,36000399,16,1,-2.0841,-0.609717530042305,350.3878,"0"
"1626",360,36000111,16,1,0.5276,1.89780895374448,364.0924,"1"
"1627",360,36000167,16,1,-0.8245,0.599640496904833,421.473,"1"
"1628",360,36000058,16,0,-1.6133,-0.1576964447083,392.5082,"0"
"1629",360,36000280,16,1,-0.3024,1.10091536660085,434.1346,"1"
"1630",360,36000192,16,0,-3.1549,-1.63780626873316,352.4362,"1"
"1631",360,36000393,16,1,0.5414,1.91105850977169,520.2605,"0"
"1632",360,36000123,16,0,-0.7826,0.639869221364252,328.3558,"0"
"1633",360,36000307,16,1,-2.776,-1.27401954563831,320.1755,"0"
"1634",360,36000319,16,0,0.0185,1.4090155498712,494.0962,"1"
"1635",360,36000183,16,1,-1.9956,-0.524747551172171,340.0435,"0"
"1636",360,36000344,16,0,-2.3247,-0.840720659038401,357.6167,"0"
"1637",360,36000148,16,0,-0.9588,0.470697353828459,551.1804,"1"
"1638",360,36000180,16,0,-1.5545,-0.10124181467933,344.0512,"0"
"1639",360,36000049,16,0,-1.2801,0.162213125455868,371.132,"0"
"1640",360,36000377,16,1,-1.6765,-0.218375570861888,361.8128,"0"
"1641",360,36000266,16,0,-0.529,0.883353816183079,343.7139,"0"
"1642",360,36000302,16,0,-1.3851,0.0614012861184198,487.3397,"1"
"1643",360,36000412,16,0,-2.749,-1.24809650123725,349.2036,"0"
"1644",360,36000167,16,0,-0.9053,0.522063386252777,350.1904,"0"
"1645",360,36000128,16,1,-2.7478,-1.24694436593054,350.5503,"1"
"1646",360,36000266,16,0,0.8102,2.16913681847556,340.3446,"1"
"1647",360,36000317,16,1,-2.523,-1.03111101847284,298.8976,"1"
"1648",360,36000376,16,1,-1.6921,-0.233353329849166,357.0734,"0"
"1649",360,36000294,16,0,-2.7687,-1.26701072252247,375.0192,"0"
"1650",360,36000352,16,0,-2.9494,-1.44050309745844,329.9523,"0"
"1651",360,36000403,16,1,-2.2039,-0.724739038162556,321.0728,"0"
"1652",360,36000115,16,0,-1.1847,0.253807882339606,405.1886,"0"
"1653",360,36000233,16,0,-1.5791,-0.12486058846696,410.1374,"1"
"1654",360,36000225,16,1,-0.6757,0.74250527493733,368.634,"1"
"1655",360,36000367,16,1,-3.1168,-1.601225972745,370.2747,"1"
"1656",360,36000312,16,0,-1.7927,-0.329940673061997,361.5102,"1"
"1657",360,36000259,16,1,-1.0034,0.427876324928933,386.9435,"0"
"1658",360,36000107,16,0,-2.2636,-0.782057769671562,308.4344,"0"
"1659",360,36000285,16,0,-1.1896,0.249103329837192,448.1649,"0"
"1660",360,36000369,16,1,0.4739,1.84625089876905,523.7592,"1"
"1661",360,36000090,16,1,0.684,2.0479705887195,374.2572,"0"
"1662",360,36000205,16,1,-0.8575,0.567956775970206,470.7647,"0"
"1663",360,36000021,16,1,-2.6605,-1.16312652236712,440.976,"0"
"1664",360,36000191,16,0,-2.3748,-0.888822308093697,286.5001,"1"
"1665",360,36000296,16,1,-1.6591,-0.20166960891454,290.9798,"1"
"1666",360,36000159,16,0,0.6715,2.03596917927457,440.92,"0"
"1667",360,36000156,16,1,-2.4746,-0.984641561102053,355.2246,"1"
"1668",360,36000014,16,1,-3.4694,-1.9397617303677,323.3448,"1"
"1669",360,36000118,16,0,-0.6281,0.78820664210364,465.3294,"1"
"1670",360,36000367,16,0,-3.5439,-2.01129013065951,343.7021,"1"
"1671",360,36000090,16,0,-1.3599,0.0855961275594072,432.7967,"0"
"1672",360,36000074,16,0,-3.2867,-1.76434912992054,341.0236,"1"
"1673",360,36000305,16,1,0.2159,1.5985418078256,313.1071,"1"
"1674",360,36000385,16,0,-1.5339,-0.081463491914078,554.4611,"0"
"1675",360,36000149,16,1,-1.9872,-0.516682604025175,376.6526,"0"
"1676",360,36000261,16,0,-4.5255,-2.95373681155131,306.6129,"0"
"1677",360,36000369,16,1,-2.2252,-0.745189439856724,438.3595,"0"
"1678",360,36000035,16,0,-1.278,0.164229362242617,274.7956,"0"
"1679",360,36000322,16,0,-2.1773,-0.699200038863735,288.3421,"1"
"1680",360,36000108,16,0,-0.9381,0.49057168786927,269.126,"0"
"1681",360,36000138,16,1,-1.8698,-0.403965366518352,393.0969,"0"
"1682",360,36000159,16,0,0.2203,1.60276630395022,437.8529,"1"
"1683",360,36000079,16,0,-0.8805,0.545874182591527,317.3952,"1"
"1684",360,36000377,16,0,-1.3747,0.0713864587766051,342.6138,"0"
"1685",360,36000098,16,1,-2.8152,-1.31165596565762,352.2594,"0"
"1686",360,36000113,16,1,-0.3538,1.05156557096328,328.9137,"1"
"1687",360,36000231,16,1,-1.4627,-0.0131034637157321,392.5341,"0"
"1688",360,36000241,16,0,-2.5792,-1.08506935533726,416.9112,"0"
"1689",360,36000239,16,0,-2.5686,-1.07489216012796,332.5287,"0"
"1690",360,36000366,16,0,-1.6762,-0.21808753703521,342.9494,"0"
"1691",360,36000076,16,1,-1.3928,0.0540084179003402,393.6989,"1"
"1692",360,36000147,16,1,-2.1155,-0.63986507056798,309.9902,"1"
"1693",360,36000058,16,0,-1.4495,-0.00042997534188165,394.8856,"0"
"1694",360,36000305,16,0,-1.6903,-0.231625126889096,336.8049,"0"
"1695",360,36000086,16,1,-2.3919,-0.905240236214367,344.3864,"1"
"1696",360,36000049,16,1,0.3508,1.72806101855533,445.1464,"1"
"1697",360,36000156,16,0,-1.6426,-0.185827748447227,344.8482,"0"
"1698",360,36000021,16,1,-1.9429,-0.474149608952328,376.7313,"0"
"1699",360,36000103,16,0,-0.9152,0.51255826997239,347.0201,"0"
"1700",360,36000022,16,1,-1.0517,0.381502878833707,306.3847,"1"
"1701",360,36000214,16,0,-2.3739,-0.887958206613662,281.3811,"0"
"1702",360,36000055,16,0,-2.6562,-1.15899803751806,429.5832,"0"
"1703",360,36000193,16,1,-2.9922,-1.48159592339789,335.4609,"1"
"1704",360,36000243,16,1,-0.6191,0.796847656903993,340.14,"0"
"1705",360,36000201,16,0,-2.2016,-0.722530778824688,354.7993,"0"
"1706",360,36000367,16,1,-1.661,-0.20349382315017,350.8086,"0"
"1707",360,36000011,16,0,-2.2913,-0.808652893001536,435.0664,"0"
"1708",360,36000070,16,0,-1.8198,-0.355959728738615,343.3731,"0"
"1709",360,36000283,16,0,-3.1707,-1.65297605027155,323.4871,"0"
"1710",360,36000137,16,0,-0.8738,0.552306938054012,309.212,"0"
"1711",360,36000068,16,1,-0.8383,0.586390940877625,318.0717,"1"
"1712",360,36000188,16,1,-2.4805,-0.990306226360062,363.6473,"0"
"1713",360,36000134,16,1,0.2112,1.59402927787431,358.5912,"1"
"1714",360,36000168,16,0,-1.013,0.418659242475224,285.6198,"1"
"1715",360,36000315,16,1,-0.8094,0.614138199514313,437.7705,"0"
"1716",360,36000253,16,1,-1.0702,0.363740792855204,351.1453,"0"
"1717",360,36000409,16,1,-2.6007,-1.10571177958255,347.8593,"0"
"1718",360,36000021,16,1,-1.8713,-0.405405535651744,377.5336,"1"
"1719",360,36000027,16,1,-1.2611,0.180455267812168,447.278,"1"
"1720",360,36000376,16,0,-2.8175,-1.31386422499549,389.1164,"1"
"1721",360,36000008,16,1,0.7635,2.12429955278928,434.8951,"0"
"1722",360,36000367,16,0,-3.4173,-1.88973985580122,336.881,"0"
"1723",360,36000114,16,1,-1.4298,0.0184842459433348,364.3138,"0"
"1724",360,36000312,16,0,-1.7324,-0.272045873899634,390.1105,"0"
"1725",360,36000256,16,0,-0.2012,1.19807877746704,493.1502,"0"
"1726",360,36000102,16,0,-1.0151,0.416643005688475,542.7711,"1"
"1727",360,36000034,16,0,-1.9119,-0.444386113528891,360.1692,"0"
"1728",360,36000351,16,0,0.0424,1.43196224472992,544.6304,"0"
"1729",360,36000251,16,1,-0.4402,0.968611828879892,300.413,"0"
"1730",360,36000059,16,1,-2.0341,-0.561711892262568,339.1659,"0"
"1731",360,36000239,16,0,-2.8951,-1.38836897482964,345.5519,"1"
"1732",360,36000104,2,1,-1.2474,0.193608812563816,258.3439,"1"
"1733",360,36000245,16,0,-0.4071,1.00039156109008,427.2853,"0"
"1734",360,36000293,16,1,-3.6612,-2.12391135689077,353.1321,"0"
"1735",360,36000296,16,0,-2.2321,-0.751814217870327,304.6149,"0"
"1736",360,36000032,16,1,0.146,1.53142992620953,399.2578,"0"
"1737",360,36000198,16,0,0.0861,1.47391917214941,407.7295,"0"
"1738",360,36000333,16,1,-1.6948,-0.235945634289272,256.6201,"0"
"1739",360,36000037,16,0,-3.1542,-1.63713418980424,406.7334,"1"
"1740",360,36000335,16,0,-2.016,-0.544333851386304,397.5978,"0"
"1741",360,36000118,16,0,-1.4396,0.00907514093850632,383.3184,"0"
"1742",360,36000011,16,0,-1.7373,-0.276750426402049,363.0371,"0"
"1743",360,36000391,16,1,-1.0011,0.430084584266801,452.4858,"0"
"1744",360,36000101,16,1,0.3838,1.75974473948996,455.7285,"1"
"1745",360,36000090,16,1,-1.5125,-0.0609170789443504,390.0248,"1"
"1746",360,36000091,16,1,-2.0593,-0.585906733703556,343.9801,"0"
"1747",360,36000067,16,0,-0.8461,0.578902061383986,329.8295,"1"
"1748",360,36000017,16,0,-1.767,-0.305265775243212,388.4963,"0"
"1749",360,36000330,16,1,-1.3324,0.111999228338263,465.0816,"1"
"1750",360,36000063,16,1,-4.0894,-2.53503163883644,354.3636,"1"
"1751",360,36000234,16,1,-2.6044,-1.10926419677825,404.1233,"1"
"1752",360,36000222,16,0,0.0224,1.41275998961802,348.0769,"0"
"1753",360,36000350,16,0,-3.4969,-1.96616483114656,379.7558,"0"
"1754",360,36000320,16,1,-1.7875,-0.324948086732905,375.8835,"0"
"1755",360,36000263,16,0,-0.1162,1.27968836169259,444.0523,"1"
"1756",360,36000331,16,0,-1.9428,-0.474053597676768,302.393,"0"
"1757",360,36000221,16,0,-1.7341,-0.273678065584145,367.3627,"0"
"1758",360,36000368,16,1,-2.1738,-0.695839644219154,318.6014,"0"
"1759",360,36000017,16,1,-0.7868,0.635836747790754,344.3602,"1"
"1760",360,36000375,16,1,-2.5171,-1.02544635321483,268.7986,"1"
"1761",360,36000381,16,0,-0.5926,0.822290644927254,557.2047,"1"
"1762",360,36000036,16,0,-1.5599,-0.106426423559541,454.1333,"0"
"1763",360,36000360,16,1,-0.9015,0.525711814724037,300.6274,"1"
"1764",360,36000335,16,0,-2.5262,-1.03418337929074,354.4186,"0"
"1765",360,36000293,16,0,-1.9296,-0.461380109302918,379.0411,"0"
"1766",360,36000242,16,0,-2.6556,-1.1584219698647,375.8944,"1"
"1767",360,36000327,16,0,-1.9089,-0.441505775262107,436.9263,"1"
"1768",360,36000238,16,1,0.3207,1.69916162461193,231.2994,"1"
"1769",360,36000106,16,1,-2.6035,-1.10840009529821,321.7146,"0"
"1770",360,36000165,16,0,-1.9552,-0.485958995846143,318.6623,"0"
"1771",360,36000136,16,1,-0.3792,1.02717870697117,522.223,"1"
"1772",360,36000372,16,0,-3.7626,-2.22126679030808,336.8665,"1"
"1773",360,36000153,16,0,-2.0221,-0.550190539195431,361.3465,"0"
"1774",360,36000131,16,1,-1.7247,-0.264653005681555,349.1833,"0"
"1775",360,36000191,16,1,-0.8769,0.549330588511668,277.649,"0"
"1776",360,36000001,16,0,0.6061,1.97317780505867,534.6966,"1"
"1777",360,36000212,16,0,-3.004,-1.49292525391391,396.7773,"0"
"1778",360,36000403,16,1,-0.8798,0.546546261520443,397.2663,"0"
"1779",360,36000202,16,1,-2.678,-1.17992849559002,295.4486,"0"
"1780",360,36000155,16,0,-2.1045,-0.629303830256438,324.7075,"0"
"1781",360,36000226,16,0,-1.3092,0.134273844268061,447.8266,"0"
"1782",360,36000377,16,0,-1.5339,-0.081463491914078,322.4623,"0"
"1783",360,36000197,16,1,-0.4193,0.988678185471823,317.8228,"0"
"1784",360,36000119,16,0,-2.4656,-0.9760005463017,426.4559,"1"
"1785",360,36000244,16,1,-0.9122,0.515438608239174,387.8336,"0"
"1786",360,36000135,16,0,-1.818,-0.354231525778544,350.5266,"0"
"1787",360,36000087,16,0,-1.65,-0.192932582838628,348.0991,"1"
"1788",360,36000403,16,1,-2.9181,-1.41045156820832,327.4499,"0"
"1789",360,36000264,16,1,-1.3979,0.0491118428468072,307.618,"0"
"1790",360,36000033,16,1,-2.5276,-1.03552753714857,339.0484,"0"
"1791",360,36000340,16,1,-0.0997,1.2955302221599,524.8461,"1"
"1792",360,36000299,16,0,-1.7,-0.240938220618365,295.1589,"1"
"1793",360,36000123,16,0,-2.2311,-0.750854105114733,381.5286,"0"
"1794",360,36000213,16,0,-1.0682,0.365661018366394,326.9375,"0"
"1795",360,36000135,16,1,-1.93,-0.461764154405156,433.5932,"0"
"1796",360,36000008,16,0,0.6856,2.04950676912845,358.1927,"1"
"1797",360,36000290,16,1,-0.2439,1.15708196280314,392.2109,"1"
"1798",360,36000026,16,1,-1.9298,-0.461572131854037,326.6186,"0"
"1799",360,36000071,16,1,-2.0965,-0.62162292821168,269.0119,"0"
"1800",360,36000288,16,0,-2.3537,-0.868563928950648,420.0387,"0"
"1801",360,36000218,16,1,-2.4961,-1.00528398534734,346.3095,"1"
"1802",360,36000318,16,0,-1.5145,-0.0628373044555399,416.7679,"0"
"1803",360,36000004,16,0,-1.4439,0.00494665608944895,411.846,"0"
"1804",360,36000105,16,1,-2.6579,-1.16063022920257,418.8695,"1"
"1805",360,36000288,16,1,-1.6833,-0.224904337599933,441.0635,"1"
"1806",360,36000242,16,0,-2.2287,-0.748549834501305,319.3319,"0"
"1807",360,36000229,16,0,0.2403,1.62196855906211,313.3423,"0"
"1808",360,36000390,16,1,-2.1694,-0.691615148094537,333.0593,"0"
"1809",360,36000081,16,1,-1.1268,0.309398410888542,330.2717,"0"
"1810",360,36000267,16,0,-1.4732,-0.0231846476494771,447.5566,"0"
"1811",360,36000403,16,1,-1.1608,0.276754577198321,394.8151,"1"
"1812",360,36000325,16,1,-0.7034,0.715910151607356,411.0548,"0"
"1813",360,36000258,16,1,-1.1528,0.284435479243079,339.1602,"0"
"1814",360,36000178,16,1,0.1632,1.54794386560576,465.8577,"0"
"1815",360,36000167,16,0,-1.0036,0.427684302377814,401.2964,"1"
"1816",360,36000351,16,0,-0.5527,0.860599143875484,467.9895,"0"
"1817",360,36000329,16,1,-2.2506,-0.76957630384883,368.0105,"0"
"1818",360,36000317,16,0,-1.7543,-0.293072343247159,335.9683,"0"
"1819",360,36000118,16,0,-1.2548,0.186503978172415,375.1389,"0"
"1820",360,36000285,16,1,-1.1176,0.318231448240014,371.6445,"0"
"1821",360,36000183,16,1,-1.4987,-0.0476675229171429,297.3642,"0"
"1822",360,36000007,16,0,-1.5339,-0.081463491914078,346.3558,"0"
"1823",360,36000358,16,0,-1.8971,-0.430176444746089,426.0944,"1"
"1824",360,36000078,16,0,-1.5243,-0.0722464094603684,417.1986,"1"
"1825",360,36000344,16,0,-3.381,-1.85488776277313,319.7963,"1"
"1826",360,36000180,16,0,-3.0933,-1.57866332298852,334.1313,"0"
"1827",360,36000103,16,1,-0.9571,0.47232954551297,289.5369,"0"
"1828",360,36000029,16,0,0.4501,1.82340021518589,425.1074,"0"
"1829",360,36000388,16,0,-0.8037,0.619610842221203,486.9144,"1"
"1830",360,36000029,16,1,-0.3803,1.02612258294002,492.1494,"1"
"1831",360,36000299,16,0,-1.2529,0.188328192408045,304.0802,"1"
"1832",360,36000246,16,1,-2.0819,-0.607605281979997,335.1081,"0"
"1833",360,36000165,16,1,-3.1959,-1.67717089171254,337.6653,"0"
"1834",360,36000019,16,1,0.6951,2.0586278403066,365.3821,"0"
"1835",360,36000321,16,1,-1.8413,-0.376602152983902,352.229,"0"
"1836",360,36000301,16,1,-0.6818,0.736648587128202,485.6481,"1"
"1837",360,36000412,16,0,-1.0192,0.412706543390536,360.6665,"0"
"1838",360,36000081,16,1,-1.7444,-0.283567226966771,479.8539,"1"
"1839",360,36000041,16,0,-2.0353,-0.562864027569282,353.9793,"0"
"1840",360,36000090,16,0,-1.5791,-0.12486058846696,419.0581,"0"
"1841",360,36000303,16,0,-2.2333,-0.752966353177041,405.9915,"1"
"1842",360,36000120,16,0,-0.7443,0.676641539903531,539.6508,"1"
"1843",360,36000249,16,0,-1.6234,-0.167393583539807,354.4776,"0"
"1844",360,36000205,16,1,-0.3537,1.05166158223884,400.7302,"1"
"1845",360,36000396,16,0,-1.8137,-0.350103040929487,439.2571,"1"
"1846",360,36000158,16,0,-3.2174,-1.69781331595783,337.7426,"0"
"1847",360,36000185,16,1,0.0285,1.41861667742715,365.1933,"0"
"1848",360,36000142,16,1,0.7619,2.12276337238033,352.7977,"1"
"1849",360,36000286,16,1,-1.8882,-0.421631441221295,298.0063,"1"
"1850",360,36000007,16,1,-1.0731,0.36095646586398,295.5194,"1"
"1851",360,36000052,16,1,-1.3011,0.142050757588378,286.9404,"0"
"1852",360,36000058,16,1,-3.3918,-1.86525698053355,347.4969,"0"
"1853",360,36000160,16,1,-1.8443,-0.379482491250686,387.7958,"0"
"1854",360,36000032,16,1,-1.8766,-0.410494133256396,352.8701,"1"
"1855",360,36000383,16,0,-1.4156,0.0321178470727802,422.3644,"1"
"1856",360,36000212,16,0,-1.7358,-0.275310257268657,388.8317,"0"
"1857",360,36000089,16,1,-1.8295,-0.365272822467884,411.1834,"0"
"1858",360,36000353,16,0,-1.3573,0.0880924207239537,450.991,"1"
"1859",360,36000322,16,0,-1.7793,-0.317075162137028,298.9126,"1"
"1860",360,36000388,16,0,-1.6123,-0.156736331952706,353.2736,"1"
"1861",360,36000097,16,0,-2.4179,-0.930203167859831,321.612,"0"
"1862",360,36000094,16,1,-1.5419,-0.0891443939588359,453.1116,"1"
"1863",360,36000265,16,0,-0.4261,0.982149418733778,418.7413,"0"
"1864",360,36000023,16,1,-2.2457,-0.764871751346416,368.687,"1"
"1865",360,36000091,16,1,-2.9956,-1.48486030676691,313.3546,"0"
"1866",360,36000114,16,1,-3.2289,-1.70885461264717,312.1013,"0"
"1867",360,36000110,16,1,-0.5399,0.872888587147096,312.0905,"0"
"1868",360,36000364,16,1,-3.0177,-1.50607879866556,293.8625,"0"
"1869",360,36000318,16,1,-2.0414,-0.56872071537841,412.7221,"0"
"1870",360,36000011,16,0,-1.2828,0.159620821015762,422.6689,"0"
"1871",360,36000287,16,1,0.4448,1.81831161758124,536.6012,"1"
"1872",360,36000085,16,0,-2.0651,-0.591475387686005,336.322,"0"
"1873",360,36000206,16,0,-0.6445,0.772460792911886,411.2526,"1"
"1874",360,36000334,16,0,-1.9205,-0.452643083227006,384.7248,"0"
"1875",360,36000290,16,0,0.7478,2.10922578252645,391.2199,"1"
"1876",360,36000183,16,1,-1.6346,-0.178146846402469,347.6613,"0"
"1877",360,36000235,16,1,-2.4189,-0.931163280615425,325.0033,"0"
"1878",360,36000106,16,1,-3.0021,-1.49110103967828,309.8918,"1"
"1879",360,36000050,16,0,-0.4112,0.99645509879214,232.4109,"0"
"1880",360,36000390,16,0,-3.1829,-1.66468942588981,291.2259,"0"
"1881",360,36000276,16,1,-1.4179,0.0299095877349123,330.1124,"0"
"1882",360,36000306,16,1,-2.8654,-1.35985362598848,295.9495,"0"
"1883",360,36000326,16,1,-1.992,-0.52129114525203,365.2839,"0"
"1884",360,36000343,16,1,0.4013,1.77654671271287,319.6281,"0"
"1885",360,36000090,16,0,-0.9946,0.436325317178167,385.8941,"0"
"1886",360,36000044,16,0,0.2521,1.63329788957813,539.9904,"1"
"1887",360,36000209,16,0,-1.7522,-0.29105610646041,415.0536,"0"
"1888",360,36000187,16,1,0.1035,1.49062513409675,411.439,"1"
"1889",360,36000017,16,1,-1.6562,-0.198885281923315,412.7924,"1"
"1890",360,36000169,16,0,-0.649,0.76814028551171,369.5537,"0"
"1891",360,36000144,16,1,0.2102,1.59306916511871,462.7756,"1"
"1892",360,36000302,16,0,-2.1592,-0.68182199798747,339.3922,"0"
"1893",360,36000086,16,1,-2.5862,-1.09179014462643,378.7681,"0"
"1894",360,36000134,16,1,-1.9167,-0.448994654755746,457.1994,"0"
"1895",360,36000313,16,1,-2.8954,-1.38865700865632,374.1491,"0"
"1896",360,36000201,16,1,-1.434,0.0144517723698369,327.8699,"0"
"1897",360,36000274,16,0,-0.2069,1.19260613476015,388.372,"1"
"1898",360,36000305,16,1,-1.2274,0.212811067675711,347.4552,"1"
"1899",360,36000062,16,0,-0.4675,0.942400750652156,417.8596,"0"
"1900",360,36000132,16,0,0.2448,1.62628906646229,345.7977,"0"
"1901",360,36000255,16,0,-1.6726,-0.214631131115069,333.1488,"0"
"1902",360,36000093,16,1,-1.2593,0.182183470772238,436.5344,"0"
"1903",360,36000026,16,1,-2.1109,-0.635448551892245,337.6114,"0"
"1904",360,36000115,16,1,-0.6776,0.7406810607017,324.5366,"0"
"1905",360,36000202,16,0,-0.9903,0.440453802027224,257.22,"1"
"1906",360,36000176,16,1,-2.7452,-1.24444807276599,320.1405,"1"
"1907",360,36000180,16,0,-2.0828,-0.608469383460033,361.147,"0"
"1908",360,36000376,16,1,-1.8279,-0.363736642058932,340.1915,"0"
"1909",360,36000074,16,0,-2.9768,-1.46681018696173,404.4536,"1"
"1910",360,36000093,16,0,-2.6074,-1.11214453504503,412.3726,"1"
"1911",360,36000055,16,0,-1.9137,-0.446114316488961,379.36,"0"
"1912",360,36000186,16,0,-3.236,-1.71567141321189,395.384,"0"
"1913",360,36000184,16,0,-2.1573,-0.679997783751841,325.1312,"0"
"1914",360,36000028,16,0,-0.7469,0.674145246738985,421.5547,"0"
"1915",360,36000095,16,1,-1.8535,-0.388315528602158,368.9109,"0"
"1916",360,36000207,1,1,-1.055,0.378334506740244,333.8625,"0"
"1917",360,36000253,16,0,-1.2794,0.162885204384784,442.8004,"1"
"1918",360,36000073,16,0,-2.4553,-0.966111384919074,335.6264,"0"
"1919",360,36000120,16,1,0.4628,1.83559364718195,476.0646,"1"
"1920",360,36000034,16,1,-1.1946,0.244302766059218,346.6301,"0"
"1921",360,36000168,16,1,-3.0478,-1.53497819260896,369.0591,"1"
"1922",360,36000008,16,1,-1.5227,-0.0707102290514168,431.2684,"0"
"1923",360,36000064,16,0,-1.5272,-0.0750307364515931,417.8176,"0"
"1924",360,36000282,16,0,-1.8637,-0.398108678709224,318.9618,"0"
"1925",360,36000110,16,1,-1.5101,-0.0586128083309231,422.8651,"1"
"1926",360,36000323,16,1,-1.7261,-0.265997163539388,460.7906,"1"
"1927",360,36000403,16,1,-1.3483,0.0967334355243063,343.0699,"0"
"1928",360,36000136,16,0,-2.6475,-1.15064505654438,382.3322,"0"
"1929",360,36000051,16,1,-1.2979,0.145123118406281,338.4786,"0"
"1930",360,36000020,16,1,-1.7562,-0.294896557482789,391.8244,"0"
"1931",360,36000290,16,1,-1.0326,0.399841032465567,451.8352,"1"
"1932",360,36000044,16,0,0.4474,1.82080791074579,548.8174,"1"
"1933",360,36000239,16,0,-3.0153,-1.50377452805213,331.2266,"0"
"1934",360,36000133,16,0,0.1416,1.52720543008491,382.8062,"0"
"1935",360,36000235,16,0,-1.5265,-0.0743586575226768,316.8836,"0"
"1936",360,36000067,16,0,-1.2184,0.221452082476064,351.409,"0"
"1937",360,36000261,16,0,-3.7215,-2.18180615605314,320.8316,"0"
"1938",360,36000065,16,0,-1.5222,-0.0702301726736195,350.4115,"0"
"1939",360,36000122,16,0,0.058,1.44694000371719,493.5535,"1"
"1940",360,36000263,16,0,-0.6494,0.767756240409472,439.4543,"1"
"1941",360,36000180,16,1,-0.9836,0.446886557489709,265.8797,"0"
"1942",360,36000322,16,1,-3.5594,-2.02617187837123,281.4626,"0"
"1943",360,36000376,16,1,-2.468,-0.978304816915127,357.7986,"0"
"1944",360,36000093,16,1,-3.0154,-1.50387053932769,376.1299,"0"
"1945",360,36000267,16,0,-1.6163,-0.160576782975085,474.8629,"1"
"1946",360,36000194,16,0,-1.4639,-0.0142555990224459,393.0647,"0"
"1947",360,36000349,16,0,-2.0487,-0.575729538494252,431.1152,"0"
"1948",360,36000165,16,1,-2.636,-1.13960375985504,343.8471,"0"
"1949",360,36000091,16,1,-0.0896,1.30522736099141,408.7216,"1"
"1950",360,36000395,16,1,-1.5779,-0.123708453160247,401.3065,"0"
"1951",360,36000398,16,1,-1.2594,0.182087459496679,441.2011,"0"
"1952",360,36000383,16,1,-2.4538,-0.964671215785682,430.0463,"0"
"1953",360,36000218,16,1,-1.2731,0.168933914745031,367.8346,"0"
"1954",360,36000109,16,1,0.7008,2.06410048301349,396.4769,"0"
"1955",360,36000201,1,0,-1.348,0.0970214693509847,364.199,"1"
"1956",360,36000188,16,0,-1.8396,-0.374969961299391,309.5072,"0"
"1957",360,36000081,16,0,-1.1524,0.284819524345316,352.1537,"0"
"1958",360,36000130,16,0,-0.7329,0.687586825317311,351.6551,"1"
"1959",360,36000356,16,0,-2.3062,-0.822958573059898,398.571,"0"
"1960",360,36000322,16,1,-3.0839,-1.56963826308593,337.034,"0"
"1961",360,36000076,16,0,-0.6267,0.789550799961473,353.3926,"1"
"1962",360,36000312,16,0,-2.7014,-1.20239513407094,344.0108,"0"
"1963",360,36000286,16,0,-2.1519,-0.674813174871629,344.1182,"0"
"1964",360,36000317,16,1,-0.96,0.469545218521745,303.5353,"1"
"1965",360,36000022,16,0,-1.3104,0.133121708961347,466.2797,"0"
"1966",360,36000382,16,0,-3.143,-1.62638092694158,442.5996,"0"
"1967",360,36000191,16,0,-2.5745,-1.08055682538597,315.2774,"0"
"1968",360,36000028,16,0,-2.1338,-0.657435133995364,427.0533,"0"
"1969",360,36000314,16,0,-1.0138,0.417891152270748,323.8324,"0"
"1970",360,36000282,16,0,-1.744,-0.283183181864533,349.9352,"0"
"1971",360,36000322,16,0,-3.5011,-1.97019730472006,320.2466,"0"
"1972",360,36000138,16,0,-3.1484,-1.63156553582179,372.9803,"0"
"1973",360,36000095,16,1,-2.2982,-0.81527767101514,357.3974,"1"
"1974",360,36000369,16,1,0.6918,2.05545946821314,470.9175,"1"
"1975",360,36000151,16,1,-1.697,-0.238057882351581,394.1503,"0"
"1976",360,36000242,16,0,-3.5921,-2.05756756547918,367.4504,"0"
"1977",360,36000151,16,0,-2.2939,-0.811149186166082,384.7967,"0"
"1978",360,36000233,16,1,-1.1965,0.242478551823588,348.854,"1"
"1979",360,36000098,16,1,0.4564,1.82944892554614,430.0486,"1"
"1980",360,36000242,16,0,-1.5179,-0.0661016878245621,322.7461,"1"
"1981",360,36000301,16,0,-1.8407,-0.376026085330545,418.1991,"0"
"1982",360,36000004,16,0,-2.2655,-0.783881983907192,363.4886,"1"
"1983",360,36000001,16,0,-0.1258,1.27047127923888,406.4838,"0"
"1984",360,36000275,16,0,-0.5872,0.827475253807465,469.6789,"0"
"1985",360,36000093,16,1,-1.8729,-0.406941716060696,353.7361,"1"
"1986",360,36000116,16,1,-3.0475,-1.53469015878228,313.0772,"1"
"1987",360,36000236,16,0,0.6649,2.02963243508764,334.8721,"1"
"1988",360,36000085,16,1,-2.751,-1.25001672674844,377.3467,"0"
"1989",360,36000198,16,1,-1.5339,-0.081463491914078,404.5538,"0"
"1990",360,36000123,16,1,-2.8422,-1.33757901005868,362.6144,"0"
"1991",360,36000358,16,0,-1.5808,-0.126492780151471,387.8083,"1"
"1992",360,36000120,16,1,0.559,1.92795649427016,536.9073,"0"
"1993",360,36000149,16,0,-3.1343,-1.6180279459679,403.2813,"1"
"1994",360,36000035,16,1,-1.4023,0.0448873467221901,446.7757,"1"
"1995",360,36000288,16,1,-1.6496,-0.19254853773639,397.4712,"0"
"1996",360,36000124,16,1,-1.3437,0.101149954200042,293.4609,"1"
"1997",360,36000212,16,1,-1.991,-0.520331032496435,336.1486,"0"
"1998",360,36000166,16,1,-0.1957,1.20335939762281,381.8062,"1"
"1999",360,36000086,16,0,-2.0859,-0.611445733002376,313.949,"0"
"2000",360,36000208,16,0,-3.04,-1.52748931311532,337.9958,"0"
"2001",360,36000247,16,1,-1.5339,-0.081463491914078,447.9202,"0"
"2002",360,36000109,16,0,-1.1331,0.303349700528295,356.1114,"0"
"2003",360,36000236,16,1,-1.4478,0.00120221634262944,348.3486,"1"
"2004",360,36000243,16,0,-1.3902,0.0565047110648865,403.3088,"0"
"2005",360,36000097,16,1,0.0332,1.42312920737844,294.2593,"0"
"2006",360,36000414,16,0,-1.6759,-0.217799503208531,379.3644,"0"
"2007",360,36000105,16,0,-1.6979,-0.238921983831616,397.181,"1"
"2008",360,36000192,16,1,-1.7677,-0.305937854172129,306.5004,"0"
"2009",360,36000375,16,0,-2.2089,-0.729539601940529,360.89,"1"
"2010",360,36000210,16,0,-2.9372,-1.42878972184018,448.7387,"0"
"2011",360,36000319,16,1,0.3114,1.6902325759849,466.3007,"0"
"2012",360,36000062,16,0,-0.0015,1.38981329475931,477.2857,"0"
"2013",360,36000260,16,1,0.1389,1.52461312564481,367.142,"0"
"2014",360,36000181,16,0,-2.3753,-0.889302364471495,430.3094,"0"
"2015",360,36000028,16,0,-1.4988,-0.0477635341927024,485.3762,"1"
"2016",360,36000063,16,1,-3.6814,-2.14330563455379,340.915,"0"
"2017",360,36000279,16,1,-0.0015,1.38981329475931,453.5146,"1"
"2018",360,36000400,16,0,-1.1167,0.319095549720049,405.8298,"1"
"2019",360,36000180,16,0,-2.883,-1.37675161048695,384.9288,"0"
"2020",360,36000205,16,0,-0.0022,1.38914121583039,556.9166,"0"
"2021",360,36000327,16,0,-2.3421,-0.857426620985749,343.2793,"0"
"2022",360,36000245,16,0,-1.6375,-0.180931173393693,462.6573,"1"
"2023",360,36000330,16,0,-1.7632,-0.301617346771953,527.3938,"1"
"2024",360,36000081,16,1,0.2528,1.63396996850705,365.2841,"0"
"2025",360,36000392,16,0,-3.2169,-1.69733325958003,385.437,"1"
"2026",360,36000271,16,1,-0.8512,0.574005486330453,378.1187,"0"
"2027",360,36000231,16,0,-1.0471,0.385919397509443,381.0618,"1"
"2028",360,36000078,16,1,-1.7072,-0.247851032458647,410.828,"0"
"2029",360,36000142,16,1,-1.004,0.427300257275576,337.1633,"0"
"2030",360,36000266,16,1,-0.736,0.684610475774967,309.3819,"0"
"2031",360,36000414,16,0,-2.8931,-1.38644874931845,335.8014,"0"
"2032",360,36000265,16,0,-0.5936,0.821330532171659,468.4964,"1"
"2033",360,36000380,16,1,-0.6615,0.756138876066776,323.2697,"0"
"2034",360,36000346,16,1,-2.1806,-0.702368410957198,296.0818,"0"
"2035",360,36000282,16,0,-1.3338,0.11065507048043,339.3403,"1"
"2036",360,36000171,16,1,-1.0834,0.351067304481354,324.6123,"0"
"2037",360,36000227,16,0,-0.1583,1.23926761468205,517.096,"1"
"2038",360,36000257,16,1,-1.7543,-0.293072343247159,305.9833,"0"
"2039",360,36000186,16,0,-3.343,-1.81840347806053,343.6679,"0"
"2040",360,36000021,16,0,0.2483,1.62964946110687,380.2407,"0"
"2041",360,36000279,16,0,-0.1837,1.21488075068994,461.17,"1"
"2042",360,36000016,16,1,-0.415,0.99280667032088,311.6202,"0"
"2043",360,36000211,16,1,-2.8795,-1.37339121584236,367.8871,"1"
"2044",360,36000296,16,0,-2.1388,-0.662235697773338,315.5368,"1"
"2045",360,36000258,16,0,-1.4628,-0.0131994749912918,360.4125,"1"
"2046",360,36000051,16,0,-4.0543,-2.50133168111507,365.7937,"0"
"2047",360,36000183,16,1,-2.272,-0.790122716818558,282.6356,"1"
"2048",360,36000079,16,1,-0.4078,0.999719482161162,307.157,"1"
"2049",360,36000077,16,1,-2.7392,-1.23868739623242,359.3743,"0"
"2050",360,36000287,16,0,-1.1415,0.295284753381299,484.7429,"0"
"2051",360,36000294,16,1,-1.1506,0.286547727305387,339.4676,"0"
"2052",360,36000197,16,1,-2.3656,-0.879989270742226,324.8187,"1"
"2053",360,36000400,16,0,-2.887,-1.38059206150932,428.7375,"0"
"2054",360,36000173,16,1,-1.0764,0.357788093770517,375.7856,"0"
"2055",360,36000382,16,1,-0.664,0.753738594177789,392.0661,"0"
"2056",360,36000269,16,0,-2.0353,-0.562864027569282,469.0361,"1"
"2057",360,36000303,16,0,-2.4426,-0.953917952923021,364.2381,"1"
"2058",360,36000105,16,0,-3.0556,-1.5424670721026,388.0958,"0"
"2059",360,36000057,16,1,0.2582,1.63915457738726,402.8063,"1"
"2060",360,36000349,16,0,-2.9515,-1.44251933424519,477.7602,"0"
"2061",360,36000070,16,0,-1.7505,-0.289423914775899,322.6003,"0"
"2062",360,36000185,16,1,-0.9527,0.476554041637587,372.3085,"0"
"2063",360,36000033,16,1,-1.6586,-0.201189552536742,326.4105,"0"
"2064",360,36000373,16,0,0.1301,1.51616413339557,435.1933,"0"
"2065",360,36000161,16,1,-1.7773,-0.315154936625838,311.5477,"0"
"2066",360,36000330,16,0,0.0159,1.40651925670665,477.5163,"1"
"2067",360,36000318,16,0,-2.2648,-0.783209904978276,375.9438,"0"
"2068",360,36000393,16,1,-0.5324,0.880089432814057,487.2355,"0"
"2069",360,36000069,16,1,-0.1772,1.22112148360131,389.2668,"0"
"2070",360,36000094,16,1,-1.6829,-0.224520292497695,473.7079,"1"
"2071",360,36000331,16,1,-0.9247,0.503437198794239,343.429,"1"
"2072",360,36000010,16,0,-1.5071,-0.0557324700641389,282.5233,"1"
"2073",360,36000278,16,1,-2.2309,-0.750662082563614,299.376,"1"
"2074",360,36000092,16,1,-1.5675,-0.113723280502061,387.6382,"0"
"2075",360,36000181,16,0,-0.411,0.996647121343259,482.2601,"0"
"2076",360,36000214,16,1,-0.4253,0.982917508938254,357.3687,"0"
"2077",360,36000297,16,1,-2.3286,-0.84446509878522,318.5351,"0"
"2078",360,36000246,16,1,-1.5495,-0.096441250901356,315.4576,"0"
"2079",360,36000374,16,0,-3.3641,-1.83866185720358,309.7976,"1"
"2080",360,36000294,16,1,-0.15,1.24723655055349,435.05,"0"
"2081",360,36000292,16,0,0.3472,1.72460461263519,414.8265,"1"
"2082",360,36000036,16,0,-2.101,-0.625943435611857,428.1229,"1"
"2083",360,36000358,16,0,-1.9192,-0.451394936644732,296.2687,"0"
"2084",360,36000147,16,0,-1.6123,-0.156736331952706,375.1544,"0"
"2085",360,36000161,16,0,-1.7825,-0.320147522954931,291.304,"0"
"2086",360,36000054,16,1,-3.118,-1.60237810805171,333.3774,"0"
"2087",360,36000174,16,0,-0.8606,0.564980426427862,493.5652,"1"
"2088",360,36000072,16,1,0.4933,1.86487708622758,405.2168,"0"
"2089",360,36000108,16,1,-1.8551,-0.389851709011109,294.3424,"1"
"2090",360,36000133,16,0,-1.1034,0.331865049369459,369.6194,"0"
"2091",360,36000229,16,0,-2.107,-0.631704112145425,276.2336,"0"
"2092",360,36000301,16,0,-2.853,-1.3479482278191,339.3614,"0"
"2093",360,36000329,16,1,-2.1301,-0.653882716799664,401.5601,"0"
"2094",360,36000179,16,0,-1.7619,-0.300369200189679,376.9726,"0"
"2095",360,36000023,16,0,-2.1878,-0.709281222797481,411.3078,"0"
"2096",360,36000324,16,0,-2.8114,-1.30800753718636,315.6915,"0"
"2097",360,36000043,16,1,-0.9215,0.506509559612143,317.4759,"0"
"2098",360,36000034,16,1,-1.747,-0.286063520131318,353.6988,"0"
"2099",360,36000057,16,1,-0.8871,0.539537438404602,369.294,"0"
"2100",360,36000384,16,0,-1.6622,-0.204645958456883,362.8945,"1"
"2101",360,36000124,16,0,-2.0941,-0.619318657598253,309.9343,"0"
"2102",360,36000295,16,1,-1.2616,0.17997521143437,375.49,"1"
"2103",360,36000326,16,1,-2.0441,-0.571313019818516,385.8836,"0"
"2104",360,36000092,16,1,-1.6496,-0.19254853773639,375.2681,"0"
"2105",360,36000150,16,1,-1.8409,-0.376218107881664,303.6711,"0"
"2106",360,36000287,16,0,-1.2154,0.224332420742848,425.8608,"0"
"2107",360,36000072,16,0,-1.4027,0.0445033016199523,407.1236,"1"
"2108",360,36000030,16,0,-2.9376,-1.42917376694242,360.4083,"0"
"2109",360,36000202,16,1,-1.1299,0.306422061346198,304.7375,"0"
"2110",360,36000185,16,0,-0.3786,1.02775477462453,323.9429,"0"
"2111",360,36000056,16,1,-1.7687,-0.306897966927724,462.9643,"0"
"2112",360,36000339,16,0,0.1234,1.50973137793309,410.4792,"0"
"2113",360,36000107,16,1,-2.4255,-0.937500024802351,311.3868,"0"
"2114",360,36000265,16,0,-3.6672,-2.12967203342434,327.4502,"1"
"2115",360,36000384,16,1,-1.5025,-0.051315951388403,416.6479,"1"
"2116",360,36000209,16,0,-0.5948,0.820178396864945,432.8079,"0"
"2117",360,36000270,16,0,0.3384,1.71615562038596,344.5941,"0"
"2118",360,36000148,16,0,-0.9026,0.524655690692883,419.1711,"1"
"2119",360,36000004,16,0,-2.3001,-0.81710188525077,435.3611,"0"
"2120",360,36000164,16,1,-3.1363,-1.61994817147909,422.6479,"1"
"2121",360,36000111,16,0,0.795,2.15454310459052,422.2556,"1"
"2122",360,36000017,16,1,-0.5744,0.839764697079078,413.0683,"0"
"2123",360,36000185,16,1,-0.7117,0.70794121573592,365.3195,"0"
"2124",360,36000141,16,0,-0.3333,1.07124788245297,384.3205,"1"
"2125",360,36000207,16,1,-1.753,-0.291824196664886,361.7469,"0"
"2126",360,36000020,16,0,-0.7086,0.710917565278263,330.5228,"0"
"2127",360,36000180,16,1,-2.5058,-1.01459707907661,378.7713,"1"
"2128",360,36000003,16,1,-0.7741,0.648030179786808,340.245,"0"
"2129",360,36000015,16,0,-2.6018,-1.1067679036137,342.0561,"1"
"2130",360,36000242,16,0,-3.0662,-1.5526442673119,364.3286,"0"
"2131",360,36000230,16,0,-3.2375,-1.71711158234528,361.1875,"1"
"2132",360,36000264,16,1,-2.3091,-0.825742900051123,309.5445,"0"
"2133",360,36000406,16,0,-0.6292,0.787150518072486,406.9108,"1"
"2134",360,36000082,16,0,-0.5987,0.816433957118126,497.4508,"0"
"2135",360,36000310,16,0,-1.659,-0.20157359763898,345.9489,"0"
"2136",360,36000224,16,0,-1.4682,-0.0183840838715033,334.9726,"0"
"2137",360,36000276,16,1,-1.2094,0.230093097276416,451.3438,"1"
"2138",360,36000269,16,1,-0.8499,0.575253632912726,474.6193,"0"
"2139",360,36000168,16,0,-2.8566,-1.35140463373924,322.2228,"1"
"2140",360,36000406,16,1,-0.8541,0.571221159339228,460.9075,"0"
"2141",360,36000036,16,0,-2.2462,-0.765351807724213,446.5561,"1"
"2142",360,36000048,16,1,-2.0648,-0.591187353859327,455.8283,"0"
"2143",360,36000040,16,0,-1.781,-0.318707353821539,312.124,"0"
"2144",360,36000149,16,1,-2.7177,-1.21804497198713,354.5427,"1"
"2145",360,36000293,16,0,-3.293,-1.77039784028079,283.2431,"0"
"2146",360,36000145,16,0,-1.9442,-0.475397755534601,458.2851,"0"
"2147",360,36000114,16,0,-2.8416,-1.33700294240532,381.7606,"0"
"2148",360,36000301,16,0,-0.5065,0.904956353183961,333.4645,"0"
"2149",360,36000128,16,0,-2.7482,-1.24732841103277,331.736,"0"
"2150",360,36000158,16,0,-2.0963,-0.621430905660561,328.0727,"0"
"2151",360,36000326,16,1,-1.5485,-0.0954811381457612,487.0534,"1"
"2152",360,36000275,16,1,1.0134,2.36423173041241,449.6906,"1"
"2153",360,36000050,16,0,-1.1063,0.329080722378234,346.935,"0"
"2154",360,36000264,16,0,-2.397,-0.9101368112679,331.8209,"0"
"2155",360,36000110,16,0,-1.96,-0.490567537072998,388.2065,"0"
"2156",360,36000012,16,0,0.2158,1.59844579655004,478.2007,"1"
"2157",360,36000188,16,1,-0.8929,0.533968784422152,318.6837,"0"
"2158",360,36000378,16,0,-0.3148,1.08900996843147,324.1193,"0"
"2159",360,36000051,16,0,-2.5972,-1.10235138493797,398.069,"0"
"2160",360,36000241,16,0,-1.7955,-0.332628988777663,345.0486,"0"
"2161",360,36000104,16,0,-2.2332,-0.752870341901482,343.7512,"0"
"2162",360,36000395,17,1,-0.2794,1.12299795997953,297.8318,"0"
"2163",360,36000236,16,1,-1.272,0.169990038776185,373.6711,"1"
"2164",360,36000060,16,1,-1.698,-0.239017995107175,460.3097,"1"
"2165",360,36000214,16,0,0.6997,2.06304435898234,540.4861,"0"
"2166",360,36000086,16,1,-2.124,-0.648026028990536,377.5368,"1"
"2167",360,36000167,16,0,-1.87,-0.404157389069471,373.1152,"1"
"2168",360,36000210,16,1,-2.3622,-0.876724887373204,332.3337,"0"
"2169",360,36000165,16,1,-3.0836,-1.56935022925925,303.9574,"0"
"2170",360,36000370,16,0,-1.9362,-0.467716853489843,333.8994,"0"
"2171",360,36000330,16,0,-1.5279,-0.0757028153805095,463.3001,"0"
"2172",360,36000244,16,1,-1.8183,-0.354519559605223,374.687,"1"
"2173",360,36000369,16,1,-1.1606,0.27694659974944,418.6462,"0"
"2174",360,36000133,16,0,-2.2955,-0.812685366575034,396.8472,"0"
"2175",360,36000360,10,0,-1.2807,0.161637057802511,260.9602,"1"
"2176",360,36000133,16,0,0.3837,1.7596487282144,322.8337,"0"
"2177",360,36000274,16,1,-3.4322,-1.90404553585958,373.9551,"0"
"2178",360,36000370,16,1,-1.7857,-0.323219883772834,411.9893,"0"
"2179",360,36000256,16,0,-1.2986,0.144451039477365,501.6042,"1"
"2180",360,36000191,16,0,-1.7866,-0.324083985252869,294.199,"0"
"2181",360,36000066,16,1,-0.2417,1.15919421086545,351.8253,"1"
"2182",360,36000370,16,1,0.1454,1.53085385855617,327.9759,"0"
"2183",360,36000190,16,1,0.3601,1.73699006718237,427.8715,"0"
"2184",360,36000093,16,1,-1.4836,-0.0331698203076624,383.2718,"1"
"2185",360,36000368,16,0,-2.0287,-0.556527283382357,356.4409,"0"
"2186",360,36000128,16,0,-1.2365,0.204074041599799,340.3786,"0"
"2187",360,36000128,16,0,-2.3243,-0.840336613936163,372.7739,"0"
"2188",360,36000072,16,1,-1.7969,-0.333973146635495,427.2667,"1"
"2189",360,36000011,16,1,-0.7146,0.705156888744695,378.8942,"0"
"2190",360,36000306,16,1,-2.3451,-0.860306959252533,373.597,"0"
"2191",360,36000113,16,1,-0.9778,0.452455211472159,306.3802,"1"
"2192",360,36000105,16,1,-1.9214,-0.453507184707041,305.727,"1"
"2193",360,36000136,16,1,-1.2867,0.155876381268943,402.8517,"0"
"2194",360,36000329,16,1,-2.16,-0.682590088191947,274.7133,"0"
"2195",360,36000212,16,1,-2.464,-0.974464365892748,311.5987,"0"
"2196",360,36000065,16,0,-0.2962,1.10686806568554,370.1781,"0"
"2197",360,36000231,16,0,-2.1379,-0.661371596293303,377.5512,"1"
"2198",360,36000320,16,1,-1.5989,-0.143870821027736,350.005,"0"
"2199",360,36000396,16,1,-1.3618,0.0837719133237774,378.2097,"0"
"2200",360,36000385,16,1,-1.5339,-0.081463491914078,555.7973,"0"
"2201",360,36000185,16,1,-1.7011,-0.241994344649519,281.4892,"1"
"2202",360,36000136,16,0,-0.0485,1.34468799524635,491.051,"1"
"2203",360,36000006,16,1,-1.7897,-0.327060334795213,386.977,"1"
"2204",360,36000356,16,0,-0.0626,1.33115040539247,390.1966,"1"
"2205",360,36000072,16,0,-1.3327,0.111711194511584,497.9393,"1"
"2206",360,36000234,16,1,-1.8238,-0.359800179760994,296.8445,"1"
"2207",360,36000213,16,1,-1.412,0.0355742529929213,317.9571,"0"
"2208",360,36000158,16,1,-3.1055,-1.59037669860678,271.9949,"1"
"2209",360,36000205,16,1,1.0614,2.41031714268096,468.788,"0"
"2210",360,36000283,16,0,-2.9988,-1.48793266758482,366.7551,"0"
"2211",360,36000201,16,0,-0.8651,0.560659919027686,364.3644,"0"
"2212",360,36000269,16,1,-1.5685,-0.114683393257656,407.5239,"0"
"2213",360,36000177,16,0,0.2044,1.58750051113626,451.0373,"1"
"2214",360,36000150,16,0,0.5592,1.92814851682128,420.1215,"1"
"2215",360,36000388,16,0,-1.5089,-0.0574606730242093,425.4133,"0"
"2216",360,36000399,17,1,-1.8898,-0.423167621630247,330.2669,"0"
"2217",360,36000060,16,0,-2.5519,-1.05885827710953,311.882,"0"
"2218",360,36000308,16,0,-2.8469,-1.34209154000998,371.4637,"0"
"2219",360,36000035,16,0,-2.5909,-1.09630267457772,360.881,"1"
"2220",360,36000234,16,0,-2.3114,-0.82795115938899,375.5411,"0"
"2221",360,36000195,16,1,-0.18,1.21843316788564,443.0492,"1"
"2222",360,36000021,16,0,-1.6628,-0.20522202611024,372.2943,"0"
"2223",360,36000098,16,1,-0.8389,0.585814873224268,328.4305,"0"
"2224",360,36000374,16,1,-3.7723,-2.23057988403735,249.3878,"1"
"2225",360,36000011,16,0,-0.149,1.24819666330908,372.8452,"0"
"2226",360,36000292,16,0,0.0281,1.41823263232491,487.8079,"1"
"2227",360,36000381,16,1,-2.2567,-0.775432991657958,397.8496,"0"
"2228",360,36000133,16,0,0.1953,1.57876348506035,340.6552,"0"
"2229",360,36000003,16,1,-2.9387,-1.43022989097357,391.0317,"0"
"2230",360,36000272,16,0,-0.5714,0.842645035345862,389.7952,"0"
"2231",360,36000244,16,1,-1.3675,0.0782992706168873,441.042,"1"
"2232",360,36000185,16,0,-2.8416,-1.33700294240532,310.5958,"0"
"2233",360,36000121,16,1,-2.5625,-1.06903547231883,391.8362,"0"
"2234",360,36000034,16,0,-2.3135,-0.829967396175739,361.9125,"0"
"2235",360,36000028,16,0,-0.6274,0.788878721032557,343.7948,"0"
"2236",360,36000383,16,0,-1.6244,-0.168353696295402,439.2439,"1"
"2237",360,36000187,16,1,-0.9697,0.460232124792476,345.3567,"0"
"2238",360,36000233,16,0,-2.2627,-0.781193668191527,403.7343,"1"
"2239",360,36000012,16,0,0.3547,1.73180545830215,397.8659,"0"
"2240",360,36000235,16,1,-1.7411,-0.280398854873309,392.4689,"1"
"2241",360,36000004,16,0,0.5119,1.88273518348165,353.5913,"0"
"2242",360,36000067,16,0,0.052,1.44117932718362,395.5687,"0"
"2243",360,36000147,16,0,-0.3208,1.0832492918979,368.2041,"1"
"2244",360,36000276,16,0,-1.5711,-0.117179686422202,364.2499,"0"
"2245",360,36000371,16,0,-0.8623,0.563348234743351,376.8579,"0"
"2246",360,36000120,16,0,-1.2566,0.184775775212344,513.3994,"1"
"2247",360,36000007,16,0,-1.8208,-0.35691984149421,327.8153,"0"
"2248",360,36000080,16,0,0.3067,1.68572004603361,359.1813,"0"
"2249",360,36000386,16,0,-1.2209,0.219051800587076,415.9955,"0"
"2250",360,36000356,16,0,-2.6302,-1.13403510587259,357.0307,"0"
"2251",360,36000224,16,0,-1.3899,0.0567927448915651,434.3093,"0"
"2252",360,36000004,16,1,-1.053,0.380254732251434,351.2281,"0"
"2253",360,36000334,16,0,-1.6647,-0.20704624034587,335.5798,"0"
"2254",360,36000192,16,0,-2.9855,-1.47516316793541,283.0867,"0"
"2255",360,36000408,16,1,-1.9018,-0.434688974697384,292.5499,"0"
"2256",360,36000048,16,1,-1.9852,-0.514762378513986,366.8952,"0"
"2257",360,36000413,9,0,-1.6534,-0.19619696620765,399.5414,"1"
"2258",360,36000020,16,0,-1.3415,0.103262202262351,374.7008,"0"
"2259",360,36000395,16,1,-2.1654,-0.687774697072158,409.4541,"1"
"2260",360,36000078,16,0,-1.7666,-0.304881730140975,384.1914,"0"
"2261",360,36000094,16,1,-2.2227,-0.742789157967737,418.0935,"1"
"2262",360,36000331,16,1,-1.902,-0.434880997248503,358.202,"0"
"2263",360,36000385,16,0,-1.5339,-0.081463491914078,523.6368,"0"
"2264",360,36000240,16,1,0.0558,1.44482775565488,485.2314,"1"
"2265",360,36000104,16,1,-1.5553,-0.102009904883805,300.1209,"0"
"2266",360,36000352,16,0,-2.1187,-0.642937431385884,372.0944,"0"
"2267",360,36000312,16,0,-2.1689,-0.691135091716739,324.865,"0"
"2268",360,36000094,16,1,-1.7372,-0.276654415126489,476.2591,"0"
"2269",360,36000037,16,1,-2.4769,-0.986849820439921,398.2389,"0"
"2270",360,36000242,16,0,-2.4869,-0.996450947995868,346.0567,"1"
"2271",360,36000023,16,0,-2.8431,-1.33844311153872,371.89,"0"
"2272",360,36000267,16,1,-0.4625,0.94720131443013,486.4633,"0"
"2273",360,36000006,16,1,-1.2604,0.181127346741084,421.6808,"1"
"2274",360,36000062,16,0,-0.1282,1.26816700862545,421.861,"0"
"2275",360,36000192,16,1,-1.6221,-0.166145436957534,328.2902,"0"
"2276",360,36000326,16,1,-2.17,-0.692191215747894,308.5444,"0"
"2277",360,36000412,16,1,-1.3507,0.0944291649108789,346.9213,"0"
"2278",360,36000410,16,1,-0.7084,0.711109587829382,288.4698,"0"
"2279",360,36000317,16,1,-2.5163,-1.02467826301035,355.0198,"0"
"2280",360,36000244,16,1,-1.3503,0.0948132100131168,395.5344,"0"
"2281",360,36000256,16,0,-1.1106,0.324952237529177,318.985,"0"
"2282",360,36000200,16,1,-2.1399,-0.663291821804492,375.7377,"1"
"2283",360,36000105,16,0,-2.9333,-1.42504528209336,409.5362,"1"
"2284",360,36000369,16,1,0.4069,1.7819233441442,458.0755,"1"
"2285",360,36000407,16,0,-1.6297,-0.173442293900054,389.0188,"0"
"2286",360,36000002,16,1,-2.7674,-1.26576257594019,344.4318,"0"
"2287",360,36000285,16,0,-2.1903,-0.711681504686467,454.0224,"1"
"2288",360,36000358,16,0,-1.7339,-0.273486043033027,366.6904,"0"
"2289",360,36000208,16,1,-2.5172,-1.02554236449039,398.4876,"1"
"2290",360,36000050,16,1,-1.5339,-0.081463491914078,287.3861,"0"
"2291",360,36000171,16,1,0.4478,1.82119195584802,392.5426,"1"
"2292",360,36000163,16,0,-1.7368,-0.276270370024251,359.9981,"1"
"2293",360,36000319,16,1,-1.3999,0.0471916173356177,563.322,"0"
"2294",360,36000044,16,0,0.6525,2.01772703691827,534.5846,"1"
"2295",360,36000381,16,0,-1.6272,-0.171042012011067,467.7948,"1"
"2296",360,36000233,16,0,-1.4414,0.00734693797843576,366.9288,"0"
"2297",360,36000173,16,1,-1.356,0.0893405673062267,343.514,"1"
"2298",360,36000068,16,1,-1.8716,-0.405693569478423,412.0356,"1"
"2299",360,36000173,16,0,-1.4834,-0.0329777977565435,394.7379,"0"
"2300",360,36000301,16,0,-2.5606,-1.0672112580832,330.2119,"0"
"2301",360,36000301,16,1,-1.2074,0.232013322787606,410.2024,"0"
"2302",360,36000384,16,0,-1.1198,0.316119200177705,424.6838,"0"
"2303",360,36000155,16,0,-1.4141,0.0335580162061723,345.6491,"1"
"2304",360,36000339,16,0,-1.684,-0.225576416528849,430.4611,"0"
"2305",360,36000331,16,1,-1.4882,-0.0375863389833982,423.3632,"1"
"2306",360,36000024,16,1,-1.1412,0.295572787207978,308.6191,"1"
"2307",360,36000299,16,1,-1.3534,0.0918368604707732,361.7784,"0"
"2308",360,36000206,16,0,-0.6852,0.73338420375918,383.8047,"1"
"2309",360,36000151,16,1,-1.4758,-0.0256809408140234,328.7305,"1"
"2310",360,36000183,16,0,-2.3882,-0.901687819018667,332.0625,"1"
"2311",360,36000231,16,0,-1.6018,-0.146655148018961,314.1195,"0"
"2312",360,36000217,16,1,-2.4909,-1.00029139901825,276.6207,"0"
"2313",360,36000224,16,0,0.4818,1.85383578953825,415.2754,"1"
"2314",360,36000099,16,0,-0.3185,1.08545755123577,455.4469,"1"
"2315",360,36000373,16,0,-1.3189,0.124960750538792,435.5148,"1"
"2316",360,36000269,16,0,-1.9904,-0.519754964843078,425.6507,"0"
"2317",360,36000376,16,1,-2.5856,-1.09121407697307,368.3163,"0"
"2318",360,36000010,16,1,-1.9518,-0.482694612477121,305.6883,"1"
"2319",360,36000190,16,0,-0.9351,0.493452026136054,482.3816,"0"
"2320",360,36000062,16,1,-0.3002,1.10302761466316,445.7006,"0"
"2321",360,36000161,16,0,-2.4232,-0.935291765464483,389.0243,"0"
"2322",360,36000153,16,1,-1.5339,-0.081463491914078,405.7253,"0"
"2323",360,36000296,16,1,-1.8032,-0.340021856995742,381.1047,"1"
"2324",360,36000069,16,0,-0.6933,0.725607290438863,467.4764,"1"
"2325",360,36000207,16,1,-0.2559,1.145560609736,409.3429,"1"
"2326",360,36000069,16,0,0.0273,1.41746454212043,498.9574,"1"
"2327",360,36000259,16,0,-2.1878,-0.709281222797481,320.6923,"0"
"2328",360,36000302,16,0,-2.014,-0.542413625875114,328.0817,"0"
"2329",360,36000166,16,0,-3.1559,-1.63876638148875,323.2614,"0"
"2330",360,36000054,16,1,-2.4572,-0.967935599154704,403.5013,"1"
"2331",360,36000285,16,1,-2.3341,-0.849745718940991,460.2539,"1"
"2332",360,36000225,16,1,-1.1537,0.283571377763043,383.3432,"0"
"2333",360,36000257,16,1,-1.9503,-0.481254443343729,325.4221,"0"
"2334",360,36000237,16,0,-0.7934,0.629500003603829,347.843,"1"
"2335",360,36000408,16,1,-2.1837,-0.705344760499542,370.1129,"0"
"2336",360,36000270,16,0,-2.0349,-0.562479982467044,404.8984,"1"
"2337",360,36000065,13,0,-2.024,-0.552014753431061,379.9787,"0"
"2338",360,36000222,16,0,-2.507,-1.01574921438332,377.1476,"0"
"2339",360,36000259,16,0,-1.8975,-0.430560489848326,442.3631,"1"
"2340",360,36000349,16,0,-3.158,-1.6407826182755,374.0632,"1"
"2341",360,36000310,16,0,-1.5146,-0.0629333157310994,292.9844,"0"
"2342",360,36000238,16,1,0.4244,1.79872531736711,390.396,"0"
"2343",360,36000237,16,1,-1.0865,0.34809095493901,299.2819,"0"
"2344",360,36000023,16,0,-1.9718,-0.501896867589016,437.1841,"0"
"2345",360,36000371,16,0,0.4132,1.78797205450445,381.4329,"0"
"2346",360,36000302,16,0,-1.6337,-0.177282744922433,345.0653,"0"
"2347",360,36000390,16,0,-4.4854,-2.91523629005196,293.1787,"0"
"2348",360,36000339,16,0,-0.7268,0.693443513126439,430.7904,"1"
"2349",360,36000190,16,1,0.318,1.69656932017183,509.0906,"0"
"2350",360,36000412,16,1,0.0885,1.47622344276283,350.4614,"1"
"2351",360,36000108,16,0,-2.4936,-1.00288370345835,323.7704,"0"
"2352",360,36000024,16,1,-2.9975,-1.48668452100254,345.36,"0"
"2353",360,36000028,16,0,-1.9065,-0.439201504648679,385.1161,"0"
"2354",360,36000183,16,0,-1.8693,-0.403485310140555,332.2361,"0"
"2355",360,36000119,16,0,-2.1991,-0.720130496935701,342.4839,"0"
"2356",360,36000253,16,1,1.516,2.84678440137433,418.8966,"1"
"2357",360,36000317,16,0,-1.819,-0.355191638534139,298.8652,"1"
"2358",360,36000180,16,1,-3.1311,-1.61495558515,489.6781,"0"
"2359",360,36000372,16,0,-2.5929,-1.09822290008891,348.8844,"0"
"2360",360,36000224,16,0,0.136,1.52182879865358,487.5257,"1"
"2361",360,36000239,16,0,-1.1192,0.316695267831062,315.2117,"1"
"2362",360,36000219,16,0,-3.1762,-1.65825667042732,342.4593,"0"
"2363",360,36000079,16,1,-1.5357,-0.0831916948741485,335.7935,"0"
"2364",360,36000205,16,0,-0.078,1.31636466895631,491.2933,"0"
"2365",360,36000301,16,0,-2.5327,-1.04042411220211,312.7122,"0"
"2366",360,36000233,16,0,-2.187,-0.708513132593004,381.6922,"0"
"2367",360,36000132,16,1,-0.5257,0.886522188276542,301.498,"0"
"2368",360,36000352,16,0,-1.8728,-0.406845704785136,369.9753,"0"
"2369",360,36000220,16,1,-2.3589,-0.873556515279741,337.9413,"0"
"2370",360,36000153,16,0,-1.1896,0.249103329837192,408.0187,"0"
"2371",360,36000027,16,1,-1.0166,0.415202836555083,469.0516,"1"
"2372",360,36000034,16,0,-1.0123,0.41933132140414,280.7508,"0"
"2373",360,36000338,16,1,-1.9036,-0.436417177657454,364.5367,"1"
"2374",360,36000233,16,0,-1.4108,0.0367263882996349,405.4357,"0"
"2375",360,36000368,16,0,-2.3811,-0.894871018453944,288.6496,"0"
"2376",360,36000060,16,0,-3.0674,-1.55379640261862,296.2622,"0"
"2377",360,36000272,16,1,0.0731,1.46143770632667,368.6778,"0"
"2378",360,36000224,16,0,1.3889,2.72475407013824,506.0695,"1"
"2379",360,36000191,16,1,-2.4303,-0.942108566029205,394.3045,"0"
"2380",360,36000398,16,1,-1.0071,0.424323907733233,411.1394,"0"
"2381",360,36000345,16,0,-2.1821,-0.70380858009059,443.1773,"1"
"2382",360,36000178,16,0,0.0096,1.40047054634641,340.5132,"0"
"2383",360,36000404,16,0,-3.6356,-2.09933247034755,323.4703,"0"
"2384",360,36000304,16,1,-2.1046,-0.629399841531998,373.1444,"0"
"2385",360,36000359,16,1,-1.9266,-0.458499771036134,380.7413,"0"
"2386",360,36000171,16,0,-0.8735,0.55259497188069,316.255,"0"
"2387",360,36000377,16,0,-3.1973,-1.67851504957037,386.6308,"0"
"2388",360,36000197,16,1,-1.9793,-0.509097713255977,361.248,"0"
"2389",360,36000406,16,0,-1.1709,0.267057438366814,379.0598,"1"
"2390",360,36000161,16,1,-1.378,0.0682180866831426,348.6538,"0"
"2391",360,36000105,16,1,-1.9262,-0.458115725933895,372.3746,"1"
"2392",360,36000378,16,1,-1.0947,0.340218030343133,326.7048,"0"
"2393",360,36000130,16,1,-2.1208,-0.644953668172633,306.3841,"0"
"2394",360,36000294,16,1,-1.7902,-0.327540391173011,382.6401,"0"
"2395",360,36000102,16,1,-0.0848,1.30983590221826,435.2642,"1"
"2396",360,36000190,16,1,0.3151,1.6937849931806,533.7246,"1"
"2397",360,36000353,16,0,-0.5477,0.865399707653458,321.5845,"0"
"2398",360,36000053,16,0,1.0205,2.37104853097713,409.7803,"1"
"2399",360,36000302,16,0,-1.3939,0.0529522938691861,384.9612,"1"
"2400",360,36000148,16,0,-1.9508,-0.481734499721526,456.6007,"0"
"2401",360,36000191,16,0,-2.463,-0.973504253137154,349.4282,"0"
"2402",360,36000376,16,1,-2.8337,-1.32941805163612,324.5795,"1"
"2403",360,36000326,16,0,-2.2775,-0.795403336974329,397.9146,"0"
"2404",360,36000291,16,0,-0.9463,0.482698763273393,368.3528,"0"
"2405",360,36000204,16,1,-2.4043,-0.917145634383742,383.4081,"1"
"2406",360,36000270,16,0,-0.2708,1.13125492967764,319.5421,"0"
"2407",360,36000012,16,1,1.0763,2.42462282273932,429.4325,"1"
"2408",360,36000349,16,0,-1.7618,-0.30027318891412,473.3554,"1"
"2409",360,36000010,16,1,-3.2943,-1.77164598686306,369.8555,"0"
"2410",360,36000195,16,0,-0.981,0.449382850654255,366.2081,"0"
"2411",360,36000370,16,1,-2.2798,-0.797611596312196,468.4144,"0"
"2412",360,36000208,16,0,-2.614,-1.11848127923196,359.1929,"0"
"2413",360,36000387,16,0,-1.4376,0.0109953664496958,420.4775,"0"
"2414",360,36000181,16,0,0.2991,1.67842318909109,505.0592,"0"
"2415",360,36000155,16,1,-1.6238,-0.167777628642045,316.408,"0"
"2416",360,36000395,16,1,-2.5654,-1.07181979931006,309.1647,"0"
"2417",360,36000099,16,0,0.1626,1.5473677979524,561.279,"0"
"2418",360,36000213,16,0,-0.4347,0.973892449035663,323.209,"0"
"2419",360,36000039,16,1,-2.0201,-0.548270313684242,468.3983,"1"
"2420",360,36000406,16,0,-2.1402,-0.663579855631171,449.1821,"1"
"2421",360,36000094,16,1,-1.7301,-0.269837614561766,446.9514,"1"
"2422",360,36000191,16,1,-2.1836,-0.705248749223983,378.0027,"0"
"2423",360,36000170,16,0,-1.866,-0.400316938047092,351.4582,"0"
"2424",360,36000368,16,0,-1.2906,0.152131941522123,352.3063,"0"
"2425",360,36000180,16,1,-2.1544,-0.677213456760616,419.3541,"0"
"2426",360,36000367,16,1,-0.4704,0.939616423660931,307.3821,"0"
"2427",360,36000180,16,1,-1.5616,-0.108058615244052,379.7831,"0"
"2428",360,36000024,16,1,-0.1379,1.25885391489618,380.0774,"0"
"2429",360,36000041,16,0,-0.5394,0.873368643524894,381.0042,"0"
"2430",360,36000118,16,1,-1.3655,0.0802194961280768,320.5469,"0"
"2431",360,36000381,16,1,-1.9243,-0.456291511698265,402.1278,"0"
"2432",360,36000150,16,0,-1.3848,0.0616893199450982,359.6103,"1"
"2433",360,36000002,16,0,-2.4921,-1.00144353432496,298.1989,"1"
"2434",360,36000129,16,1,-1.8137,-0.350103040929487,387.7644,"0"
"2435",360,36000099,16,0,-2.2687,-0.786954344725095,402.0913,"1"
"2436",360,36000225,16,1,0.1338,1.51971655059127,412.6183,"1"
"2437",360,36000048,16,1,-3.6523,-2.11536635336598,459.7167,"1"
"2438",360,36000066,16,1,-1.7798,-0.317555218514825,333.3157,"1"
"2439",360,36000191,16,1,-3.1079,-1.5926809692202,292.0541,"1"
"2440",360,36000005,16,1,-0.8358,0.588791222766612,334.8864,"1"
"2441",360,36000294,16,0,-2.0645,-0.590899320032648,316.5107,"0"
"2442",360,36000077,16,0,-3.5009,-1.97000528216894,341.8208,"0"
"2443",360,36000293,16,0,-2.0084,-0.537036994443783,249.5983,"0"
"2444",360,36000283,16,1,-1.4314,0.0169480655343832,336.5381,"0"
"2445",360,36000036,16,0,-2.754,-1.25289706501522,394.9709,"0"
"2446",360,36000187,16,0,-0.8722,0.553843118462963,379.0417,"0"
"2447",360,36000191,16,1,1.0259,2.37623313985734,344.7045,"0"
"2448",360,36000001,16,0,0.5935,1.96108038433818,410.9533,"1"
"2449",360,36000320,16,1,-0.6487,0.768428319338388,459.7592,"1"
"2450",360,36000285,16,1,-1.423,0.025013012681379,509.0186,"1"
"2451",360,36000229,16,1,-3.1979,-1.67909111722373,329.6021,"0"
"2452",360,36000121,16,1,-1.4813,-0.0309615609697945,348.234,"0"
"2453",360,36000390,16,1,-0.4477,0.961410983212932,285.9632,"0"
"2454",360,36000212,16,1,-3.1127,-1.59728951044706,419.6063,"0"
"2455",360,36000411,16,0,-3.2129,-1.69349280855765,354.9694,"0"
"2456",360,36000329,16,0,-3.5839,-2.0496946408833,307.4837,"0"
"2457",360,36000394,16,0,-0.8369,0.587735098735458,334.0997,"0"
"2458",360,36000082,16,1,0.3528,1.72998124406652,458.1187,"0"
"2459",360,36000307,16,1,-0.6482,0.768908375716186,274.0408,"0"
"2460",360,36000320,16,1,-1.8072,-0.343862308018121,328.807,"1"
"2461",360,36000059,16,0,-1.8296,-0.365368833743443,390.5668,"0"
"2462",360,36000160,16,1,-1.59,-0.135325817502943,395.5426,"1"
"2463",360,36000134,16,0,-2.6271,-1.13105875633025,372.1975,"0"
"2464",360,36000276,16,0,-1.5446,-0.0917366983989417,352.7851,"0"
"2465",360,36000292,16,0,-1.4922,-0.0414267900057771,418.3551,"1"
"2466",360,36000075,16,1,-1.8211,-0.357207875320888,365.9211,"1"
"2467",360,36000093,16,0,-2.7277,-1.22764609954308,403.7886,"0"
"2468",360,36000349,16,0,-1.3432,0.10163001057784,466.848,"1"
"2469",360,36000314,16,0,-0.3948,1.01220094798389,347.5308,"1"
"2470",360,36000116,16,0,-2.1468,-0.669916599818096,402.2364,"0"
"2471",360,36000331,16,0,-0.8782,0.548082441929395,446.8642,"1"
"2472",360,36000327,16,0,-1.4804,-0.0300974594897591,386.6245,"0"
"2473",360,36000302,16,0,-2.1906,-0.711969538513145,370.4672,"0"
"2474",360,36000196,16,1,-1.6557,-0.198405225545518,309.3496,"1"
"2475",360,36000142,16,0,-0.3575,1.04801315376758,324.9408,"0"
"2476",360,36000256,16,1,-1.9908,-0.520139009945316,383.5892,"0"
"2477",360,36000007,16,1,-2.9174,-1.4097794892794,314.9359,"0"
"2478",360,36000270,16,0,-2.0849,-0.610485620246781,382.6846,"0"
"2479",360,36000272,16,1,-0.4265,0.98176537363154,467.0265,"1"
"2480",360,36000331,16,1,-1.6147,-0.159040602566133,473.3236,"1"
"2481",360,36000313,16,0,-1.6789,-0.220679841475316,337.5458,"0"
"2482",360,36000115,16,1,-1.1483,0.288755986643255,341.8598,"1"
"2483",360,36000239,16,0,-3.1786,-1.66056094104075,320.4655,"0"
"2484",360,36000200,16,1,-2.4626,-0.973120208034916,379.7014,"0"
"2485",360,36000029,16,0,0.1904,1.57405893255794,385.9812,"0"
"2486",360,36000339,16,0,-0.8464,0.578614027557308,438.9328,"0"
"2487",360,36000044,16,1,1.1559,2.50104779808466,522.5642,"1"
"2488",360,36000179,16,1,-0.6199,0.796079566699517,366.6034,"0"
"2489",360,36000411,16,1,-1.8121,-0.348566860520535,410.7547,"0"
"2490",360,36000078,16,0,-1.1591,0.278386768882832,429.209,"1"
"2491",360,36000225,16,0,-0.9653,0.464456620917093,482.5677,"1"
"2492",360,36000410,16,1,-2.0324,-0.560079700578057,333.3745,"0"
"2493",360,36000113,16,0,0.5787,1.94687071555538,318.3708,"0"
"2494",360,36000060,16,1,-2.3436,-0.858866790119141,279.9939,"0"
"2495",360,36000087,16,0,-1.8693,-0.403485310140555,312.4537,"0"
"2496",360,36000168,16,1,-1.6718,-0.213863040910593,317.9393,"1"
"2497",360,36000108,16,0,-2.0438,-0.571024985991837,306.0668,"1"
"2498",360,36000044,16,1,-1.088,0.346650785805618,470.5146,"1"
"2499",360,36000286,16,0,-1.7211,-0.261196599761414,454.7596,"0"
"2500",360,36000263,16,1,-1.7866,-0.324083985252869,462.3918,"0"
"2501",360,36000394,16,1,-0.1361,1.26058211785625,376.7606,"0"
"2502",360,36000368,16,1,-2.2086,-0.729251568113851,407.5874,"1"
"2503",360,36000292,16,1,0.7132,2.07600588118287,516.7722,"1"
"2504",360,36000062,16,0,0.4075,1.78249941179756,385.2163,"0"
"2505",360,36000173,16,1,-1.6573,-0.199941405954469,311.7012,"0"
"2506",360,36000244,16,0,-1.7605,-0.299025042331847,406.602,"1"
"2507",360,36000094,16,1,-1.7852,-0.322739827395037,420.2949,"1"
"2508",360,36000205,16,1,0.5027,1.87390214613018,371.4959,"0"
"2509",360,36000049,16,0,-0.0852,1.30945185711603,514.7032,"1"
"2510",360,36000277,16,1,-1.6908,-0.232105183266893,349.6055,"0"
"2511",360,36000019,16,1,-2.0343,-0.561903914813687,381.4788,"0"
"2512",360,36000073,16,1,-1.9158,-0.44813055327571,361.0184,"0"
"2513",360,36000198,16,1,-1.8983,-0.431328580052802,397.6288,"0"
"2514",360,36000364,16,0,-3.2193,-1.69963753019346,284.313,"0"
"2515",360,36000177,16,1,-0.9593,0.470217297450661,362.0549,"1"
"2516",360,36000235,16,0,-2.3431,-0.858386733741344,359.2404,"0"
"2517",360,36000109,16,1,-0.0994,1.29581825598658,450.2839,"1"
"2518",360,36000205,16,0,-1.4875,-0.0369142600544819,516.8992,"1"
"2519",360,36000209,16,0,0.6838,2.04777856616838,369.1498,"0"
"2520",360,36000338,16,0,-1.2708,0.171142174082899,412.3634,"1"
"2521",360,36000406,16,0,-1.2137,0.225964612427359,413.3327,"0"
"2522",360,36000224,16,0,-0.261,1.14066403468247,492.275,"0"
"2523",360,36000142,16,1,-1.7857,-0.323219883772834,378.5448,"1"
"2524",360,36000251,16,0,-0.5592,0.854358410964118,315.3936,"0"
"2525",360,36000140,16,0,-1.5024,-0.0512199401128435,330.6937,"0"
"2526",360,36000024,16,1,-1.9121,-0.44457813608001,439.3212,"0"
"2527",360,36000029,16,0,0.8644,2.22117492982879,401.534,"0"
"2528",360,36000035,16,0,-2.0734,-0.599444323557442,363.6731,"0"
"2529",360,36000104,16,0,-3.1666,-1.64903958797361,280.3701,"1"
"2530",360,36000288,16,0,-2.1722,-0.694303463810202,360.6868,"0"
"2531",360,36000376,16,1,-1.9167,-0.448994654755746,471.7598,"1"
"2532",360,36000220,16,1,-0.4541,0.955266261577125,284.7341,"1"
"2533",360,36000049,16,0,-0.0222,1.36993896071849,456.6313,"1"
"2534",360,36000028,16,0,-1.5168,-0.0650455637934078,393.5011,"1"
"2535",360,36000319,16,0,-0.708,0.71149363293162,433.9546,"0"
"2536",360,36000208,16,0,-3.1917,-1.67313841813904,357.418,"0"
"2537",360,36000260,16,1,-0.6525,0.764779890867128,392.5262,"0"
"2538",360,36000135,16,1,-2.5333,-1.04100017985546,330.3462,"0"
"2539",360,36000150,16,0,0.1992,1.58250792480717,498.3241,"0"
"2540",360,36000228,16,0,-0.7717,0.650334450400235,252.5812,"0"
"2541",360,36000042,16,0,0.0041,1.39518992619064,517.2527,"0"
"2542",360,36000054,16,1,-2.0826,-0.608277360908913,406.5456,"1"
"2543",360,36000327,16,1,-2.6711,-1.17330371757642,366.2782,"0"
"2544",360,36000213,16,1,-2.144,-0.667228284102431,347.2103,"0"
"2545",360,36000137,16,0,-1.7035,-0.244298615262946,309.092,"0"
"2546",360,36000378,16,1,-1.9883,-0.517738728056329,364.1279,"1"
"2547",360,36000408,16,1,-1.6891,-0.230472991582382,367.5377,"0"
"2548",360,36000222,16,0,-1.2955,0.147427389019709,356.168,"1"
"2549",360,36000029,16,0,0.6226,1.98901966552599,434.3342,"1"
"2550",360,36000252,16,1,-2.381,-0.894775007178384,340.7179,"0"
"2551",360,36000249,16,0,-1.6534,-0.19619696620765,335.0222,"0"
"2552",360,36000129,16,0,-1.8637,-0.398108678709224,378.7991,"0"
"2553",360,36000049,16,0,-1.4558,-0.00647868570212851,426.6844,"1"
"2554",360,36000195,16,1,1.2047,2.54790130055768,377.3371,"0"
"2555",360,36000342,16,1,-1.1455,0.29144430235892,325.5386,"1"
"2556",360,36000092,16,1,-0.9252,0.502957142416442,376.7879,"0"
"2557",360,36000355,16,1,-1.3061,0.137250193810404,355.0493,"1"
"2558",360,36000230,16,0,-1.2892,0.153476099379956,348.8558,"0"
"2559",360,36000235,16,0,-1.0918,0.343002357334358,315.3856,"0"
"2560",360,36000098,16,0,-3.2686,-1.74697108904428,356.1782,"1"
"2561",360,36000279,16,1,-0.1946,1.20441552165396,482.7429,"1"
"2562",360,36000284,16,0,-0.8597,0.565844527907898,291.472,"0"
"2563",360,36000118,16,0,-1.7269,-0.266765253743863,370.2979,"0"
"2564",360,36000051,16,1,-1.0611,0.372477818931117,280.7115,"1"
"2565",360,36000193,16,0,-1.6721,-0.214151074737271,339.4485,"0"
"2566",360,36000279,16,1,-1.0412,0.391584062767452,429.8191,"0"
"2567",360,36000291,16,1,-1.4898,-0.0391225193923498,339.5891,"0"
"2568",360,36000383,16,1,-0.9137,0.513998439105782,452.1795,"0"
"2569",360,36000245,16,0,-1.7592,-0.297776895749574,463.0798,"1"
"2570",360,36000079,16,1,-2.8753,-1.36935874226887,465.6269,"1"
"2571",360,36000383,16,0,-1.8757,-0.409630031776361,395.2659,"0"
"2572",360,36000115,16,1,-0.2583,1.14325633912258,380.1362,"0"
"2573",360,36000357,16,1,-2.3693,-0.883541687937926,313.7687,"0"
"2574",360,36000160,16,0,-2.499,-1.00806831233856,377.817,"1"
"2575",360,36000027,16,1,-1.5568,-0.103450074017198,420.689,"1"
"2576",360,36000341,16,0,0.5004,1.87169388679231,438.3908,"0"
"2577",360,36000351,16,0,1.2328,2.5748804689899,505.1303,"1"
"2578",360,36000164,16,0,-0.9474,0.481642639242239,401.7509,"1"
"2579",360,36000090,16,1,-1.3318,0.11257529599162,480.8264,"0"
"2580",360,36000404,16,0,-1.4916,-0.0408507223524204,368.4683,"0"
"2581",360,36000006,16,1,-1.4894,-0.0387384742901119,332.9677,"1"
"2582",360,36000157,16,1,-0.6002,0.814993787984734,311.2434,"0"
"2583",360,36000410,16,0,-1.0794,0.354907755503733,336.2392,"0"
"2584",360,36000134,16,0,-2.0391,-0.566512456040542,330.7137,"0"
"2585",360,36000235,16,1,-1.3756,0.0705223572965699,324.0364,"0"
"2586",360,36000103,16,0,-0.5894,0.825363005745157,381.4461,"1"
"2587",360,36000359,16,0,-1.4658,-0.0160798132580759,338.8661,"0"
"2588",360,36000030,16,0,-1.0895,0.345210616672226,442.5888,"1"
"2589",360,36000386,16,0,-1.6036,-0.148383350979031,447.3626,"1"
"2590",360,36000246,16,1,-1.3805,0.0658178047941556,442.3064,"1"
"2591",360,36000378,16,1,-2.4938,-1.00307572600947,317.624,"0"
"2592",360,36000071,16,0,-0.4139,0.993862794352034,299.1316,"0"
"2593",360,36000171,16,0,-0.4966,0.914461469464349,435.7678,"1"
"2594",360,36000114,16,1,-2.5286,-1.03648764990417,348.0787,"0"
"2595",360,36000355,16,1,-0.7675,0.654366923973733,330.3994,"1"
"2596",360,36000178,16,0,-1.6498,-0.192740560287509,468.4584,"0"
"2597",360,36000026,16,0,-2.1867,-0.708225098766326,352.718,"1"
"2598",360,36000410,16,0,-2.0149,-0.543277727355149,368.8168,"0"
"2599",360,36000375,16,1,-2.7356,-1.23523099031228,319.7208,"1"
"2600",360,36000094,16,0,-2.0496,-0.576593639974287,494.1406,"1"
"2601",360,36000402,16,0,-2.4794,-0.989250102328907,329.4572,"0"
"2602",360,36000403,16,0,-1.8887,-0.422111497599093,363.8076,"1"
"2603",360,36000307,16,1,-2.1741,-0.696127678045833,296.9618,"0"
"2604",360,36000231,16,1,-2.249,-0.768040123439879,352.1153,"1"
"2605",360,36000187,16,1,0.7968,2.15627130755059,510.3264,"1"
"2606",360,36000265,16,1,-1.3236,0.120448220587496,319.2568,"0"
"2607",360,36000292,16,1,-1.2672,0.17459858000304,430.1976,"0"
"2608",360,36000136,16,0,-1.3228,0.121216310791972,354.3265,"0"
"2609",360,36000039,16,1,-2.1886,-0.710049313001956,371.5337,"0"
"2610",360,36000025,16,0,-2.1136,-0.63804085633235,477.4456,"1"
"2611",360,36000318,16,1,-0.9751,0.455047515912264,413.2845,"0"
"2612",360,36000406,16,0,-2.4697,-0.979937008599638,407.6156,"0"
"2613",360,36000120,16,0,0.9316,2.28569450700476,458.5763,"1"
"2614",360,36000044,16,0,0.491,1.86266882688972,601.7164,"1"
"2615",360,36000347,16,1,-2.3487,-0.863763365172674,369.6008,"0"
"2616",360,36000217,16,1,-0.4698,0.940192491314288,279.546,"0"
"2617",360,36000033,16,1,-1.4475,0.00149025016930783,421.2236,"1"
"2618",360,36000226,16,0,-0.6269,0.789358777410354,387.8585,"1"
"2619",360,36000103,16,1,-2.6157,-1.12011347091647,322.7758,"0"
"2620",360,36000060,16,0,0.3876,1.76339316796122,401.9999,"0"
"2621",360,36000064,16,0,-1.1796,0.258704457393139,369.2636,"0"
"2622",360,36000210,16,1,-0.6574,0.760075338364714,316.6259,"0"
"2623",360,36000225,16,1,0.6548,2.01993529625614,448.7834,"0"
"2624",360,36000285,16,0,-2.5419,-1.04925714955358,360.5931,"0"
"2625",360,36000027,16,0,-1.4665,-0.0167518921869922,455.792,"0"
"2626",360,36000327,16,1,0.1427,1.52826155411607,380.8606,"1"
"2627",360,36000264,16,1,-2.3319,-0.847633470878683,403.2813,"0"
"2628",360,36000245,16,0,-1.7177,-0.257932216392392,416.9531,"0"
"2629",360,36000005,16,1,-2.6696,-1.17186354844303,336.152,"0"
"2630",360,36000296,16,1,-2.2901,-0.807500757694822,396.9259,"1"
"2631",360,36000221,16,0,-2.0984,-0.62344714244731,279.7003,"0"
"2632",360,36000230,16,0,-1.916,-0.448322575826829,351.9724,"0"
"2633",360,36000392,16,1,-1.1154,0.320343696302322,370.8631,"0"
"2634",360,36000239,16,0,-2.3049,-0.821710426477625,308.7873,"0"
"2635",360,36000305,16,1,-0.6959,0.723110997274317,287.4158,"0"
"2636",360,36000080,16,0,-0.6803,0.738088756261595,487.9543,"1"
"2637",360,36000023,16,0,-3.2173,-1.69771730468227,439.7865,"0"
"2638",360,36000277,16,0,-2.5448,-1.0520414765448,303.6638,"0"
"2639",360,36000100,16,1,-0.5299,0.882489714703044,332.1814,"0"
"2640",360,36000092,16,0,-0.9717,0.458311899281287,430.2506,"1"
"2641",360,36000121,16,1,-1.3828,0.0636095454562877,365.0864,"1"
"2642",360,36000076,16,1,-1.0892,0.345498650498904,376.1016,"1"
"2643",360,36000184,16,1,-3.2892,-1.76674941180953,389.4902,"0"
"2644",360,36000305,16,1,-2.2397,-0.759111074812847,278.7841,"0"
"2645",360,36000161,16,0,0.1297,1.51578008829334,343.3091,"0"
"2646",360,36000215,16,0,-0.817,0.606841342571793,271.8029,"0"
"2647",360,36000177,16,0,0.7578,2.11882691008239,467.5504,"0"
"2648",360,36000234,16,1,0.2195,1.60199821374574,412.923,"1"
"2649",360,36000222,16,1,0.3317,1.70972286492347,345.0119,"1"
"2650",360,36000185,16,0,-2.2934,-0.810669129788285,377.029,"1"
"2651",360,36000371,16,0,-0.9157,0.512078213594592,364.2514,"0"
"2652",360,36000054,16,0,0.334,1.71193112426134,403.9993,"1"
"2653",360,36000030,16,1,-1.5608,-0.107290525039576,443.7904,"1"
"2654",360,36000255,16,1,-1.4215,0.0264531818147712,398.9939,"0"
"2655",360,36000318,16,1,-1.4086,0.0388386363619433,399.4136,"0"
"2656",360,36000082,16,1,-0.1309,1.26557470418535,361.9487,"0"
"2657",360,36000369,16,1,0.0553,1.44434769927709,498.4738,"0"
"2658",360,36000406,16,1,-0.5003,0.910909052268648,506.7961,"1"
"2659",360,36000237,16,0,-1.9371,-0.468580954969878,390.9046,"0"
"2660",360,36000179,16,0,-1.3204,0.1235205814054,368.8027,"0"
"2661",360,36000247,16,0,-1.5339,-0.081463491914078,369.0994,"0"
"2662",360,36000358,16,0,0.138,1.52374902416477,418.4179,"0"
"2663",360,36000410,16,1,-0.7438,0.677121596281328,394.932,"1"
"2664",360,36000398,16,0,-1.6106,-0.155104140268195,509.9123,"1"
"2665",360,36000003,16,1,-1.9593,-0.489895458144082,341.0889,"0"
"2666",360,36000124,16,0,-1.2683,0.173542455971886,321.4338,"0"
"2667",360,36000180,16,0,-3.2164,-1.69685320320223,340.7963,"0"
"2668",360,36000292,16,1,-0.4426,0.966307558266465,389.373,"0"
"2669",360,36000346,16,0,-1.5339,-0.081463491914078,319.2036,"0"
"2670",360,36000370,16,0,-3.2321,-1.71192697346507,331.4599,"0"
"2671",360,36000236,16,0,-0.2369,1.1638027520923,331.3027,"0"
"2672",360,36000020,16,0,-1.378,0.0682180866831426,390.0828,"1"
"2673",360,36000109,16,0,-2.1151,-0.639481025465742,390.1258,"0"
"2674",360,36000339,16,1,-2.3488,-0.863859376448234,334.4698,"0"
"2675",360,36000195,16,1,-0.5936,0.821330532171659,409.8139,"0"
"2676",360,36000367,16,1,-1.9526,-0.483462702681597,341.758,"0"
"2677",360,36000077,16,0,-2.6615,-1.16408663512271,407.081,"0"
"2678",360,36000113,16,1,-0.555,0.858390884537616,303.292,"0"
"2679",360,36000269,16,1,-2.9124,-1.40497892550143,426.9762,"0"
"2680",360,36000109,16,0,-1.5339,-0.081463491914078,491.4121,"0"
"2681",360,36000376,16,1,-0.73,0.690371152308536,381.3571,"0"
"2682",360,36000193,16,1,-2.849,-1.34410777679672,310.9531,"1"
"2683",360,36000134,16,0,-1.5893,-0.134653738574027,383.8848,"1"
"2684",360,36000335,16,1,-1.7643,-0.302673470803107,374.6751,"0"
"2685",360,36000050,16,1,-2.0124,-0.540877445466162,295.1261,"0"
"2686",360,36000182,16,1,0.3107,1.68956049705598,395.4124,"1"
"2687",360,36000384,16,1,-2.4583,-0.968991723185858,425.7919,"0"
"2688",360,36000302,16,1,-1.3768,0.0693702219898561,324.8001,"0"
"2689",360,36000395,16,1,-2.8286,-1.32452147658259,388.4677,"1"
"2690",360,36000118,16,0,-2.9201,-1.41237179371951,400.1166,"0"
"2691",360,36000231,16,0,-1.0592,0.374302033166747,347.4089,"0"
"2692",360,36000033,16,1,0.6211,1.98757949639259,294.0804,"1"
"2693",360,36000115,16,0,-1.3402,0.104510348844624,410.9348,"1"
"2694",360,36000331,16,1,-0.6528,0.76449185704045,395.6825,"1"
"2695",360,36000352,16,0,-2.9722,-1.462393668286,371.5673,"0"
"2696",360,36000351,16,0,0.7647,2.125451688096,413.7551,"0"
"2697",360,36000114,16,1,-0.8659,0.55989182882321,326.5684,"1"
"2698",360,36000403,16,0,-1.0492,0.383903160722694,340.1183,"0"
"2699",360,36000214,16,1,-1.6046,-0.149343463734626,354.5982,"0"
"2700",360,36000031,16,1,-1.7311,-0.270797727317361,312.5373,"1"
"2701",360,36000335,16,1,-1.5314,-0.0790632100250912,397.0303,"0"
"2702",360,36000239,16,1,-2.919,-1.41131566968836,357.5797,"0"
"2703",360,36000234,16,0,-1.558,-0.104602209323911,408.8243,"0"
"2704",360,36000368,16,1,-0.8631,0.562580144538876,417.8274,"1"
"2705",360,36000116,16,0,-2.3298,-0.845617234091934,308.0111,"0"
"2706",360,36000077,16,0,0.4699,1.84241044774667,262.8066,"0"
"2707",360,36000270,16,0,0.229,1.61111928492389,350.1583,"1"
"2708",360,36000168,16,0,-2.7167,-1.21708485923154,425.6622,"1"
"2709",360,36000119,16,1,-1.4798,-0.0295213918364024,335.9545,"0"
"2710",360,36000182,16,0,-1.0613,0.372285796379998,335.2108,"1"
"2711",360,36000337,16,1,-0.062,1.33172647304582,343.5521,"0"
"2712",360,36000079,16,0,-2.1992,-0.72022650821126,372.2076,"0"
"2713",360,36000290,16,1,-0.5532,0.860119087497686,378.3431,"0"
"2714",360,36000284,16,1,-0.4409,0.967939749950976,394.5267,"0"
"2715",360,36000251,16,1,-1.2475,0.193512801288256,313.166,"1"
"2716",360,36000195,16,1,0.3541,1.7312293906488,467.2586,"1"
"2717",360,36000085,16,0,-1.6492,-0.192164492634152,415.1393,"1"
"2718",360,36000384,16,0,-1.7783,-0.316115049381433,415.4774,"1"
"2719",360,36000193,16,0,-0.9109,0.516686754821447,361.0981,"0"
"2720",360,36000124,16,1,-0.7801,0.642269503253239,282.7354,"0"
"2721",360,36000012,16,1,-1.0703,0.363644781579645,483.412,"1"
"2722",360,36000307,16,0,-1.9446,-0.475781800636839,401.5263,"1"
"2723",360,36000157,16,0,-2.6601,-1.16274247726488,299.3596,"0"
"2724",360,36000261,16,1,-4.1228,-2.56709940487331,295.2509,"0"
"2725",360,36000014,16,1,-2.4786,-0.988482012124432,356.4906,"1"
"2726",360,36000204,16,0,-2.0338,-0.56142385843589,318.2332,"0"
"2727",360,36000315,16,0,-0.5899,0.824882949367359,372.2971,"0"
"2728",360,36000161,16,0,-0.7047,0.714662005025083,379.4783,"1"
"2729",360,36000119,16,0,0.3107,1.68956049705598,405.5314,"0"
"2730",360,36000251,16,1,0.1835,1.56743415454433,361.9436,"0"
"2731",360,36000106,16,0,-2.8396,-1.33508271689413,301.316,"0"
"2732",360,36000072,16,0,-1.0265,0.405697720274695,499.1895,"1"
"2733",360,36000286,16,0,-2.3007,-0.817677952904127,377.7846,"0"
"2734",360,36000411,16,0,-2.2026,-0.723490891580282,331.5817,"0"
"2735",360,36000261,16,0,-1.6568,-0.199461349576672,296.626,"1"
"2736",360,36000190,16,1,0.0755,1.4637419769401,395.8634,"0"
"2737",360,36000161,16,0,-2.2961,-0.813261434228391,355.1512,"0"
"2738",360,36000198,16,0,0.7706,2.13111635335401,334.3851,"0"
"2739",360,36000177,16,1,-0.9293,0.499020680118504,429.3854,"0"
"2740",360,36000006,16,0,-1.8991,-0.432096670257278,357.1243,"0"
"2741",360,36000106,16,0,-2.2736,-0.791658897227509,366.7368,"1"
"2742",360,36000087,16,0,-2.8764,-1.37041486630002,332.3232,"0"
"2743",360,36000380,16,0,-1.5847,-0.130237219898291,319.9902,"0"
"2744",360,36000105,16,0,-2.7663,-1.26470645190904,308.0157,"0"
"2745",360,36000087,16,1,-1.6093,-0.153855993685922,339.01,"0"
"2746",360,36000239,16,1,-1.7169,-0.257164126187916,354.7393,"0"
"2747",360,36000078,16,1,-3.1047,-1.5896086084023,395.2758,"0"
"2748",360,36000395,16,1,-2.2847,-0.802316148814611,310.1344,"0"
"2749",360,36000190,16,0,0.7856,2.14551804468793,442.3568,"1"
"2750",360,36000137,16,0,-2.0793,-0.605108988815451,321.5446,"1"
"2751",360,36000113,16,1,-1.8259,-0.361816416547743,256.5598,"0"
"2752",360,36000110,16,1,-1.7826,-0.32024353423049,349.0002,"0"
"2753",360,36000217,16,0,-1.1192,0.316695267831062,381.0983,"1"
"2754",360,36000226,16,0,0.8118,2.17067299888451,470.4435,"1"
"2755",360,36000206,16,0,-1.6386,-0.181987297424848,396.7578,"0"
"2756",360,36000032,16,0,-2.1093,-0.633912371483293,339.0325,"1"
"2757",360,36000234,16,1,-2.2461,-0.765255796448654,357.9404,"0"
"2758",360,36000147,16,0,-1.6419,-0.18515566951831,399.1149,"1"
"2759",360,36000212,16,0,-2.9304,-1.42226095510214,391.943,"0"
"2760",360,36000067,16,0,-1.1489,0.288179918989898,312.6361,"0"
"2761",360,36000072,16,0,-0.7002,0.718982512425259,429.2561,"1"
"2762",360,36000347,16,1,-2.3495,-0.86453145537715,390.8837,"0"
"2763",360,36000226,16,0,-0.406,1.00144768512123,403.6411,"1"
"2764",360,36000339,16,0,0.3098,1.68869639557595,423.357,"1"
"2765",360,36000280,16,1,-0.0373,1.35544125810901,411.0071,"1"
"2766",360,36000293,16,0,-2.0262,-0.55412700149337,333.3484,"0"
"2767",360,36000006,16,1,-0.7933,0.629596014879389,451.7149,"0"
"2768",360,36000114,16,1,-1.254,0.187272068376891,298.6438,"1"
"2769",360,36000373,16,1,-1.2598,0.181703414394441,400.9565,"1"
"2770",360,36000065,16,0,0.3447,1.72220433074621,369.1835,"1"
"2771",360,36000378,16,0,-2.0546,-0.581394203752261,279.7113,"0"
"2772",360,36000304,16,0,-2.121,-0.645145690723751,318.8721,"0"
"2773",360,36000034,16,1,-2.4923,-1.00163555687608,389.666,"0"
"2774",360,36000031,16,1,-0.2367,1.16399477464342,361.759,"1"
"2775",360,36000290,16,1,0.6118,1.97865044776556,490.3434,"1"
"2776",360,36000188,16,0,-3.2424,-1.7218161348477,381.9344,"0"
"2777",360,36000340,16,0,-0.7979,0.625179496203653,580.6997,"1"
"2778",360,36000176,16,0,-0.9499,0.479242357353252,426.0292,"1"
"2779",360,36000176,16,1,-2.1655,-0.687870708347718,319.8779,"1"
"2780",360,36000301,16,0,-0.6723,0.745769658306353,373.8035,"1"
"2781",360,36000118,16,0,-2.0108,-0.539341265057211,363.1608,"0"
"2782",360,36000074,16,1,-2.1717,-0.693823407432405,393.8587,"0"
"2783",360,36000045,16,1,-1.5432,-0.090392540541109,386.308,"1"
"2784",360,36000343,16,1,-0.6944,0.724551166407709,274.619,"0"
"2785",360,36000003,16,0,-1.588,-0.133405591991754,447.6344,"1"
"2786",360,36000335,16,0,-3.0871,-1.57271062390383,423.5367,"1"
"2787",360,36000064,16,0,-1.983,-0.512650130451677,403.8812,"0"
"2788",360,36000186,16,0,-1.7451,-0.284239305895688,372.4969,"1"
"2789",360,36000325,16,0,-0.007,1.38453267460354,434.2089,"0"
"2790",360,36000225,16,1,0.382,1.75801653652989,444.2758,"0"
"2791",360,36000349,16,0,-1.4729,-0.0228966138227987,422.054,"1"
"2792",360,36000150,16,0,0.2182,1.60075006716347,418.3159,"0"
"2793",360,36000233,16,0,-1.5436,-0.090776585643347,399.8955,"0"
"2794",360,36000226,16,0,-1.237,0.203593985222001,431.4551,"1"
"2795",360,36000244,16,0,-1.5765,-0.122364295302414,411.3499,"1"
"2796",360,36000283,16,1,-1.0918,0.343002357334358,323.861,"1"
"2797",360,36000309,16,1,-3.7695,-2.22789156832169,389.9805,"1"
"2798",360,36000347,16,1,-2.5592,-1.06586710022537,330.9964,"0"
"2799",360,36000140,16,1,-2.1387,-0.662139686497779,387.6972,"0"
"2800",360,36000295,16,0,-1.206,0.233357480645438,412.1351,"0"
"2801",360,36000209,16,1,0.2522,1.63339390085369,376.7344,"1"
"2802",360,36000065,16,0,-0.5879,0.826803174878549,367.5659,"0"
"2803",360,36000208,16,0,-3.0525,-1.53949072256025,387.381,"0"
"2804",360,36000234,16,0,-1.1918,0.246991081774884,410.174,"0"
"2805",360,36000387,16,0,-1.967,-0.497288326362161,432.5288,"0"
"2806",360,36000053,16,0,-2.8597,-1.35438098328159,398.3119,"0"
"2807",360,36000153,16,1,-2.308,-0.824686776019968,365.3543,"1"
"2808",360,36000366,16,1,-1.4817,-0.0313456060720324,288.1343,"0"
"2809",360,36000121,17,1,3.4748,4.72745326703331,407.6878,"1"
"2810",360,36000008,16,0,-0.7967,0.626331631510367,370.0493,"0"
"2811",360,36000272,16,0,-0.1336,1.26298239974524,382.6637,"0"
"2812",360,36000022,16,0,0.5683,1.93688554289719,468.8099,"0"
"2813",360,36000016,16,1,0.7836,2.14359781917674,215.299,"0"
"2814",360,36000117,16,1,0.5237,1.89406451399767,348.0592,"0"
"2815",360,36000137,16,1,-0.9994,0.431716775951312,322.7935,"0"
"2816",360,36000094,16,1,-2.0298,-0.557583407413511,453.5239,"0"
"2817",360,36000284,16,1,-2.7705,-1.26873892548254,383.275,"0"
"2818",360,36000041,16,1,-1.3911,0.0556406095848513,398.01,"0"
"2819",360,36000233,16,0,0.7453,2.10682550063746,439.8678,"1"
"2820",360,36000206,16,0,-2.3426,-0.857906677363547,376.3453,"1"
"2821",360,36000080,16,0,0.88,2.23615268881607,463.6522,"1"
"2822",360,36000151,16,0,-1.0226,0.409442160021514,327.4013,"1"
"2823",360,36000270,16,0,-2.1014,-0.626327480714094,396.1216,"0"
"2824",360,36000147,16,1,-1.5206,-0.0686939922646678,323.7432,"1"
"2825",360,36000394,16,0,-1.0915,0.343290391161036,386.6011,"0"
"2826",360,36000349,16,0,-1.8716,-0.405693569478423,426.9375,"0"
"2827",360,36000400,16,1,-1.8339,-0.369497318592501,364.1004,"0"
"2828",360,36000391,16,0,-0.6344,0.782157931743393,473.6956,"0"
"2829",360,36000282,16,0,-2.7026,-1.20354726937765,305.8386,"0"
"2830",360,36000171,16,0,-1.7622,-0.300657234016358,452.2375,"1"
"2831",360,36000295,16,1,-1.1096,0.325912350284772,452.3842,"0"
"2832",360,36000383,16,1,-0.5499,0.863287459591149,462.3578,"1"
"2833",360,36000103,16,1,-3.0652,-1.55168415455631,384.5766,"1"
"2834",360,36000178,16,1,1.2399,2.58169726955462,440.0027,"1"
"2835",360,36000207,16,1,-3.4702,-1.94052982057218,380.1116,"0"
"2836",360,36000193,16,0,-2.9336,-1.42533331592004,345.9521,"0"
"2837",360,36000036,16,0,-3.058,-1.54477134271603,353.3703,"0"
"2838",360,36000338,16,0,-1.0235,0.408578058541479,445.2942,"1"
"2839",360,36000192,16,1,-2.2695,-0.787722434929571,315.6289,"0"
"2840",360,36000327,16,1,-0.8788,0.547506374276038,360.4601,"0"
"2841",360,36000064,16,0,-1.4173,0.0304856553882691,370.6261,"0"
"2842",360,36000044,16,1,-1.2153,0.224428432018407,591.3982,"1"
"2843",360,36000393,16,0,0.6344,2.000348996042,522.3949,"1"
"2844",360,36000320,16,1,-2.2427,-0.761991413079632,317.9465,"1"
"2845",360,36000017,16,1,-1.5219,-0.0699421388469411,443.1458,"1"
"2846",360,36000105,16,0,-2.9948,-1.48409221656244,379.0756,"1"
"2847",360,36000052,16,1,-1.2766,0.165573520100449,431.2664,"1"
"2848",360,36000127,16,1,-1.9186,-0.450818868991376,338.2757,"1"
"2849",360,36000070,16,1,-0.911,0.516590743545887,293.7347,"1"
"2850",360,36000203,16,1,-1.3878,0.0588089816783141,444.8068,"0"
"2851",360,36000323,16,1,-1.136,0.30056537353707,312.8026,"0"
"2852",360,36000322,16,1,-2.3728,-0.886902082582508,322.4275,"0"
"2853",360,36000328,16,0,-1.7076,-0.248235077560885,307.686,"0"
"2854",360,36000123,16,0,-2.3154,-0.831791610411369,436.8015,"1"
"2855",360,36000123,16,1,-1.0819,0.352507473614746,329.1814,"0"
"2856",360,36000122,16,0,-1.9421,-0.473381518747852,402.7615,"1"
"2857",360,36000314,16,0,-1.5046,-0.0533321881751519,453.3512,"1"
"2858",360,36000255,16,1,-0.2594,1.14220021509142,396.0277,"0"
"2859",360,36000364,16,1,-2.3619,-0.876436853546525,394.1848,"0"
"2860",360,36000194,16,0,-1.2743,0.167781779438317,450.7199,"0"
"2861",360,36000187,16,1,-1.617,-0.161248861904001,441.9174,"0"
"2862",360,36000134,16,0,-1.7515,-0.290384027531494,364.2064,"0"
"2863",360,36000109,16,1,-1.3635,0.0821397216392663,417.5037,"0"
"2864",360,36000270,16,0,-1.8453,-0.380442604006281,254.7747,"0"
"2865",360,36000024,16,1,-1.6529,-0.195716909829852,341.6695,"0"
"2866",360,36000224,16,1,-1.2361,0.204458086702037,426.6492,"0"
"2867",360,36000086,16,1,-1.3563,0.0890525334795483,438.5335,"0"
"2868",360,36000037,16,1,-2.0703,-0.596467974015098,335.7742,"0"
"2869",360,36000305,16,1,-0.2141,1.18569332291986,345.8278,"0"
"2870",360,36000244,16,0,0.5222,1.89262434486427,441.8179,"0"
"2871",360,36000184,16,1,-2.3212,-0.837360264393819,379.5997,"0"
"2872",360,36000166,16,0,-1.1897,0.249007318561633,313.0929,"0"
"2873",360,36000400,16,1,0.5823,1.95032712147552,452.8817,"1"
"2874",360,36000120,16,0,0.088,1.47574338638504,433.4401,"0"
"2875",360,36000075,16,0,-0.5,0.911197086095327,364.1718,"1"
"2876",360,36000327,16,0,-1.1939,0.244974844988135,350.852,"0"
"2877",360,36000108,16,0,-2.692,-1.19337007416835,318.4223,"0"
"2878",360,36000369,16,1,-1.9687,-0.498920518046672,476.7343,"1"
"2879",360,36000293,16,1,-3.0542,-1.54112291424477,313.3467,"1"
"2880",360,36000301,16,1,-2.098,-0.623063097345072,349.5347,"0"
"2881",360,36000206,16,1,-1.7498,-0.288751835846983,339.364,"1"
"2882",360,36000060,16,0,-1.7916,-0.328884549030843,390.3057,"0"
"2883",360,36000012,16,1,1.3688,2.70545580375078,561.6104,"1"
"2884",360,36000102,16,0,-0.1736,1.22457788952145,493.8889,"1"
"2885",360,36000177,16,1,-1.1966,0.242382540548029,369.0172,"0"
"2886",360,36000194,16,1,0.2809,1.66094913693926,391.3813,"1"
"2887",360,36000269,16,0,-2.693,-1.19433018692394,480.2614,"0"
"2888",360,36000111,16,1,0.9398,2.29356743160064,440.2148,"1"
"2889",360,36000170,16,1,-3.4816,-1.95147510598596,357.0508,"1"
"2890",360,36000260,16,0,0.3983,1.77366637444608,434.42,"0"
"2891",360,36000246,16,1,-1.5457,-0.092792822430096,346.5784,"0"
"2892",360,36000346,16,0,-1.6293,-0.173058248797816,339.0905,"1"
"2893",360,36000083,16,0,-1.903,-0.435841110004098,319.0305,"0"
"2894",360,36000413,16,0,-1.6845,-0.226056472906646,329.5818,"0"
"2895",360,36000191,16,0,-1.3994,0.047671673713415,435.2791,"0"
"2896",360,36000169,16,0,-1.8966,-0.429696388368291,381.9177,"0"
"2897",360,36000044,16,1,0.074,1.46230180780671,517.5465,"0"
"2898",360,36000149,16,1,-1.981,-0.510729904940488,358.2328,"0"
"2899",360,36000211,16,0,-2.4942,-1.00345977111171,340.5177,"1"
"2900",360,36000071,16,1,-2.9355,-1.42715753015567,324.0169,"0"
"2901",360,36000057,16,1,-1.2872,0.155396324891145,334.0534,"1"
"2902",360,36000003,16,0,-1.0955,0.339449940138657,353.1591,"0"
"2903",360,36000399,16,0,-2.9649,-1.45538484517016,292.9308,"0"
"2904",360,36000237,16,1,-0.0191,1.37291531026084,450.9202,"1"
"2905",360,36000168,16,0,-1.23,0.210314774511164,258.7315,"1"
"2906",360,36000201,16,1,-2.7107,-1.21132418269797,312.3218,"0"
"2907",360,36000223,16,0,1.4686,2.80127505675914,373.1562,"1"
"2908",360,36000034,16,1,-2.333,-0.848689594909837,266.2785,"0"
"2909",360,36000283,16,0,-2.1148,-0.639192991639064,322.9418,"0"
"2910",360,36000022,16,0,-1.8818,-0.415486719585489,374.2321,"0"
"2911",360,36000400,16,0,-1.7934,-0.330612751990914,393.4388,"1"
"2912",360,36000230,16,0,0.1035,1.49062513409675,360.3662,"1"
"2913",360,36000314,16,0,-2.1276,-0.651482434910677,392.1892,"1"
"2914",360,36000055,1,0,-2.4219,-0.93404361888221,350.178,"1"
"2915",360,36000403,1,0,-2.5488,-1.05588192756718,474.5014,"1"
"2916",360,36000333,16,1,-0.4298,0.978597001538078,309.925,"1"
"2917",360,36000272,16,0,-3.2958,-1.77308615599646,370.4591,"1"
"2918",360,36000294,16,1,-2.5607,-1.06730726935876,425.2736,"0"
"2919",360,36000217,16,0,-1.1299,0.306422061346198,375.3605,"0"
"2920",360,36000048,16,1,-1.6303,-0.174018361553411,430.8111,"1"
"2921",360,36000179,16,0,-1.7484,-0.28740767798915,391.0286,"0"
"2922",360,36000239,16,1,-1.8915,-0.424799813314758,327.5247,"0"
"2923",360,36000155,16,0,-2.9111,-1.40373077891916,328.82,"0"
"2924",360,36000198,16,0,-1.4355,0.0130116032364448,322.8467,"1"
"2925",360,36000382,16,0,-1.2177,0.22212416140498,329.8167,"0"
"2926",360,36000406,16,0,-1.1863,0.252271701930655,470.9445,"1"
"2927",360,36000069,16,1,-1.7971,-0.334165169186614,481.1104,"1"
"2928",360,36000142,16,1,-1.7249,-0.264845028232674,249.025,"0"
"2929",360,36000065,16,0,-1.8393,-0.374681927472712,319.6231,"1"
"2930",360,36000368,16,1,-0.6832,0.73530442927037,328.7242,"0"
"2931",360,36000377,16,1,-1.7743,-0.312274598359054,371.9866,"0"
"2932",360,36000288,16,0,-2.6054,-1.11022430953384,414.4773,"0"
"2933",360,36000230,16,0,-1.9193,-0.451490947920292,375.372,"0"
"2934",360,36000030,16,1,-1.7577,-0.296336726616181,505.8764,"1"
"2935",360,36000090,16,1,-0.7497,0.671456931023319,462.3355,"1"
"2936",360,36000188,16,0,-1.4609,-0.0113752607556618,293.9736,"0"
"2937",360,36000073,16,0,-2.4299,-0.941724520926968,339.4621,"0"
"2938",360,36000358,16,1,-1.8751,-0.409053964123004,357.4807,"1"
"2939",360,36000161,16,1,-2.6395,-1.14296415449963,352.4641,"0"
"2940",360,36000382,16,0,-0.6557,0.761707530049225,381.0307,"0"
"2941",360,36000033,16,1,-1.6564,-0.199077304474434,372.2787,"0"
"2942",360,36000364,16,1,-2.7477,-1.24684835465498,307.1799,"0"
"2943",360,36000226,16,1,-1.0868,0.347802921112332,527.9652,"1"
"2944",360,36000072,16,1,-1.506,-0.0546763460329846,511.6343,"1"
"2945",360,36000319,16,1,-0.6323,0.784174168530142,385.2794,"0"
"2946",360,36000264,16,1,-1.4824,-0.0320176850009486,379.6149,"1"
"2947",360,36000200,16,1,-0.9255,0.502669108589764,406.1264,"0"
"2948",360,36000340,16,0,-0.0234,1.36878682541178,469.8361,"0"
"2949",360,36000134,16,1,-1.6691,-0.211270736470487,388.2449,"0"
"2950",360,36000067,16,0,-1.3883,0.0583289253005165,343.9314,"0"
"2951",360,36000403,16,0,-1.2454,0.195529038075005,389.9455,"0"
"2952",360,36000194,16,0,-1.4435,0.00533070119168681,392.6961,"0"
"2953",360,36000287,16,0,-1.7505,-0.289423914775899,542.4315,"1"
"2954",360,36000260,16,0,-1.7663,-0.304593696314296,369.1256,"1"
"2955",360,36000106,16,0,-2.2711,-0.789258615338522,335.7898,"1"
"2956",360,36000028,16,0,-2.3084,-0.825070821122206,285.0011,"0"
"2957",360,36000288,16,0,-2.2732,-0.791274852125271,482.3624,"1"
"2958",360,36000182,16,1,-0.6402,0.776589277760944,381.6803,"0"
"2959",360,36000200,16,1,-1.19,0.248719284734954,385.2389,"0"
"2960",360,36000022,16,1,-1.5182,-0.0663897216512405,352.8167,"0"
"2961",360,36000004,16,0,-2.9807,-1.47055462670855,370.3145,"0"
"2962",360,36000076,16,1,-1.2359,0.204650109253155,287.2883,"0"
"2963",360,36000239,16,1,-0.3142,1.08958603608483,259.4911,"1"
"2964",360,36000177,16,1,-1.2126,0.227020736458513,329.1188,"0"
"2965",360,36000113,16,1,-2.081,-0.606741180499962,363.9529,"1"
"2966",360,36000153,16,0,-1.5339,-0.081463491914078,362.9494,"0"
"2967",360,36000087,16,0,-1.6145,-0.158848580015014,322.468,"0"
"2968",360,36000128,16,1,-2.0519,-0.578801899312155,359.3224,"0"
"2969",360,36000178,16,1,-1.4806,-0.0302894820408781,407.144,"1"
"2970",360,36000045,16,1,-1.2226,0.217419608902566,399.0971,"0"
"2971",360,36000185,16,1,-0.3758,1.03044309034019,408.2417,"0"
"2972",360,36000306,16,0,-2.2644,-0.782825859876038,387.0025,"0"
"2973",360,36000051,16,1,-0.6151,0.800688107926372,345.627,"0"
"2974",360,36000326,16,1,-1.7148,-0.255147889401167,299.6814,"0"
"2975",360,36000037,16,0,-2.5398,-1.04724091276683,360.1138,"0"
"2976",360,36000334,16,0,-2.1557,-0.678461603342889,390.1262,"0"
"2977",360,36000299,16,1,-1.2203,0.219627868240433,410.4152,"0"
"2978",360,36000051,16,1,-3.3555,-1.83040488750546,459.3486,"1"
"2979",360,36000224,16,0,-0.2262,1.17407595857717,396.8023,"1"
"2980",360,36000282,16,1,-1.8972,-0.430272456021648,318.9692,"1"
"2981",360,36000033,16,1,-1.5598,-0.106330412283982,352.4254,"0"
"2982",360,36000076,16,1,-0.4314,0.977060821129126,362.8359,"1"
"2983",360,36000010,16,0,-1.4272,0.0209805391078811,321.7269,"0"
"2984",360,36000051,16,0,-3.2429,-1.72229619122549,326.0165,"1"
"2985",360,36000272,16,1,-1.1357,0.300853407363749,362.2622,"0"
"2986",360,36000102,16,0,0.4902,1.86190073668524,437.2758,"0"
"2987",360,36000358,16,0,-1.4628,-0.0131994749912918,377.2002,"0"
"2988",360,36000264,16,0,-0.7755,0.646686021928975,310.1876,"0"
"2989",360,36000149,16,1,-1.8338,-0.369401307316941,352.1123,"1"
"2990",360,36000163,16,1,-2.0585,-0.58513864349908,350.6909,"0"
"2991",360,36000093,16,1,-1.5442,-0.0913526532967038,452.5488,"1"
"2992",360,36000069,16,0,-0.3817,1.02477842508218,434.9759,"1"
"2993",360,36000217,16,1,-2.6984,-1.19951479580416,278.3895,"0"
"2994",360,36000153,16,0,-2.6489,-1.15198921440222,373.4412,"1"
"2995",360,36000359,16,0,-3.3876,-1.86122450696005,460.7023,"0"
"2996",360,36000291,16,0,-1.3902,0.0565047110648865,391.8351,"1"
"2997",360,36000064,16,1,-1.7428,-0.28203104655782,377.6675,"0"
"2998",360,36000264,16,0,-0.7848,0.637756973301944,286.3376,"1"
"2999",360,36000178,16,0,-0.3589,1.04666899590975,415.1062,"0"
"3000",360,36000400,16,0,-1.5229,-0.0709022516025357,434.2307,"0"
"3001",360,36000200,16,1,-2.4018,-0.914745352494755,422.7097,"0"
"3002",360,36000002,16,1,-1.8207,-0.35682383021865,311.1936,"0"
"3003",360,36000369,16,1,-0.5025,0.90879680420634,461.3453,"0"
"3004",360,36000052,16,0,0.02,1.41045571900459,319.4114,"0"
"3005",360,36000173,16,0,0.2693,1.64981182897436,383.3755,"1"
"3006",360,36000263,16,0,-1.5635,-0.109882829479682,495.0229,"1"
"3007",360,36000215,16,1,-2.9298,-1.42168488744878,350.4627,"0"
"3008",360,36000252,16,0,-2.2617,-0.780233555435932,337.7457,"1"
"3009",360,36000120,16,0,-0.9884,0.442278016262854,426.4447,"0"
"3010",360,36000258,16,0,-2.2967,-0.813837501881748,311.6989,"0"
"3011",360,36000026,16,1,-2.3246,-0.840624647762841,295.9723,"1"
"3012",360,36000159,16,0,-0.1716,1.22649811503264,360.6316,"0"
"3013",360,36000384,16,1,-1.7744,-0.312370609634614,430.3125,"1"
"3014",360,36000189,16,0,0.3924,1.76800170918808,382.1829,"0"
"3015",360,36000173,16,1,-1.7872,-0.324660052906226,520.0026,"1"
"3016",360,36000280,16,0,-0.1662,1.23168272391285,485.8889,"1"
"3017",360,36000253,16,1,-0.198,1.20115113828494,416.5459,"0"
"3018",360,36000293,16,0,-2.2934,-0.810669129788285,388.2995,"0"
"3019",360,36000214,16,1,-0.9098,0.517742878852601,351.1827,"0"
"3020",360,36000155,16,0,-2.3062,-0.822958573059898,355.0972,"0"
"3021",360,36000366,16,1,-1.8627,-0.397148565953629,326.0512,"0"
"3022",360,36000406,16,1,-1.3661,0.0796434284747198,467.8979,"0"
"3023",360,36000034,16,0,-2.0604,-0.58696285773471,361.842,"0"
"3024",360,36000177,16,0,-2.2007,-0.721666677344652,395.8449,"0"
"3025",360,36000376,16,1,-2.3431,-0.858386733741344,352.7521,"0"
"3026",360,36000118,16,1,-1.6412,-0.184483590589394,360.8103,"0"
"3027",360,36000255,16,0,-1.2246,0.215499383391376,419.0622,"0"
"3028",360,36000017,16,0,-0.7376,0.683074295366016,397.6768,"0"
"3029",360,36000272,16,0,-1.1814,0.256976254433069,345.9644,"1"
"3030",360,36000156,16,0,-1.8221,-0.358167988076483,422.9406,"1"
"3031",360,36000036,16,0,-1.5335,-0.0810794468118401,437.5522,"1"
"3032",360,36000301,16,1,-3.5808,-2.04671829134096,313.0558,"1"
"3033",360,36000396,16,0,-2.0775,-0.60338078585538,321.2742,"1"
"3034",360,36000203,16,1,-2.1164,-0.640729172048016,399.4654,"1"
"3035",360,36000001,16,0,-0.7211,0.698916155833329,537.5765,"1"
"3036",360,36000269,16,1,-2.0135,-0.541933569497317,452.181,"0"
"3037",360,36000140,16,1,-0.0105,1.38117227995895,323.3449,"0"
"3038",360,36000022,16,0,-2.3785,-0.892374725289398,452.9666,"1"
"3039",360,36000338,16,1,-1.4282,0.0200204263522865,388.7664,"0"
"3040",360,36000197,16,0,-1.3851,0.0614012861184198,387.4828,"0"
"3041",360,36000120,16,0,-1.1048,0.330520891511626,474.469,"1"
"3042",360,36000010,16,1,-1.496,-0.0450752184770372,324.9169,"1"
"3043",360,36000341,16,0,-1.1257,0.310454534919696,402.3297,"1"
"3044",360,36000280,16,0,1.0734,2.4218384957481,528.3489,"1"
"3045",360,36000214,16,0,-1.4328,0.0156039076765505,379.5083,"0"
"3046",360,36000266,16,1,-0.2734,1.1287586365131,349.3884,"1"
"3047",360,36000097,16,1,-0.1113,1.284392914195,296.9602,"0"
"3048",360,36000344,16,0,-2.1778,-0.699680095241533,298.332,"0"
"3049",360,36000368,16,0,-2.1015,-0.626423491989654,382.0711,"1"
"3050",360,36000044,16,1,0.8514,2.20869346400606,454.3612,"0"
"3051",360,36000368,16,1,-2.6809,-1.18271282258125,345.6442,"1"
"3052",360,36000240,16,1,0.5465,1.91595508482523,410.9465,"0"
"3053",360,36000339,16,1,0.0499,1.43916309039688,380.0233,"0"
"3054",360,36000234,16,1,-0.6985,0.72061470410977,391.786,"0"
"3055",360,36000258,16,0,-2.5847,-1.09034997549303,336.1585,"1"
"3056",360,36000369,16,1,-0.5551,0.858294873262056,452.3873,"0"
"3057",360,36000376,16,1,-2.4796,-0.989442124880026,419.6951,"0"
"3058",360,36000347,16,0,-1.6185,-0.162689031037393,403.5702,"0"
"3059",360,36000366,16,0,-1.0005,0.430660651920158,234.3954,"0"
"3060",360,36000165,16,1,-2.6356,-1.13921971475281,339.2083,"0"
"3061",360,36000010,16,0,-2.5238,-1.03187910867731,350.625,"0"
"3062",360,36000408,16,1,-1.226,0.214155225533543,256.1022,"0"
"3063",360,36000386,16,1,-1.1291,0.307190151550674,405.7569,"1"
"3064",360,36000371,16,0,-0.4497,0.959490757701742,360.7379,"1"
"3065",360,36000082,16,0,-2.0425,-0.569776839409564,375.4288,"0"
"3066",360,36000243,16,0,0.2107,1.59354922149651,370.1198,"1"
"3067",360,36000334,16,0,-1.0366,0.396000581443188,432.9239,"1"
"3068",360,36000286,16,1,-2.803,-1.29994259003937,310.4235,"0"
"3069",360,36000214,16,1,-2.2816,-0.799339799272267,409.332,"0"
"3070",360,36000110,16,1,-1.4178,0.0300055990104718,373.8602,"0"
"3071",360,36000399,16,1,-1.1763,0.261872829486602,391.7452,"0"
"3072",360,36000202,16,1,-1.5555,-0.102201927434924,356.4768,"1"
"3073",360,36000094,16,1,-1.6071,-0.151743745623613,486.4694,"0"
"3074",360,36000314,16,1,-1.0977,0.337337692076349,343.8735,"0"
"3075",360,36000029,16,0,0.0679,1.45644511999758,418.5698,"1"
"3076",360,36000272,16,0,-1.4727,-0.0227045912716796,423.0919,"1"
"3077",360,36000399,16,1,-3.3274,-1.80342571907325,297.9434,"0"
"3078",360,36000023,16,0,-1.9602,-0.490759559624117,397.0762,"0"
"3079",360,36000185,16,1,-0.6341,0.782445965570072,393.9417,"1"
"3080",360,36000235,16,1,-2.7051,-1.20594755126664,322.7109,"1"
"3081",360,36000252,16,1,-2.993,-1.48236401360237,338.8765,"0"
"3082",360,36000189,16,1,-0.9227,0.505357424305429,371.0683,"0"
"3083",360,36000367,16,1,-0.7902,0.632572364421732,316.9297,"1"
"3084",360,36000237,16,1,-1.2234,0.21665151869809,403.2081,"0"
"3085",360,36000049,16,1,0.5292,1.89934513415344,519.4565,"1"
"3086",360,36000009,16,0,-0.678,0.740297015599462,308.6547,"0"
"3087",360,36000052,16,1,-1.494,-0.0431549929658477,420.9409,"0"
"3088",360,36000201,16,1,-2.5355,-1.04311242791777,337.7864,"1"
"3089",360,36000020,16,1,-1.8335,-0.369113273490263,379.7785,"0"
"3090",360,36000338,16,1,-0.6263,0.789934845063711,530.059,"1"
"3091",360,36000282,16,0,-2.1131,-0.637560799954553,422.8771,"0"
"3092",360,36000267,16,0,-0.9477,0.48135460541556,466.0901,"1"
"3093",360,36000096,16,0,-2.6606,-1.16322253364267,313.2057,"0"
"3094",360,36000209,16,0,-1.7319,-0.271565817521837,446.4948,"0"
"3095",360,36000284,16,1,-1.9071,-0.439777572302036,423.9946,"1"
"3096",360,36000081,16,1,-2.2746,-0.792619009983104,344.2374,"0"
"3097",360,36000167,16,0,-1.3038,0.139458453148272,396.4112,"1"
"3098",360,36000200,16,1,-2.9419,-1.43330225179148,408.6737,"0"
"3099",360,36000330,16,0,1.0056,2.35674285091877,463.081,"1"
"3100",360,36000414,16,1,-2.7701,-1.2683548803803,304.3735,"1"
"3101",360,36000340,16,0,-0.9393,0.489419552562556,526.2961,"1"
"3102",360,36000196,16,1,-1.2729,0.16912593729615,297.4901,"0"
"3103",360,36000047,16,0,-3.091,-1.57645506365065,252.9117,"0"
"3104",360,36000178,16,0,-1.7085,-0.24909917904092,409.9444,"0"
"3105",360,36000213,16,0,-1.4694,-0.0195362191782171,305.0325,"1"
"3106",360,36000183,16,0,-1.5358,-0.083287706149708,314.6253,"0"
"3107",360,36000257,16,1,-1.3324,0.111999228338263,355.0563,"1"
"3108",360,36000123,16,1,-1.4528,-0.00359834743534439,436.205,"1"
"3109",360,36000107,16,0,-3.4507,-1.92180762183808,346.1994,"0"
"3110",360,36000026,16,1,-1.7793,-0.317075162137028,315.3947,"0"
"3111",360,36000107,16,1,-1.9719,-0.501992878864575,364.4338,"0"
"3112",360,36000373,16,0,-1.3533,0.0919328717463327,397.252,"0"
"3113",360,36000296,16,1,-2.8293,-1.32519355551151,265.6788,"0"
"3114",360,36000237,16,1,-2.5918,-1.09716677605776,327.3659,"0"
"3115",360,36000021,16,1,-1.3926,0.0542004404514592,429.4554,"1"
"3116",360,36000220,16,1,-1.5406,-0.0878962473765627,398.6332,"0"
"3117",360,36000178,16,1,-1.3448,0.100093830168888,373.7979,"1"
"3118",360,36000067,16,0,-1.8717,-0.405789580753982,381.0237,"0"
"3119",360,36000397,16,0,-1.4124,0.0351902078906832,303.3748,"1"
"3120",360,36000123,16,1,-2.9681,-1.45845720598806,365.1404,"0"
"3121",360,36000112,16,1,-2.0191,-0.547310200928647,339.4847,"0"
"3122",360,36000175,16,0,0.2855,1.665365655615,400.4104,"0"
"3123",360,36000124,16,1,-1.1097,0.325816339009212,307.3389,"1"
"3124",360,36000188,16,0,-3.7922,-2.24968612787369,288.5161,"0"
"3125",360,36000037,16,1,-0.137,1.25971801637622,396.9389,"0"
"3126",360,36000130,16,0,-2.086,-0.611541744277935,424.6512,"1"
"3127",360,36000214,16,0,0.4849,1.85681213908059,393.798,"0"
"3128",360,36000344,16,0,-2.9648,-1.4552888338946,274.3264,"0"
"3129",360,36000196,16,0,-1.1608,0.276754577198321,340.3709,"0"
"3130",360,36000085,16,1,-1.6055,-0.150207565214661,358.182,"1"
"3131",360,36000392,16,0,-2.6551,-1.1579419134869,344.3951,"0"
"3132",360,36000226,16,1,-0.8442,0.580726275619616,473.1561,"0"
"3133",360,36000012,16,0,-1.4737,-0.0236647040272744,452.332,"1"
"3134",360,36000035,16,0,-2.0703,-0.596467974015098,370.2621,"0"
"3135",360,36000148,16,0,-0.5705,0.843509136825897,434.2483,"1"
"3136",360,36000035,16,1,-2.7337,-1.23340677607665,305.7414,"0"
"3137",360,36000261,16,1,-3.0988,-1.58394394314429,309.5352,"1"
"3138",360,36000236,16,1,-0.8765,0.549714633613906,360.8773,"0"
"3139",360,36000144,16,1,-0.4741,0.936064006465231,404.4509,"1"
"3140",360,36000356,16,0,-1.3558,0.0895325898573459,328.4719,"0"
"3141",360,36000256,16,1,-1.1749,0.263216987344435,404.9924,"0"
"3142",360,36000083,16,0,-3.6184,-2.08281853095132,265.8192,"0"
"3143",360,36000217,16,0,-2.0973,-0.622391018416156,269.5953,"0"
"3144",360,36000131,16,1,-0.84,0.584758749193114,348.7697,"1"
"3145",360,36000338,16,1,-1.6467,-0.189764210745165,443.4299,"0"
"3146",360,36000005,16,0,-1.9476,-0.478662138903623,317.9091,"0"
"3147",360,36000006,16,0,-2.0246,-0.552590821084418,394.3298,"0"
"3148",360,36000205,16,0,0.483,1.85498792484496,474.2186,"1"
"3149",360,36000017,16,1,0.5607,1.92958868595467,458.4951,"1"
"3150",360,36000350,16,1,-1.6282,-0.172002124766662,338.4404,"1"
"3151",360,36000373,16,0,-2.5007,-1.00970050402308,439.8444,"1"
"3152",360,36000408,16,0,-3.5371,-2.00476136392147,394.393,"1"
"3153",360,36000153,16,0,-0.4308,0.977636888782483,322.5526,"0"
"3154",360,36000299,16,1,-2.5925,-1.09783885498667,373.2055,"0"
"3155",360,36000285,16,0,-1.5205,-0.0685979809891084,376.8202,"1"
"3156",360,36000207,16,0,-2.6528,-1.15573365414904,356.3811,"0"
"3157",360,36000187,16,0,-1.8976,-0.430656501123886,400.7299,"1"
"3158",360,36000358,16,0,-1.4126,0.0349981853395643,334.3787,"0"
"3159",360,36000164,16,1,-1.507,-0.0556364587885793,328.6039,"0"
"3160",360,36000357,16,1,-3.8068,-2.26370377410537,337.3162,"0"
"3161",360,36000026,16,1,-3.4027,-1.87572220956953,367.0165,"0"
"3162",360,36000092,16,0,-2.6992,-1.20028288600863,407.4923,"0"
"3163",360,36000213,16,0,-1.3203,0.123616592680959,342.8147,"0"
"3164",360,36000148,16,0,-1.034,0.398496874607734,355.4192,"0"
"3165",360,36000147,16,0,-0.5362,0.876441004342797,336.3756,"1"
"3166",360,36000181,16,1,-1.4314,0.0169480655343832,325.7825,"0"
"3167",360,36000204,16,1,-0.7966,0.626427642785926,322.8545,"0"
"3168",360,36000071,16,1,0.3674,1.74399889029821,295.442,"1"
"3169",360,36000192,16,0,-2.5834,-1.08910182891076,392.073,"0"
"3170",360,36000074,16,1,-2.8157,-1.31213602203542,363.3675,"0"
"3171",360,36000340,16,1,0.0959,1.48332827715423,535.3706,"1"
"3172",360,36000399,16,1,-1.7896,-0.326964323519654,355.2436,"0"
"3173",360,36000126,16,1,-1.3694,0.0764750563812573,333.0184,"0"
"3174",360,36000001,16,1,-0.3841,1.02247415446876,585.3704,"1"
"3175",360,36000226,16,0,-1.038,0.394656423585355,497.4454,"1"
"3176",360,36000085,16,1,-1.4154,0.0323098696238991,367.454,"0"
"3177",360,36000338,16,1,-0.7944,0.628539890848234,340.5974,"1"
"3178",360,36000310,16,0,-1.2606,0.180935324189965,384.2592,"1"
"3179",360,36000327,16,0,-2.5361,-1.04368849557113,373.4043,"1"
"3180",360,36000364,16,1,-2.2428,-0.762087424355191,384.8216,"1"
"3181",360,36000397,16,0,-2.6082,-1.11291262524951,308.6444,"0"
"3182",360,36000065,16,0,0.6667,2.03136063804771,343.8112,"0"
"3183",360,36000039,16,1,-1.4636,-0.0139675651957675,334.4208,"0"
"3184",360,36000184,16,1,-2.8243,-1.32039299173353,309.5449,"0"
"3185",360,36000268,16,0,-2.9816,-1.47141872818859,366.5574,"0"
"3186",360,36000035,16,1,-1.4851,-0.0346099894410546,381.7017,"0"
"3187",360,36000284,16,0,-1.3249,0.119200074005223,437.4399,"1"
"3188",360,36000224,16,1,-0.3351,1.0695196794929,470.5592,"1"
"3189",360,36000233,16,0,-1.381,0.0653377484163582,331.1604,"0"
"3190",360,36000241,16,1,-1.7694,-0.30757004585664,403.5953,"0"
"3191",360,36000127,16,0,-2.608,-1.11272060269839,318.9774,"0"
"3192",360,36000037,16,1,-1.5765,-0.122364295302414,353.0863,"0"
"3193",360,36000315,16,1,-1.4107,0.0368223995751943,397.8243,"0"
"3194",360,36000280,16,0,-0.8837,0.542801821773624,392.6362,"0"
"3195",360,36000342,16,1,-1.6251,-0.169025775224318,378.9091,"0"
"3196",360,36000409,16,0,-2.2508,-0.769768326399949,408.6242,"0"
"3197",360,36000102,16,1,-2.7198,-1.22006120877388,478.8474,"1"
"3198",360,36000285,16,0,-1.5148,-0.0631253382822183,405.2555,"1"
"3199",360,36000004,16,1,-0.2019,1.19740669853812,392.2092,"0"
"3200",360,36000079,16,1,-2.9279,-1.41986067321315,353.9013,"0"
"3201",360,36000191,16,1,-1.6641,-0.206470172692513,382.4104,"1"
"3202",360,36000411,16,0,-2.1159,-0.640249115670218,315.9386,"1"
"3203",360,36000231,16,0,-2.5899,-1.09534256182213,336.4315,"0"
"3204",360,36000060,16,0,-1.2774,0.164805429895974,319.1553,"1"
"3205",360,36000410,16,0,-1.2547,0.186599989447974,365.7633,"1"
"3206",360,36000338,16,0,-1.185,0.253519848512928,417.9132,"0"
"3207",360,36000301,16,0,-1.2483,0.192744711083781,329.0989,"0"
"3208",360,36000062,16,1,0.6616,2.02646406299418,479.0658,"0"
"3209",360,36000076,16,0,-1.6864,-0.227880687142276,437.8977,"0"
"3210",360,36000255,16,1,-0.9935,0.437381441209321,384.6801,"1"
"3211",360,36000004,16,1,0.2773,1.65749273101912,394.8068,"0"
"3212",360,36000054,16,0,-2.7837,-1.28141241385639,365.7537,"0"
"3213",360,36000064,16,1,-2.3781,-0.89199068018716,347.3356,"0"
"3214",360,36000384,16,0,-2.5691,-1.07537221650576,351.1912,"0"
"3215",360,36000263,16,0,-2.2591,-0.777737262271386,508.7345,"1"
"3216",360,36000336,16,0,-2.1375,-0.660987551191065,309.5467,"0"
"3217",360,36000252,16,1,-2.0622,-0.58869106069478,329.1631,"0"
"3218",360,36000383,16,1,-1.8075,-0.3441503418448,424.9147,"1"
"3219",360,36000069,16,1,0.0867,1.47449523980276,448.6015,"1"
"3220",360,36000080,16,0,-0.2393,1.16149848147888,434.21,"1"
"3221",360,36000158,16,1,-1.0785,0.355771856983768,305.2075,"0"
"3222",360,36000118,16,1,-1.6354,-0.178914936606944,345.7609,"1"
"3223",360,36000195,16,1,0.0528,1.4419474173881,494.9956,"0"
"3224",360,36000242,16,1,-2.3201,-0.836304140362665,372.6297,"0"
"3225",360,36000113,16,1,-1.7494,-0.288367790744745,306.2454,"1"
"3226",360,36000077,16,0,-1.7715,-0.309586282643389,314.3906,"0"
"3227",360,36000365,16,1,-1.8521,-0.386971370744325,357.8134,"1"
"3228",360,36000344,16,0,-2.032,-0.559695655475819,312.9079,"0"
"3229",360,36000102,16,1,-1.4937,-0.0428669591391693,469.9139,"1"
"3230",360,36000017,16,1,-0.4387,0.970051998013284,372.6328,"0"
"3231",360,36000341,16,0,-0.1879,1.21084827711645,449.1604,"1"
"3232",360,36000135,16,0,-2.3836,-0.897271300342931,422.4992,"1"
"3233",360,36000093,16,1,-2.4747,-0.984737572377612,404.5215,"0"
"3234",360,36000242,16,0,-1.2905,0.152227952797683,354.1588,"0"
"3235",360,36000257,16,1,-0.9348,0.493740059962733,405.8441,"1"
"3236",360,36000099,16,1,-0.1049,1.29053763583081,496.575,"0"
"3237",360,36000372,16,0,-3.8897,-2.34329712154417,402.8236,"0"
"3238",360,36000268,16,0,-1.9971,-0.526187720305563,306.4192,"0"
"3239",360,36000230,16,1,-0.3666,1.03927612769167,376.3555,"0"
"3240",360,36000276,16,1,-1.1705,0.267441483469052,309.8766,"0"
"3241",360,36000036,16,0,-2.0372,-0.564688241804912,371.9042,"1"
"3242",360,36000037,16,0,-2.7433,-1.24262385853036,372.4914,"0"
"3243",360,36000356,16,0,-2.4431,-0.954398009300818,369.0157,"0"
"3244",360,36000214,16,1,-3.3241,-1.80025734697979,361.4216,"0"
"3245",360,36000214,16,0,-2.8272,-1.32317731872476,402.478,"1"
"3246",360,36000001,16,1,-1.0159,0.415874915483999,391.9583,"0"
"3247",360,36000148,16,1,-1.7287,-0.268493456703934,404.1548,"1"
"3248",360,36000020,16,1,0.4036,1.77875497205074,338.426,"1"
"3249",360,36000362,16,0,-1.2316,0.208778594102213,376.2298,"1"
"3250",360,36000413,16,1,-1.1199,0.316023188902146,333.4889,"0"
"3251",360,36000002,15,0,-1.3025,0.140706599730546,399.1188,"0"
"3252",360,36000007,16,0,-2.663,-1.1655268042561,321.5504,"0"
"3253",360,36000236,16,0,-1.6708,-0.212902928154998,322.7933,"0"
"3254",360,36000410,16,0,-1.9869,-0.516394570198497,436.9065,"1"
"3255",360,36000373,16,1,-1.8518,-0.386683336917647,378.0047,"1"
"3256",360,36000371,16,0,-2.6823,-1.18405698043908,377.966,"0"
"3257",360,36000086,16,1,-1.5842,-0.129757163520494,400.7692,"1"
"3258",360,36000113,16,1,-1.3959,0.0510320683579967,340.0025,"1"
"3259",360,36000293,16,1,-1.1966,0.242382540548029,416.2379,"0"
"3260",360,36000170,16,0,-1.3193,0.124576705436554,353.1243,"0"
"3261",360,36000220,16,1,-2.0228,-0.550862618124348,357.582,"0"
"3262",360,36000173,16,0,-0.9378,0.490859721695948,399.4312,"0"
"3263",360,36000130,16,1,-2.8178,-1.31415225882217,324.6,"0"
"3264",360,36000235,16,1,-4.4024,-2.8355469313376,306.4249,"1"
"3265",360,36000265,16,1,-1.8234,-0.359416134658756,339.221,"0"
"3266",360,36000105,16,1,-1.5467,-0.0937529351856906,355.6457,"1"
"3267",360,36000272,16,0,-0.5778,0.836500313710056,438.268,"0"
"3268",360,36000042,16,1,0.7627,2.12353146258481,433.7253,"0"
"3269",360,36000108,16,0,-0.2155,1.18434916506203,395.3539,"0"
"3270",360,36000140,16,0,-2.2573,-0.776009059311315,358.2308,"0"
"3271",360,36000279,16,0,0.3901,1.76579344985021,464.3752,"0"
"3272",360,36000399,16,0,-1.2529,0.188328192408045,382.3938,"1"
"3273",360,36000270,16,1,-2.0525,-0.579377966965512,326.5937,"1"
"3274",360,36000295,16,1,0.3924,1.76800170918808,448.4074,"1"
"3275",360,36000376,16,1,-2.4448,-0.956030200985329,353.6612,"0"
"3276",360,36000164,16,0,-1.1942,0.244686811161456,372.0426,"0"
"3277",360,36000229,16,0,-1.319,0.124864739263232,271.3923,"0"
"3278",360,36000357,16,0,0.184,1.56791421092213,393.0629,"0"
"3279",360,36000109,16,0,-0.7714,0.650622484226913,259.5709,"0"
"3280",360,36000167,16,1,-1.5339,-0.081463491914078,430.1771,"0"
"3281",360,36000335,16,1,-1.9675,-0.497768382739958,392.9915,"0"
"3282",360,36000281,16,0,-0.9414,0.487403315775807,321.106,"0"
"3283",360,36000071,16,0,-2.1428,-0.666076148795717,296.1581,"1"
"3284",360,36000284,16,0,-0.8804,0.545970193867087,435.65,"0"
"3285",360,36000091,16,1,-2.0254,-0.553358911288894,315.9887,"0"
"3286",360,36000320,16,0,-1.4693,-0.0194402079026576,382.6194,"1"
"3287",360,36000167,17,0,-1.794,-0.331188819644271,443.0338,"0"
"3288",360,36000081,16,1,-2.0657,-0.592051455339362,355.667,"0"
"3289",360,36000266,16,1,0.5912,1.95887212500031,351.3572,"0"
"3290",360,36000090,16,1,0.7256,2.08791127935224,319.8229,"1"
"3291",360,36000300,16,1,-0.9766,0.453607346778872,457.5572,"1"
"3292",360,36000207,16,1,0.9,2.25535494392797,343.5562,"1"
"3293",360,36000194,16,1,0.8442,2.20178065216578,500.3669,"1"
"3294",360,36000080,16,1,-0.7635,0.658207374996112,419.5732,"0"
"3295",360,36000106,17,1,-1.8453,-0.380442604006281,330.0922,"0"
"3296",360,36000263,16,0,-1.2033,0.235949785085544,497.5608,"1"
"3297",360,36000398,16,1,-0.1127,1.28304875633717,490.8324,"1"
"3298",360,36000150,16,0,-2.2749,-0.792907043809783,396.7296,"1"
"3299",360,36000386,16,0,-1.2542,0.187080045825772,397.0018,"1"
"3300",360,36000201,16,0,-2.1899,-0.711297459584229,386.6934,"0"
"3301",360,36000152,16,0,-0.817,0.606841342571793,343.7761,"1"
"3302",360,36000081,16,1,-1.1955,0.243438664579183,294.9582,"0"
"3303",360,36000083,16,0,-1.6766,-0.218471582137448,438.2202,"1"
"3304",360,36000022,16,1,-0.9143,0.513422371452425,339.3804,"0"
"3305",360,36000165,16,0,-1.3366,0.107966754764765,356.3937,"1"
"3306",360,36000368,16,1,-1.8702,-0.40434941162059,330.9249,"1"
"3307",360,36000049,16,0,-1.0997,0.33541746656516,449.9718,"0"
"3308",360,36000305,16,0,-1.4339,0.0145477836453964,385.747,"1"
"3309",360,36000209,16,1,-2.7263,-1.22630194168525,358.6006,"0"
"3310",360,36000176,16,0,-2.1063,-0.631032033216509,346.0802,"0"
"3311",360,36000303,16,0,-2.8106,-1.30723944698189,398.5189,"1"
"3312",360,36000036,16,0,-1.6192,-0.163361109966309,445.7869,"1"
"3313",360,36000108,16,1,-2.0798,-0.605589045193248,369.7842,"1"
"3314",360,36000021,16,0,-1.565,-0.111322998613074,427.0688,"1"
"3315",360,36000217,16,0,-1.7091,-0.249675246694277,337.8402,"0"
"3316",360,36000013,16,0,-3.2922,-1.76962975007631,399.185,"0"
"3317",360,36000234,16,0,-1.5572,-0.103834119119435,389.743,"0"
"3318",360,36000043,16,0,-2.507,-1.01574921438332,326.6908,"1"
"3319",360,36000385,16,0,-1.5339,-0.081463491914078,535.6568,"0"
"3320",360,36000183,16,1,-2.1561,-0.678845648445127,341.7838,"1"
"3321",360,36000297,16,1,0.4125,1.78729997557553,350.8637,"0"
"3322",360,36000076,16,0,-3.4402,-1.91172643790434,363.319,"1"
"3323",360,36000272,16,1,-2.057,-0.583698474365688,312.5725,"0"
"3324",360,36000383,16,0,-2.3821,-0.895831131209539,389.9861,"1"
"3325",360,36000337,16,1,-1.5111,-0.0595729210865179,367.7591,"0"
"3326",360,36000323,16,0,-1.558,-0.104602209323911,338.4771,"0"
"3327",360,36000163,16,1,-1.621,-0.16508931292638,337.4349,"0"
"3328",360,36000280,16,1,1.2979,2.63738380937912,504.1124,"0"
"3329",360,36000310,16,0,-1.4557,-0.00638267442656905,365.5984,"0"
"3330",360,36000233,16,0,-1.899,-0.432000658981719,409.2314,"0"
"3331",360,36000152,16,1,-0.1979,1.2012471495605,397.9844,"0"
"3332",360,36000234,16,0,0.5415,1.91115452104725,433.7235,"1"
"3333",360,36000199,16,1,-0.6762,0.742025218559533,347.2903,"0"
"3334",360,36000135,16,1,-0.2861,1.11656520451704,449.412,"0"
"3335",360,36000076,16,1,-1.5917,-0.136958009187454,360.4684,"0"
"3336",360,36000305,16,0,-1.6356,-0.179106959158063,363.3616,"0"
"3337",360,36000037,16,1,-1.8498,-0.384763111406457,339.3125,"0"
"3338",360,36000103,16,1,-0.534,0.878553252405105,280.5366,"0"
"3339",360,36000267,16,0,-0.6607,0.756906966271252,453.4206,"1"
"3340",360,36000131,16,1,-1.3056,0.137730250188202,367.6807,"0"
"3341",360,36000167,16,0,0.5029,1.87409416868129,439.2024,"1"
"3342",360,36000323,16,1,-1.7368,-0.276270370024251,354.3914,"0"
"3343",360,36000396,16,1,-2.0204,-0.54855834751092,363.7535,"0"
"3344",360,36000285,16,0,-2.5261,-1.03408736801518,408.8842,"0"
"3345",360,36000355,16,1,-1.2799,0.162405148006987,385.2983,"0"
"3346",360,36000065,16,0,0.5377,1.90750609257599,470.3323,"1"
"3347",360,36000167,16,1,-1.6653,-0.207622307999227,439.2074,"1"
"3348",360,36000101,16,1,-2.3612,-0.875764774617609,381.4381,"0"
"3349",360,36000045,16,0,-0.848,0.577077847148356,413.6403,"0"
"3350",360,36000257,16,1,-1.0954,0.339545951414217,276.5045,"1"
"3351",360,36000403,16,0,-2.0476,-0.574673414463097,331.9609,"1"
"3352",360,36000242,16,1,-1.4673,-0.0175199823914681,319.188,"1"
"3353",360,36000239,16,1,-2.0722,-0.598292188250728,322.8648,"0"
"3354",360,36000220,16,0,-2.967,-1.4574010819569,370.6703,"1"
"3355",360,36000128,16,0,-1.8883,-0.421727452496855,347.2182,"0"
"3356",360,36000170,16,1,-1.5256,-0.0734945560426416,345.862,"1"
"3357",360,36000160,16,0,8e-04,1.39202155409717,348.8077,"0"
"3358",360,36000051,16,1,-2.483,-0.992706508249048,290.2913,"1"
"3359",360,36000051,16,1,-1.5631,-0.109498784377444,314.8842,"0"
"3360",360,36000161,16,1,-1.7747,-0.312658643461292,342.6727,"0"
"3361",360,36000066,16,1,-1.8224,-0.358456021903161,415.1517,"1"
"3362",360,36000374,16,0,-1.695,-0.236137656840391,333.6634,"0"
"3363",360,36000270,16,1,-0.1929,1.20604771333847,275.4651,"1"
"3364",360,36000126,16,1,-1.3056,0.137730250188202,329.2132,"1"
"3365",360,36000393,16,0,0.2949,1.67439071551759,587.9205,"1"
"3366",360,36000296,16,0,-2.1567,-0.679421716098484,398.3666,"1"
"3367",360,36000190,16,1,-0.5374,0.875288869036083,363.2763,"1"
"3368",360,36000176,16,1,-1.4408,0.00792300563179254,357.696,"1"
"3369",360,36000315,16,0,-0.9632,0.466472857703842,373.5909,"0"
"3370",360,36000079,16,0,-2.4406,-0.951997727411831,368.1413,"0"
"3371",360,36000231,16,1,-1.2659,0.175846726585313,408.6462,"0"
"3372",360,36000121,16,1,0.6703,2.03481704396785,335.871,"1"
"3373",360,36000296,16,1,-1.8067,-0.343382251640324,467.9021,"1"
"3374",360,36000214,16,1,-3.0332,-1.52096054637728,428.2715,"1"
"3375",360,36000056,16,0,-1.3668,0.0789713495458036,387.8424,"1"
"3376",360,36000107,16,0,-2.6536,-1.15650174435351,356.3627,"0"
"3377",360,36000280,16,1,0.6696,2.03414496503894,493.9005,"0"
"3378",360,36000083,16,1,-2.5514,-1.05837822073173,288.7444,"0"
"3379",360,36000177,16,1,-1.4776,-0.0274091437740939,369.5909,"0"
"3380",360,36000218,16,1,-1.3163,0.127457043703338,399.2917,"0"
"3381",360,36000182,16,1,-1.4047,0.0425830761087628,306.5339,"0"
"3382",360,36000404,16,1,-0.4267,0.981573351080421,342.4353,"1"
"3383",360,36000129,16,1,-1.0725,0.361532533517336,407.1862,"0"
"3384",360,36000371,16,0,-2.4743,-0.984353527275374,440.7377,"1"
"3385",360,36000386,16,1,-0.3731,1.0330353947803,370.7329,"0"
"3386",360,36000074,16,1,-1.5524,-0.0992255778925807,332.3565,"0"
"3387",360,36000279,16,1,-1.4553,-0.00599862932433119,488.5774,"1"
"3388",360,36000263,16,1,-1.2671,0.1746945912786,479.7096,"0"
"3389",360,36000080,16,0,-0.2756,1.12664638845079,464.2248,"1"
"3390",360,36000394,16,0,-1.8726,-0.406653682234017,404.295,"0"
"3391",360,36000281,16,0,-1.6696,-0.211750792848285,444.0827,"0"
"3392",360,36000353,16,0,-1.8732,-0.407229749887374,320.2782,"0"
"3393",360,36000115,16,1,-1.3991,0.0479597075400934,381.8192,"0"
"3394",360,36000129,16,0,-2.4827,-0.99241847442237,445.16,"0"
"3395",360,36000206,16,0,-0.6839,0.734632350341454,365.8881,"1"
"3396",360,36000293,16,0,-1.1624,0.275218396789369,403.1424,"0"
"3397",360,36000300,16,0,-0.8892,0.537521201617853,375.6882,"0"
"3398",360,36000301,16,0,-2.7854,-1.2830446055409,368.477,"1"
"3399",360,36000279,16,1,-1.18,0.258320412290902,486.6825,"1"
"3400",360,36000051,16,1,-2.7959,-1.29312578947464,368.8425,"0"
"3401",360,36000410,16,1,-1.8357,-0.371225521552571,380.0944,"0"
"3402",360,36000395,16,1,-2.2778,-0.795691370801007,389.3721,"0"
"3403",360,36000225,16,1,0.4626,1.83540162463083,424.1032,"0"
"3404",360,36000230,16,0,-0.078,1.31636466895631,465.7213,"1"
"3405",360,36000397,16,0,-2.5439,-1.05117737506477,372.6631,"1"
"3406",360,36000100,16,0,-1.3868,0.0597690944339087,364.3417,"0"
"3407",360,36000173,16,0,-2.1718,-0.693919418707965,358.7292,"0"
"3408",360,36000093,16,0,-2.8972,-1.39038521161639,395.2011,"1"
"3409",360,36000037,16,0,-2.8639,-1.35841345685509,326.9799,"0"
"3410",360,36000394,16,1,-1.7832,-0.320819601883847,377.894,"0"
"3411",360,36000065,16,0,-1.3613,0.0842519697015747,431.6613,"0"
"3412",360,36000064,16,0,-1.9369,-0.468388932418759,350.1594,"0"
"3413",360,36000325,16,0,-3.1264,-1.61044305519871,407.2632,"0"
"3414",360,36000354,16,0,-1.2759,0.166245599029366,324.0014,"1"
"3415",360,36000042,16,1,-0.9417,0.487115281949129,409.3426,"0"
"3416",360,36000398,16,0,-0.4516,0.957666543466112,407.3536,"0"
"3417",360,36000414,16,0,-1.0277,0.404545584967981,420.9531,"1"
"3418",360,36000189,16,0,-1.8758,-0.40972604305192,425.1826,"1"
"3419",360,36000290,16,1,-0.8617,0.563924302396708,363.7266,"0"
"3420",360,36000019,16,1,-0.9552,0.4741537597486,371.8629,"1"
"3421",360,36000170,16,1,-1.6374,-0.180835162118134,444.9096,"0"
"3422",360,36000094,16,1,-2.4358,-0.947389186184977,510.3178,"0"
"3423",360,36000268,16,0,-1.1053,0.330040835133829,325.1698,"0"
"3424",360,36000140,16,0,-2.0848,-0.610389608971222,392.1689,"0"
"3425",360,36000375,16,0,-1.7971,-0.334165169186614,368.2726,"0"
"3426",360,36000340,16,0,-0.6569,0.760555394742512,509.8936,"1"
"3427",360,36000320,16,1,-2.6435,-1.146804605522,347.0111,"1"
"3428",360,36000144,16,0,-1.1226,0.31343088446204,384.4875,"0"
"3429",360,36000317,16,1,-1.3097,0.133793787890263,347.8049,"0"
"3430",360,36000294,16,0,-2.7693,-1.26758679017582,338.1533,"1"
"3431",360,36000090,16,0,-1.8367,-0.372185634308166,373.7725,"1"
"3432",360,36000373,16,0,-0.9912,0.439589700547189,414.9042,"1"
"3433",360,36000001,16,1,0.0518,1.44098730463251,489.4281,"1"
"3434",360,36000261,16,0,-3.7564,-2.21531409122339,329.6221,"0"
"3435",360,36000189,16,0,-1.2963,0.146659298815233,348.7617,"1"
"3436",360,36000069,16,0,0.7813,2.14138955983887,466.209,"0"
"3437",360,36000102,16,1,-1.5,-0.0489156694994162,427.778,"1"
"3438",360,36000381,16,0,0.2648,1.64549132157419,452.8137,"1"
"3439",360,36000314,16,0,-1.5423,-0.0895284390610738,454.6046,"1"
"3440",360,36000364,16,0,-2.5773,-1.08324514110163,310.5256,"1"
"3441",360,36000143,16,0,-1.7722,-0.310258361572305,274.2936,"0"
"3442",360,36000042,16,0,-0.91,0.517550856301482,507.1987,"0"
"3443",360,36000325,16,0,-1.5286,-0.0763748943094258,406.2831,"0"
"3444",360,36000001,16,0,1.1545,2.49970364022683,467.6931,"1"
"3445",360,36000117,16,1,-1.3679,0.0779152255146495,344.0966,"0"
"3446",360,36000099,16,0,0.6191,1.9856592708814,455.8831,"0"
"3447",360,36000413,16,0,0.0464,1.43580269575229,242.7691,"0"
"3448",360,36000280,16,1,0.4399,1.81360706507883,438.7845,"0"
"3449",360,36000412,16,0,0.6306,1.99670056757074,374.103,"0"
"3450",360,36000068,16,1,-0.9337,0.494796183993887,364.8269,"0"
"3451",360,36000088,16,0,-3.1237,-1.6078507507586,352.0476,"0"
"3452",360,36000218,16,1,-2.749,-1.24809650123725,336.7108,"0"
"3453",360,36000288,16,0,-1.2312,0.209162639204451,410.6454,"0"
"3454",360,36000239,16,1,-2.5751,-1.08113289303932,339.9125,"0"
"3455",360,36000176,16,0,-1.1616,0.275986486993845,392.644,"1"
"3456",360,36000377,16,0,-1.3602,0.0853080937327288,383.2075,"1"
"3457",360,36000376,16,1,-2.2469,-0.76602388665313,348.5337,"1"
"3458",360,36000406,16,0,-1.4837,-0.0332658315832219,432.5217,"1"
"3459",360,36000014,16,1,-0.9479,0.481162582864441,311.8895,"0"
"3460",360,36000081,16,1,-0.3459,1.05915046173248,306.8393,"0"
"3461",360,36000012,16,0,-0.3585,1.04705304101198,582.2332,"1"
"3462",360,36000382,16,1,-1.7915,-0.328788537755284,368.9473,"0"
"3463",360,36000023,16,0,-2.3887,-0.902167875396464,463.5095,"0"
"3464",360,36000119,16,1,-2.7446,-1.24387200511263,346.1259,"0"
"3465",360,36000182,16,0,-0.4746,0.935583950087433,310.2873,"1"
"3466",360,36000183,16,0,-1.1701,0.26782552857129,338.9929,"1"
"3467",360,36000406,16,0,-1.6789,-0.220679841475316,423.9389,"1"
"3468",360,36000151,16,1,-1.1736,0.264465133926708,403.035,"1"
"3469",360,36000070,16,0,-1.7172,-0.257452160014594,356.9319,"1"
"3470",360,36000011,16,1,-2.1364,-0.659931427159911,481.6667,"0"
"3471",360,36000079,16,1,-1.9669,-0.497192315086602,327.0229,"0"
"3472",360,36000312,16,0,-1.7424,-0.281647001455582,323.1255,"0"
"3473",360,36000056,16,1,-1.8814,-0.415102674483251,352.3307,"0"
"3474",360,36000153,16,1,-2.0633,-0.589747184725935,422.1807,"1"
"3475",360,36000205,16,1,-0.6828,0.735688474372608,446.3852,"0"
"3476",360,36000102,16,1,0.0247,1.41496824895589,552.1347,"1"
"3477",360,36000281,16,0,-1.2695,0.172390320665172,350.6639,"0"
"3478",360,36000183,16,0,-1.713,-0.253419686441096,347.2198,"0"
"3479",360,36000218,16,1,-2.4095,-0.922138220712835,401.9272,"1"
"3480",360,36000020,16,1,-0.8494,0.575733689290523,345.2326,"0"
"3481",360,36000041,16,1,0.487,1.85882837586734,473.727,"0"
"3482",360,36000060,16,1,-2.4528,-0.963711103030087,344.3648,"0"
"3483",360,36000402,16,0,-1.6298,-0.173538305175614,330.2098,"0"
"3484",360,36000373,16,1,-0.889,0.537713224168972,369.4261,"1"
"3485",360,36000287,16,0,-1.6768,-0.218663604688567,418.0277,"1"
"3486",360,36000323,16,1,-0.7383,0.6824022164371,302.7082,"1"
"3487",360,36000387,16,0,-1.9354,-0.466948763285367,338.1887,"1"
"3488",360,36000147,16,1,-1.8686,-0.402813231211638,391.9826,"0"
"3489",360,36000150,16,0,-1.6244,-0.168353696295402,400.9257,"0"
"3490",360,36000281,16,1,-1.5405,-0.0878002361010032,388.6326,"1"
"3491",360,36000265,16,1,-2.1818,-0.703520546263912,345.7411,"0"
"3492",360,36000187,16,0,-2.3546,-0.869428030430684,377.5746,"1"
"3493",360,36000174,16,0,-0.9951,0.43584526080037,405.1908,"1"
"3494",360,36000129,16,1,-1.3754,0.0707143798476888,310.0789,"0"
"3495",360,36000237,16,0,-0.878,0.548274464480514,402.6244,"0"
"3496",360,36000129,16,0,-1.7989,-0.335893372146685,399.2418,"0"
"3497",360,36000176,16,1,-2.2142,-0.734628199545181,382.949,"0"
"3498",360,36000223,16,1,-0.7564,0.665024175560835,496.9887,"0"
"3499",360,36000235,16,0,-2.7195,-1.21977317494721,344.7183,"0"
"3500",360,36000203,16,0,-1.9856,-0.515146423616223,380.5748,"0"
"3501",360,36000317,16,1,-1.7223,-0.262348735068127,377.1771,"0"
"3502",360,36000107,16,1,-2.7989,-1.29600612774143,346.2637,"0"
"3503",360,36000099,16,1,-0.6765,0.741737184732855,404.1443,"1"
"3504",360,36000187,16,0,0.2131,1.59585349210994,422.7541,"1"
"3505",360,36000412,16,1,0.741,2.1026970157884,361.4047,"0"
"3506",360,36000092,16,1,-1.3121,0.131489517276836,387.3273,"0"
"3507",360,36000021,16,1,0.3009,1.68015139205116,392.4521,"0"
"3508",360,36000239,16,0,-2.1155,-0.63986507056798,348.486,"0"
"3509",360,36000278,16,1,-3.6239,-2.08809915110709,376.032,"0"
"3510",360,36000229,16,1,-1.7009,-0.2418023220984,354.2415,"0"
"3511",360,36000062,16,1,-0.3661,1.03975618406946,412.6885,"1"
"3512",360,36000161,16,0,0.2056,1.58865264644298,377.0526,"0"
"3513",360,36000303,16,0,-0.9987,0.432388854880228,313.1277,"0"
"3514",360,36000184,16,0,-1.7431,-0.282319080384498,312.1001,"1"
"3515",360,36000128,16,0,-1.0323,0.400129066292245,363.2411,"1"
"3516",360,36000346,16,0,-1.5339,-0.081463491914078,353.2479,"0"
"3517",360,36000299,16,1,-1.1165,0.319287572271168,360.8088,"1"
"3518",360,36000111,16,1,0.6247,1.99103590231273,429.0212,"1"
"3519",360,36000062,16,0,-1.3224,0.12160035589421,463.953,"1"
"3520",360,36000060,16,0,-1.5213,-0.0693660711935843,399.2196,"1"
"3521",360,36000347,16,1,-0.7957,0.627291744265961,299.6142,"0"
"3522",360,36000276,16,0,-3.1947,-1.67601875640583,373.4281,"0"
"3523",360,36000136,16,1,-1.1585,0.278962836536188,436.6509,"0"
"3524",360,36000298,16,0,-1.04,0.392736198074166,412.6012,"0"
"3525",360,36000301,16,0,-1.5144,-0.0627412931799804,406.8305,"0"
"3526",360,36000008,16,0,0.2919,1.6715103772508,430.6053,"1"
"3527",360,36000136,16,1,0.5494,1.91873941181645,429.8812,"1"
"3528",360,36000252,16,1,-1.8634,-0.397820644882546,394.324,"1"
"3529",360,36000096,16,1,-2.9423,-1.43368629689371,356.1497,"1"
"3530",360,36000358,16,1,-1.5108,-0.0592848872598393,340.1638,"0"
"3531",360,36000081,16,0,-1.9655,-0.495848157228769,351.6485,"0"
"3532",360,36000091,16,0,-3.1381,-1.62167637443916,421.5191,"1"
"3533",360,36000024,16,0,-1.5416,-0.0888563601321575,398.0803,"0"
"3534",360,36000186,16,0,-2.7964,-1.29360584585244,436.1213,"1"
"3535",360,36000370,16,0,0.1875,1.57127460556671,326.5779,"0"
"3536",360,36000159,16,0,-0.4472,0.961891039590729,427.749,"0"
"3537",360,36000364,16,1,-2.447,-0.958142449047638,415.3475,"1"
"3538",360,36000119,16,0,-2.2937,-0.810957163614964,248.9862,"1"
"3539",360,36000221,16,0,0.4768,1.84903522576027,415.029,"0"
"3540",360,36000058,16,1,-1.9544,-0.485190905641667,380.0358,"0"
"3541",360,36000091,16,0,-2.5184,-1.0266944997971,374.7018,"0"
"3542",360,36000323,16,1,-2.173,-0.695071554014678,380.583,"0"
"3543",360,36000190,16,1,0.1391,1.52480514819593,517.0373,"1"
"3544",360,36000190,16,0,-0.7784,0.64390169493775,507.7308,"1"
"3545",360,36000086,16,1,-1.2969,0.146083231161876,398.2805,"1"
"3546",360,36000184,16,1,-3.2931,-1.77049385155635,284.9935,"0"
"3547",360,36000372,16,0,-2.4102,-0.922810299641751,368.9968,"0"
"3548",360,36000377,16,1,-2.5991,-1.1041755991736,385.2422,"1"
"3549",360,36000371,16,0,-1.9903,-0.519658953567519,318.8588,"0"
"3550",360,36000242,16,1,-2.6049,-1.10974425315605,373.9017,"1"
"3551",360,36000369,16,1,-0.9486,0.480490503935525,480.2968,"0"
"3552",360,36000220,16,1,-2.2413,-0.760647255221799,333.8781,"0"
"3553",360,36000196,16,1,-1.7251,-0.265037050783793,337.3308,"1"
"3554",360,36000227,16,1,-0.2292,1.17119562031038,405.4093,"0"
"3555",360,36000293,16,1,-0.5152,0.896603372210287,308.1372,"1"
"3556",360,36000224,16,0,-1.2272,0.21300309022683,439.1765,"1"
"3557",360,36000373,16,1,-2.0043,-0.533100532145845,380.776,"0"
"3558",360,36000122,16,1,0.1723,1.55668089168167,380.2843,"0"
"3559",360,36000239,16,1,-2.3742,-0.888246240440341,381.5941,"0"
"3560",360,36000280,16,0,0.6504,2.01571080013152,483.8081,"1"
"3561",360,36000386,16,1,-1.1058,0.329560778756032,350.2567,"1"
"3562",360,36000320,16,1,-1.8786,-0.412414358767586,294.8243,"1"
"3563",360,36000056,16,0,-1.2151,0.224620454569526,470.5515,"1"
"3564",360,36000297,16,0,-2.5118,-1.02035775561018,354.6936,"0"
"3565",360,36000208,16,0,-2.9554,-1.44626377399201,405.4883,"0"
"3566",360,36000032,16,1,-2.0606,-0.587154880285829,348.3969,"0"
"3567",360,36000356,16,0,-2.2513,-0.770248382777747,320.2477,"0"
"3568",360,36000318,16,0,-1.2065,0.232877424267641,391.8663,"1"
"3569",360,36000089,16,1,-2.3509,-0.865875613234983,302.4765,"0"
"3570",360,36000224,16,1,-0.7254,0.694787670984272,444.8136,"0"
"3571",360,36000082,16,1,-0.7437,0.677217607556888,437.2989,"1"
"3572",360,36000243,16,1,0.0341,1.42399330885848,369.1367,"1"
"3573",360,36000244,16,0,-1.5159,-0.0641814623133726,402.8069,"1"
"3574",360,36000280,16,0,0.0843,1.47219096918934,385.4328,"0"
"3575",360,36000249,16,0,-1.6439,-0.1870758950295,372.3932,"0"
"3576",360,36000062,16,1,-0.6023,0.812977551197985,465.9936,"1"
"3577",360,36000291,16,0,-1.6466,-0.189668199469606,383.0271,"1"
"3578",360,36000370,16,0,0.1898,1.57348286490458,339.087,"0"
"3579",360,36000301,16,0,-2.9914,-1.48082783319342,338.8676,"0"
"3580",360,36000193,16,0,-2.4211,-0.933275528677734,340.5314,"0"
"3581",360,36000352,16,0,-1.398,0.0490158315712477,355.1143,"0"
"3582",360,36000098,16,1,-2.5628,-1.06932350614551,267.2062,"0"
"3583",360,36000074,16,0,-2.2838,-0.801452047334576,320.7993,"0"
"3584",360,36000379,16,1,-3.2716,-1.74985142731106,328.7716,"1"
"3585",360,36000121,16,0,-1.294,0.148867558153101,362.1334,"0"
"3586",360,36000026,16,0,-2.5484,-1.05549788246494,402.0803,"0"
"3587",360,36000329,16,1,-3.0601,-1.54678757950277,418.8685,"0"
"3588",360,36000261,16,0,-2.3785,-0.892374725289398,290.2103,"1"
"3589",360,36000021,16,1,-1.5796,-0.125340644844758,381.407,"0"
"3590",360,36000274,16,0,-0.2285,1.1718676992393,279.0948,"0"
"3591",360,36000249,16,0,-2.1533,-0.676157332729462,390.5972,"0"
"3592",360,36000187,16,1,-1.0638,0.369885514491011,356.3406,"1"
"3593",360,36000217,16,1,-1.1641,0.273586205104858,307.9304,"0"
"3594",360,36000300,16,1,-0.2952,1.10782817844113,330.2599,"0"
"3595",360,36000139,16,1,-1.7033,-0.244106592711827,379.9866,"0"
"3596",360,36000048,16,1,-2.0209,-0.549038403888718,514.7869,"0"
"3597",360,36000095,16,1,-1.5552,-0.101913893608246,307.7699,"1"
"3598",360,36000253,16,0,0.612,1.97884247031668,515.8573,"1"
"3599",360,36000225,16,0,-0.3533,1.05204562734108,477.9123,"0"
"3600",360,36000392,16,1,0.2718,1.65221211086335,428.9384,"1"
"3601",360,36000190,16,1,-0.0148,1.3770437951099,443.8164,"1"
"3602",360,36000221,16,1,-2.1039,-0.628727762603081,296.1769,"0"
"3603",360,36000359,16,1,-1.8792,-0.412990426420943,470.7322,"0"
"3604",360,36000194,16,0,-1.1402,0.296532899963572,388.5085,"0"
"3605",360,36000105,16,1,-3.0182,-1.50655885504336,412.8791,"1"
"3606",360,36000099,16,1,-0.9762,0.45399139188111,481.4585,"0"
"3607",360,36000253,16,0,-0.1739,1.22428985569477,395.7903,"1"
"3608",360,36000355,16,0,-1.3854,0.0611132522917414,352.4297,"0"
"3609",360,36000159,16,0,0.3501,1.72738893962642,420.503,"0"
"3610",360,36000327,16,1,-2.8219,-1.31808872112011,341.5177,"0"
"3611",360,36000366,16,0,-2.0998,-0.624791300305143,322.9574,"0"
"3612",360,36000213,16,0,-1.7312,-0.270893738592921,369.5483,"0"
"3613",360,36000090,16,0,-1.3313,0.113055352369417,505.5578,"1"
"3614",360,36000148,16,1,-0.6291,0.787246529348045,422.0168,"1"
"3615",360,36000387,16,1,-2.3038,-0.82065430244647,503.0271,"0"
"3616",360,36000103,16,1,-2.3085,-0.825166832397766,308.4024,"0"
"3617",360,36000142,16,1,-1.8602,-0.394748284064643,407.1219,"1"
"3618",360,36000382,16,1,-2.4687,-0.978976895844044,367.8996,"0"
"3619",360,36000156,16,1,-1.7289,-0.268685479255053,422.6354,"0"
"3620",360,36000256,16,1,-1.8048,-0.341558037404694,318.9099,"1"
"3621",360,36000145,16,1,-2.2568,-0.775529002933518,395.9744,"0"
"3622",360,36000193,16,0,-2.9977,-1.48687654355366,351.0237,"0"
"3623",360,36000317,16,1,-1.9294,-0.461188086751799,385.6119,"0"
"3624",360,36000414,16,1,-2.4035,-0.916377544179267,301.0861,"0"
"3625",360,36000200,16,1,-0.4242,0.983973632969408,434.3279,"0"
"3626",360,36000176,16,0,-1.4008,0.0463275158555823,355.5352,"0"
"3627",360,36000243,16,0,-1.6294,-0.173154260073376,362.0241,"0"
"3628",360,36000123,16,1,-2.0948,-0.619990736527169,389.6676,"0"
"3629",360,36000206,16,1,-1.1239,0.312182737879767,379.9327,"0"
"3630",360,36000317,16,1,-2.3626,-0.877108932475441,346.4692,"0"
"3631",360,36000100,16,0,-0.0272,1.36513839694052,333.2135,"1"
"3632",360,36000290,16,0,-1.4525,-0.00331031360866578,329.9534,"1"
"3633",360,36000011,16,1,-1.5231,-0.0710942741536546,381.724,"0"
"3634",360,36000195,16,1,-1.5367,-0.0841518076297432,353.0989,"1"
"3635",360,36000342,16,1,-0.4349,0.973700426484544,417.6542,"0"
"3636",360,36000048,16,1,-1.4124,0.0351902078906832,420.7697,"0"
"3637",360,36000331,16,0,-1.1159,0.319863639924525,331.6273,"0"
"3638",360,36000068,16,0,-1.0079,0.423555817528757,373.404,"0"
"3639",360,36000292,16,0,-0.5044,0.90697258997071,396.8821,"0"
"3640",360,36000351,16,0,0.061,1.44982034198398,472.7609,"1"
"3641",360,36000218,16,0,-1.5339,-0.081463491914078,385.8012,"0"
"3642",360,36000009,16,0,-1.9913,-0.520619066323113,344.633,"1"
"3643",360,36000161,16,1,-1.026,0.406177776652492,310.9931,"0"
"3644",360,36000137,16,1,-1.8522,-0.387067382019885,332.9652,"0"
"3645",360,36000135,16,0,-1.8343,-0.369881363694739,317.2484,"0"
"3646",360,36000329,16,0,-3.0346,-1.52230470423511,346.5951,"0"
"3647",360,36000029,16,1,0.66,2.02492788258523,396.7805,"1"
"3648",360,36000331,16,0,0.2123,1.59508540190546,355.8818,"0"
"3649",360,36000369,16,1,-2.2355,-0.75507860123935,391.9794,"0"
"3650",360,36000123,16,1,-2.4856,-0.995202801413595,350.284,"0"
"3651",360,36000139,16,1,-0.7633,0.658399397547231,420.8931,"0"
"3652",360,36000117,16,1,-1.2446,0.196297128279481,356.1801,"1"
"3653",360,36000033,16,0,-1.7239,-0.263884915477079,346.9115,"0"
"3654",360,36000396,16,0,-2.851,-1.34602800230791,466.0419,"1"
"3655",360,36000357,16,1,-2.8833,-1.37703964431362,377.3145,"0"
"3656",360,36000027,16,1,-2.035,-0.562575993742604,476.9855,"1"
"3657",360,36000323,16,1,-2.3347,-0.850321786594348,334.1961,"0"
"3658",360,36000077,16,1,-2.2545,-0.77332074359565,311.3786,"0"
"3659",360,36000345,16,0,-2.3413,-0.856658530781273,431.0319,"1"
"3660",360,36000313,16,0,-1.6698,-0.211942815399403,359.5737,"0"
"3661",360,36000183,16,1,-1.7594,-0.297968918300693,262.0581,"1"
"3662",360,36000368,16,0,-2.7494,-1.24848054633949,362.9496,"0"
"3663",360,36000134,16,0,-2.2074,-0.728099432807137,261.6037,"0"
"3664",360,36000319,16,0,-0.5688,0.845141328510408,423.8215,"0"
"3665",360,36000377,16,0,-2.0067,-0.535404802759272,362.6901,"0"
"3666",360,36000375,16,0,-3.8313,-2.28722653661744,388.5187,"0"
"3667",360,36000253,16,0,0.4215,1.79594099037588,420.4354,"1"
"3668",360,36000184,16,0,-2.1858,-0.707360997286291,341.6298,"0"
"3669",360,36000391,16,0,-0.345,1.06001456321251,394.9186,"0"
"3670",360,36000161,16,0,-2.4741,-0.984161504724255,382.2134,"0"
"3671",360,36000186,16,0,-1.7892,-0.326580278417416,473.4239,"1"
"3672",360,36000285,16,0,0.455,1.82810476768831,421.2432,"1"
"3673",360,36000082,16,1,-1.0671,0.366717142397548,431.9972,"0"
"3674",360,36000368,16,1,-1.7452,-0.284335317171247,369.9732,"0"
"3675",360,36000378,16,1,-1.5339,-0.081463491914078,400.3103,"0"
"3676",360,36000310,16,0,-0.6454,0.771596691431851,332.0223,"0"
"3677",360,36000010,16,1,-1.189,0.249679397490549,358.8218,"0"
"3678",360,36000027,16,1,-1.0876,0.347034830907856,417.2049,"1"
"3679",360,36000332,16,0,-2.0183,-0.546542110724171,291.0704,"0"
"3680",360,36000020,16,1,-1.3921,0.0546804968292567,400.7496,"0"
"3681",360,36000349,16,0,-1.7053,-0.246026818223017,478.4263,"1"
"3682",360,36000148,16,0,-1.1502,0.286931772407625,395.5676,"1"
"3683",360,36000224,16,0,-2.2335,-0.75315837572816,449.1315,"0"
"3684",360,36000206,16,0,-2.1878,-0.709281222797481,304.0423,"0"
"3685",360,36000211,16,0,-2.6508,-1.15381342863785,333.2987,"0"
"3686",360,36000024,16,1,-0.3271,1.07720058153766,363.0359,"1"
"3687",360,36000393,16,1,-1.4941,-0.0432510042414072,513.9403,"1"
"3688",360,36000318,16,0,-1.8984,-0.431424591328362,390.3425,"0"
"3689",360,36000116,16,0,-2.0226,-0.550670595573229,368.8953,"0"
"3690",360,36000054,16,1,-2.3243,-0.840336613936163,315.3274,"0"
"3691",360,36000104,16,1,-1.2719,0.170086050051745,288.0878,"0"
"3692",360,36000011,16,0,-1.235,0.205514210733191,452.5746,"1"
"3693",360,36000022,16,0,-3.6017,-2.06678464793289,380.9762,"1"
"3694",360,36000193,16,0,-2.5791,-1.0849733440617,364.2474,"1"
"3695",360,36000020,16,1,-0.6337,0.78283001067231,331.594,"0"
"3696",360,36000351,16,1,1.0247,2.37508100455063,538.9171,"1"
"3697",360,36000346,16,0,-1.7839,-0.321491680812764,287.449,"0"
"3698",360,36000269,16,0,-1.4188,0.0290454862548769,451.2228,"0"
"3699",360,36000201,16,0,-1.189,0.249679397490549,423.5268,"1"
"3700",360,36000379,16,1,-2.9968,-1.48601244207363,335.706,"1"
"3701",360,36000128,16,1,-1.3084,0.135041934472537,360.2965,"0"
"3702",360,36000201,16,0,-2.9167,-1.40910741035049,307.4438,"1"
"3703",360,36000297,16,1,-2.7815,-1.27930016579408,319.4312,"0"
"3704",360,36000281,16,0,0.4957,1.86718135684101,419.2934,"0"
"3705",360,36000343,16,0,-1.766,-0.304305662487618,369.6027,"0"
"3706",360,36000241,16,0,-2.4263,-0.938268115006826,381.07,"0"
"3707",360,36000067,16,1,-1.7884,-0.32581218821294,342.8488,"0"
"3708",360,36000183,16,0,-1.8642,-0.398588735087022,318.5135,"0"
"3709",360,36000008,16,1,0.8999,2.25525893265241,402.0134,"0"
"3710",360,36000082,16,1,-1.099,0.336089545494076,389.8705,"1"
"3711",360,36000335,16,0,-1.7759,-0.313810778768006,400.3818,"0"
"3712",360,36000120,16,0,-1.5965,-0.141566550414309,432.7976,"1"
"3713",360,36000074,16,0,-2.0687,-0.594931793606147,365.3819,"0"
"3714",360,36000203,16,1,-1.1227,0.31333487318648,361.3191,"0"
"3715",360,36000330,16,1,-1.3008,0.142338791415057,372.5828,"0"
"3716",360,36000003,16,0,-2.3682,-0.882485563906772,390.276,"0"
"3717",360,36000001,16,0,0.8659,2.22261509896219,466.2707,"1"
"3718",360,36000229,16,0,-3.3721,-1.84634275924833,354.0984,"0"
"3719",360,36000079,16,0,-1.6167,-0.160960828077323,302.066,"0"
"3720",360,36000153,16,1,-1.5339,-0.081463491914078,351.7184,"0"
"3721",360,36000020,16,0,-1.2851,0.157412561677894,399.1774,"1"
"3722",360,36000295,16,1,-1.8445,-0.379674513801805,429.9465,"0"
"3723",360,36000022,16,0,-1.2306,0.209738706857808,387.3792,"1"
"3724",360,36000232,16,1,-1.2641,0.177574929545384,246.2379,"0"
"3725",360,36000384,16,0,-2.4501,-0.961118798589981,341.3374,"0"
"3726",360,36000164,16,1,-2.3186,-0.834863971229273,371.7054,"0"
"3727",360,36000346,16,0,-3.0214,-1.50963121586126,270.2232,"0"
"3728",360,36000329,16,1,-1.9525,-0.483366691406037,392.5523,"1"
"3729",360,36000249,16,0,-0.8657,0.560083851374329,414.3782,"0"
"3730",360,36000384,16,0,-1.9864,-0.515914513820699,369.9517,"0"
"3731",360,36000113,16,1,-1.0551,0.378238495464685,387.8655,"1"
"3732",360,36000006,16,0,-0.0587,1.33489484513929,356.8576,"0"
"3733",360,36000290,16,1,0.1248,1.51107553579092,333.4394,"1"
"3734",360,36000042,16,0,0.1262,1.51241969364875,465.0209,"1"
"3735",360,36000209,16,0,0.6504,2.01571080013152,456.6177,"0"
"3736",360,36000392,16,1,-1.0336,0.398880919709972,333.0736,"1"
"3737",360,36000326,16,0,-1.9616,-0.492103717481949,343.319,"0"
"3738",360,36000153,16,0,0.3341,1.7120271355369,351.561,"1"
"3739",360,36000255,16,1,-1.2652,0.176518805514229,316.0991,"1"
"3740",360,36000189,16,0,-0.6485,0.768620341889507,436.4137,"0"
"3741",360,36000284,16,0,-0.6038,0.811537382064592,454.6514,"1"
"3742",360,36000034,16,1,-1.8265,-0.3623924842011,323.4607,"0"
"3743",360,36000118,16,1,-2.9796,-1.4694985026774,348.6173,"1"
"3744",360,36000268,16,1,-2.7445,-1.24377599383707,331.6695,"0"
"3745",360,36000356,16,1,-2.4595,-0.970143858492572,273.2012,"1"
"3746",360,36000070,16,0,-1.7237,-0.26369289292596,437.2962,"0"
"3747",360,36000190,16,0,0.7627,2.12353146258481,482.2453,"1"
"3748",360,36000069,16,0,-0.5774,0.836884358812294,453.4235,"1"
"3749",360,36000277,16,0,-3.3361,-1.81177870004692,345.1325,"0"
"3750",360,36000134,16,0,-1.9313,-0.463012300987429,374.7842,"0"
"3751",360,36000025,16,1,-1.4933,-0.0424829140369315,480.3092,"1"
"3752",360,36000052,16,0,-1.6356,-0.179106959158063,376.036,"0"
"3753",360,36000390,16,1,-0.6357,0.78090978516112,263.1594,"0"
"3754",360,36000071,16,0,-0.3801,1.02631460549114,296.1578,"0"
"3755",360,36000020,16,1,-0.962,0.467624993010556,317.9545,"0"
"3756",360,36000287,16,0,-0.6165,0.799343950068539,488.3597,"1"
"3757",360,36000220,16,1,0.5035,1.87467023633465,346.5404,"1"
"3758",360,36000066,16,0,-0.3857,1.02093797405981,426.8672,"0"
"3759",360,36000119,16,1,-2.0854,-0.610965676624579,299.4342,"1"
"3760",360,36000320,16,1,-0.9049,0.522447431355015,309.8891,"0"
"3761",360,36000073,16,1,-1.2053,0.234029559574355,377.0045,"0"
"3762",360,36000012,16,0,-0.6891,0.729639764012361,436.1819,"1"
"3763",360,36000321,16,1,-0.7418,0.679041821792518,327.3327,"1"
"3764",360,36000054,16,1,-3.086,-1.57165449987268,367.2046,"0"
"3765",360,36000190,16,0,0.998,2.34944599397625,420.9971,"1"
"3766",360,36000364,16,1,-1.0449,0.388031645571751,318.3151,"0"
"3767",360,36000081,1,1,-1.8702,-0.40434941162059,308.143,"1"
"3768",360,36000414,16,1,-2.465,-0.975424478648343,340.1844,"1"
"3769",360,36000200,16,1,-1.7999,-0.33685348490228,397.2215,"0"
"3770",360,36000303,16,1,-4.1487,-2.59196632524321,316.2979,"1"
"3771",360,36000035,16,1,-1.2244,0.215691405942495,306.5415,"0"
"3772",360,36000303,16,1,-2.3616,-0.876148819719847,311.3317,"0"
"3773",360,36000372,16,0,-1.5339,-0.081463491914078,344.9248,"0"
"3774",360,36000412,16,1,-1.4275,0.0206925052812027,291.0383,"0"
"3775",360,36000247,16,1,-1.5339,-0.081463491914078,406.5835,"0"
"3776",360,36000063,16,0,-1.84,-0.375354006401629,287.2961,"1"
"3777",360,36000291,16,1,-1.116,0.319767628648965,416.6183,"0"
"3778",360,36000159,16,0,0.1877,1.57146662811783,481.3093,"0"
"3779",360,36000092,16,0,-1.1325,0.303925768181652,430.3883,"0"
"3780",360,36000005,16,0,-1.781,-0.318707353821539,341.0781,"0"
"3781",360,36000249,16,0,-1.0228,0.409250137470395,436.928,"0"
"3782",360,36000130,16,0,-1.0335,0.398976930985531,444.3339,"0"
"3783",360,36000264,16,0,-1.4006,0.0465195384067012,318.7655,"0"
"3784",360,36000085,16,1,-3.2056,-1.68648398544181,313.3291,"0"
"3785",360,36000223,16,0,-1.0416,0.391200017665214,423.2915,"0"
"3786",360,36000076,16,1,1.0467,2.39620348517372,463.0416,"0"
"3787",360,36000313,16,0,-2.4755,-0.985505662582088,391.2702,"0"
"3788",360,36000209,16,0,-2.223,-0.743077191794415,366.0774,"1"
"3789",360,36000116,16,1,-2.4271,-0.939036205211302,304.1897,"0"
"3790",360,36000181,16,1,-1.1274,0.308822343235185,364.4449,"1"
"3791",360,36000285,16,1,-1.6947,-0.235849623013713,495.8802,"0"
"3792",360,36000392,16,0,-1.8007,-0.337621575106755,476.7293,"1"
"3793",360,36000261,16,0,-2.0049,-0.533676599799202,238.0045,"0"
"3794",360,36000049,16,1,-1.1076,0.327832575795961,488.9998,"1"
"3795",360,36000046,16,1,-2.5476,-1.05472979226047,285.0047,"1"
"3796",360,36000330,16,0,-2.5466,-1.05376967950487,371.0515,"0"
"3797",360,36000231,16,0,-1.4062,0.0411429069753708,366.2613,"0"
"3798",360,36000261,16,1,-1.744,-0.283183181864533,254.1318,"0"
"3799",360,36000170,16,0,-0.4274,0.980901272151505,343.1041,"0"
"3800",360,36000413,16,1,-1.7676,-0.305841842896569,389.2731,"0"
"3801",360,36000007,16,0,-1.5876,-0.133021546889516,361.2618,"0"
"3802",360,36000264,16,0,-1.6579,-0.200517473607826,378.5629,"0"
"3803",360,36000109,16,1,-0.8482,0.576885824597237,378.4733,"0"
"3804",360,36000141,16,0,-1.7429,-0.282127057833379,367.8464,"1"
"3805",360,36000085,16,0,-2.2641,-0.782537826049359,323.4823,"1"
"3806",360,36000323,16,1,-1.2825,0.15990885484244,305.3524,"0"
"3807",360,36000129,16,0,-2.1403,-0.66367586690673,353.8567,"0"
"3808",360,36000155,16,1,-0.7001,0.719078523700819,310.6391,"0"
"3809",360,36000299,16,0,-1.0796,0.354715732952614,381.0127,"0"
"3810",360,36000150,16,1,-3.3582,-1.83299719194557,300.9514,"0"
"3811",360,36000387,16,0,-1.2614,0.180167233985489,393.3658,"0"
"3812",360,36000253,16,0,-0.0358,1.35688142724241,411.3286,"1"
"3813",360,36000251,16,1,-1.0435,0.389375803429584,359.6904,"0"
"3814",360,36000037,16,1,-1.7157,-0.256011990881202,447.5443,"1"
"3815",360,36000019,16,0,-1.8475,-0.382554852068589,413.4056,"0"
"3816",360,36000006,16,1,-2.5547,-1.06154659282519,417.1497,"1"
"3817",360,36000128,16,0,-0.3922,1.01469724114844,377.7456,"0"
"3818",360,36000074,16,0,-2.5509,-1.05789816435393,344.9983,"0"
"3819",360,36000175,16,0,-2.5337,-1.0413842249577,290.4022,"0"
"3820",360,36000153,16,1,-2.5845,-1.09015795294191,398.7965,"0"
"3821",360,36000070,16,1,-1.7948,-0.331956909848746,355.0582,"0"
"3822",360,36000053,16,1,-0.5155,0.896315338383608,373.0827,"1"
"3823",360,36000146,16,0,-1.2585,0.182951560976714,343.586,"0"
"3824",360,36000242,16,1,-1.5791,-0.12486058846696,315.024,"0"
"3825",360,36000067,16,1,-1.5503,-0.0972093411058317,339.7346,"0"
"3826",360,36000010,16,1,-2.5474,-1.05453776970935,415.6405,"0"
"3827",360,36000400,16,1,-1.0943,0.340602075445371,354.554,"1"
"3828",360,36000208,16,1,-1.1072,0.328216620898199,395.9139,"0"
"3829",360,36000021,16,1,-1.9259,-0.457827692107217,403.4761,"0"
"3830",360,36000276,16,0,-2.7991,-1.29619815029255,317.8816,"1"
"3831",360,36000106,16,1,-2.9787,-1.46863440119736,343.3683,"0"
"3832",360,36000290,16,1,0.3978,1.77318631806829,421.8043,"1"
"3833",360,36000109,16,1,-1.8482,-0.383226930997506,396.6155,"1"
"3834",360,36000356,16,1,-2.5786,-1.08449328768391,310.5387,"1"
"3835",360,36000161,16,1,-2.1737,-0.695743632943595,381.5854,"0"
"3836",360,36000287,16,1,-0.9456,0.483370842202309,472.795,"0"
"3837",360,36000015,16,1,-1.8155,-0.351831243889557,296.9193,"1"
"3838",360,36000128,16,1,-1.9776,-0.507465521571465,426.8311,"1"
"3839",360,36000353,16,1,-0.5062,0.905244387010639,410.0789,"0"
"3840",360,36000214,16,0,-1.5751,-0.121020137444581,344.983,"0"
"3841",360,36000287,16,1,0.6005,1.96780117362734,478.9035,"1"
"3842",360,36000351,16,1,-0.535,0.877593139649511,574.0967,"0"
"3843",360,36000277,16,1,-2.1632,-0.685662449009849,301.6442,"0"
"3844",360,36000218,16,1,-1.961,-0.491527649828593,397.4883,"0"
"3845",360,36000059,16,0,-2.2588,-0.777449228444707,415.8375,"0"
"3846",360,36000260,16,0,0.6334,1.99938888328641,420.9511,"1"
"3847",360,36000356,16,1,-0.6147,0.80107215302861,289.6564,"0"
"3848",360,36000147,16,0,-0.6565,0.76093943984475,360.4885,"0"
"3849",360,36000147,16,0,-1.2497,0.191400553225948,324.0101,"1"
"3850",360,36000292,16,1,-0.6131,0.802608333437561,336.446,"0"
"3851",360,36000176,16,1,-1.2082,0.23124523258313,351.8649,"0"
"3852",360,36000400,16,0,0.084,1.47190293536266,340.7562,"0"
"3853",360,36000213,16,1,-1.2387,0.20196179353749,411.4313,"0"
"3854",360,36000258,16,1,-1.3524,0.0927969732263678,394.798,"0"
"3855",360,36000328,16,0,-1.1412,0.295572787207978,270.3985,"0"
"3856",360,36000374,16,1,-1.3789,0.0673539852031072,267,"1"
"3857",360,36000295,16,1,-1.3529,0.0923169168485705,409.728,"0"
"3858",360,36000350,16,1,-1.8514,-0.386299291815409,364.4592,"0"
"3859",360,36000307,16,0,-1.6677,-0.209926578612655,394.7831,"1"
"3860",360,36000178,16,0,-0.8871,0.539537438404602,435.905,"1"
"3861",360,36000194,16,0,-0.1242,1.27200745964783,445.6557,"0"
"3862",360,36000225,16,0,-0.4209,0.987142005062871,447.2285,"0"
"3863",360,36000264,16,1,-1.0019,0.429316494062325,353.6869,"0"
"3864",360,36000194,16,0,-1.273,0.169029926020591,350.6484,"0"
"3865",360,36000109,16,1,-0.2414,1.15948224469213,423.1718,"1"
"3866",360,36000120,16,0,-0.1359,1.26077414040737,496.0181,"0"
"3867",360,36000164,16,0,-0.3326,1.07191996138189,427.1024,"0"
"3868",360,36000167,16,1,-1.5814,-0.127068847804828,508.8914,"0"
"3869",360,36000398,16,1,-1.6098,-0.154336050063719,523.6232,"1"
"3870",360,36000012,16,0,-0.3477,1.05742225877241,491.4488,"1"
"3871",360,36000174,16,0,-0.5548,0.858582907088735,344.1155,"1"
"3872",360,36000229,16,0,-1.9449,-0.476069834463517,345.2212,"1"
"3873",360,36000046,16,1,-2.9872,-1.47679535961992,329.3148,"1"
"3874",360,36000183,16,1,-2.2106,-0.73117179362504,336.0172,"0"
"3875",360,36000241,16,0,-0.7894,0.633340454626208,349.3657,"1"
"3876",360,36000151,16,0,-2.3186,-0.834863971229273,347.716,"0"
"3877",360,36000147,16,1,-1.393,0.0538163953492213,349.4039,"0"
"3878",360,36000318,16,0,-0.6284,0.787918608276962,479.2506,"1"
"3879",360,36000104,16,1,-0.0436,1.34939254774877,313.1795,"0"
"3880",360,36000243,16,0,-1.8954,-0.428544253061577,373.9097,"1"
"3881",360,36000367,16,0,-2.2321,-0.751814217870327,356.4171,"0"
"3882",360,36000198,16,0,-2.1342,-0.657819179097602,401.1919,"0"
"3883",360,36000245,16,1,0.4925,1.86410899602311,518.6976,"1"
"3884",360,36000069,16,0,1.1018,2.44910569800699,452.7909,"1"
"3885",360,36000355,16,1,-0.8545,0.57083711423699,405.8749,"1"
"3886",360,36000149,16,0,-1.7401,-0.279438742117714,272.8205,"1"
"3887",360,36000241,16,0,-3.1047,-1.5896086084023,345.5324,"0"
"3888",360,36000326,16,0,-2.1593,-0.68191800926303,315.6076,"0"
"3889",360,36000021,16,1,-1.9198,-0.451971004298089,405.6798,"0"
"3890",360,36000282,16,0,-2.5609,-1.06749929190988,351.0371,"0"
"3891",360,36000201,16,0,-2.8152,-1.31165596565762,229.4465,"0"
"3892",360,36000074,16,1,-1.6873,-0.228744788622312,415.562,"0"
"3893",360,36000387,16,0,-3.3554,-1.8303088762299,442.2369,"0"
"3894",360,36000090,16,1,-1.6609,-0.20339781187461,315.9262,"1"
"3895",360,36000008,16,0,0.3946,1.77011395725038,384.8434,"1"
"3896",360,36000258,16,1,-0.1416,1.25530149770048,413.8351,"1"
"3897",360,36000261,16,1,-5.3208,-3.71731448607581,268.4737,"0"
"3898",360,36000203,16,0,-1.1678,0.270033787909157,300.7898,"0"
"3899",360,36000243,16,0,0.088,1.47574338638504,387.2208,"0"
"3900",360,36000378,16,1,-1.7288,-0.268589467979493,289.3304,"1"
"3901",360,36000070,16,1,-1.5047,-0.0534281994507114,432.303,"1"
"3902",360,36000176,16,1,-1.4767,-0.0265450422940586,396.3382,"1"
"3903",360,36000318,16,0,-1.4244,0.0236688548235463,453.9213,"1"
"3904",360,36000338,16,0,-1.1802,0.258128389739783,403.5486,"0"
"3905",360,36000186,16,0,0.1258,1.51203564854652,360.9836,"0"
"3906",360,36000060,16,1,-1.4238,0.0242449224769033,285.6443,"0"
"3907",360,36000046,16,0,-3.1006,-1.58567214610436,359.9369,"0"
"3908",360,36000022,16,1,-1.722,-0.262060701241449,382.8792,"1"
"3909",360,36000226,16,0,0.0165,1.40709532436001,441.075,"0"
"3910",360,36000072,16,1,1.1241,2.47051621245675,467.3053,"1"
"3911",360,36000071,16,1,-1.45,-0.00091003171967897,317.6859,"1"
"3912",360,36000155,16,1,-1.2319,0.208490560275534,280.9658,"0"
"3913",360,36000058,16,1,-0.6985,0.72061470410977,346.8404,"0"
"3914",360,36000024,16,1,-2.3175,-0.833807847198118,365.8325,"0"
"3915",360,36000226,16,0,-0.3263,1.07796867174213,431.4378,"1"
"3916",360,36000225,16,0,-0.0312,1.36129794591814,386.6182,"0"
"3917",360,36000385,16,1,-1.5339,-0.081463491914078,537.6331,"0"
"3918",360,36000095,16,1,-1.867,-0.401277050802687,357.4868,"0"
"3919",360,36000226,16,0,-0.8215,0.602520835171617,449.7683,"1"
"3920",360,36000065,16,0,-0.6054,0.810001201655641,367.9981,"0"
"3921",360,36000179,16,0,-0.7605,0.661087713262896,282.4201,"1"
"3922",360,36000081,16,1,-1.1679,0.269937776633598,388.6427,"1"
"3923",360,36000024,16,1,-1.8449,-0.380058558904043,350.9978,"0"
"3924",360,36000286,16,0,-1.4146,0.0330779598283748,407.2241,"0"
"3925",360,36000082,16,0,-1.5487,-0.0956731606968801,429.1647,"1"
"3926",360,36000335,16,1,-1.665,-0.207334274172549,383.4378,"1"
"3927",360,36000184,16,1,-1.9117,-0.444194090977772,334.7585,"1"
"3928",360,36000105,16,1,-3.2038,-1.68475578248174,350.2471,"1"
"3929",360,36000201,16,0,-2.7274,-1.2273580657164,399.5817,"0"
"3930",360,36000371,16,0,-2.693,-1.19433018692394,354.1622,"0"
"3931",360,36000060,16,1,-2.3203,-0.836496162913784,323.6005,"0"
"3932",360,36000233,16,0,-1.7575,-0.296144704065062,387.1456,"0"
"3933",360,36000373,16,1,-1.3886,0.0580408914738381,446.0307,"1"
"3934",360,36000297,16,1,-2.1918,-0.713121673819859,304.0546,"0"
"3935",360,36000091,16,0,-2.3273,-0.843216952202947,420.9608,"0"
"3936",360,36000101,16,0,-1.6858,-0.227304619488919,333.661,"1"
"3937",360,36000218,16,1,-0.86,0.565556494081219,460.9347,"0"
"3938",360,36000167,16,1,-0.2072,1.19231810093347,427.2122,"1"
"3939",360,36000031,16,1,-1.9937,-0.522923336936541,346.3043,"0"
"3940",360,36000244,16,0,-1.2911,0.151651885144326,365.2649,"0"
"3941",360,36000364,16,1,-3.0028,-1.4917731186072,329.1077,"0"
"3942",360,36000124,16,1,-2.1317,-0.655418897208615,290.8358,"0"
"3943",360,36000411,16,0,-2.2097,-0.730307692145005,412.3653,"0"
"3944",360,36000062,16,1,0.7045,2.06765290020919,418.9703,"1"
"3945",360,36000051,16,1,-3.269,-1.74735513414652,348.7109,"1"
"3946",360,36000386,16,1,-1.5342,-0.0817515257407564,396.2137,"1"
"3947",360,36000318,16,0,-2.1351,-0.658683280577637,385.4131,"1"
"3948",360,36000003,16,0,-1.6834,-0.225000348875492,377.3385,"0"
"3949",360,36000237,16,0,-1.3233,0.120736254414175,334.6361,"0"
"3950",360,36000034,16,1,-2.393,-0.906296360245521,348.3173,"1"
"3951",360,36000026,16,0,-1.8466,-0.381690750588554,329.7128,"1"
"3952",360,36000171,16,1,0.452,1.82522442942152,334.8447,"1"
"3953",360,36000339,16,1,-1.406,0.0413349295264897,394.302,"1"
"3954",360,36000079,16,1,-2.2705,-0.788682547685166,356.0241,"1"
"3955",360,36000160,16,0,-2.0147,-0.54308570480403,354.5644,"0"
"3956",360,36000344,16,1,-0.574,0.840148742181316,275.1174,"0"
"3957",360,36000317,16,1,-2.9867,-1.47631530324212,347.7886,"0"
"3958",360,36000209,16,1,0.1918,1.57540309041577,445.0564,"1"
"3959",360,36000058,16,0,-2.7725,-1.27065915099373,440.354,"1"
"3960",360,36000280,16,1,0.8844,2.24037718494069,484.5296,"0"
"3961",360,36000134,16,1,-2.4329,-0.944604859193752,403.3433,"0"
"3962",360,36000257,16,1,-1.7488,-0.287791723091388,346.9661,"0"
"3963",360,36000292,16,0,0.6789,2.04307401366597,483.5293,"0"
"3964",360,36000029,16,0,0.7367,2.09856853093935,455.0867,"0"
"3965",360,36000159,16,0,0.7383,2.1001047113483,437.2664,"1"
"3966",360,36000278,16,1,-1.3495,0.0955813002175927,356.8005,"0"
"3967",360,36000364,16,1,-3.1761,-1.65816065915176,335.6993,"1"
"3968",360,36000104,16,1,0.4593,1.83223325253736,273.0551,"0"
"3969",360,36000048,16,1,-0.702,0.717254309465189,456.9272,"0"
"3970",360,36000270,16,0,-1.6957,-0.236809735769307,381.7176,"0"
"3971",360,36000048,16,1,-1.4511,-0.00196615575083329,399.8539,"0"
"3972",360,36000303,16,1,-1.3786,0.0676420190297856,315.9996,"0"
"3973",360,36000014,16,0,-0.1634,1.23437103962852,282.2082,"0"
"3974",360,36000014,16,1,-2.561,-1.06759530318544,388.9996,"0"
"3975",360,36000247,16,1,-1.5339,-0.081463491914078,449.912,"0"
"3976",360,36000120,16,0,-0.79,0.632764386972851,478.7964,"0"
"3977",360,36000291,16,1,-2.0822,-0.607893315806675,381.4902,"0"
"3978",360,36000278,16,0,-1.549,-0.0959611945235585,314.9409,"0"
"3979",360,36000228,16,1,-1.9243,-0.456291511698265,387.3462,"1"
"3980",360,36000310,16,0,-1.8981,-0.431136557501683,363.4571,"1"
"3981",360,36000282,16,0,-2.3281,-0.843985042407423,344.874,"1"
"3982",360,36000208,16,0,-2.0322,-0.559887678026938,438.1808,"0"
"3983",360,36000374,16,0,-0.9145,0.513230348901306,342.4764,"1"
"3984",360,36000045,16,1,0.2505,1.63176170916918,444.0577,"1"
"3985",360,36000072,16,1,-0.9066,0.520815239670504,436.2637,"1"
"3986",360,36000291,16,0,0.0181,1.40863150476896,385.7781,"1"
"3987",360,36000329,16,1,-3.0314,-1.51923234341721,322.8536,"0"
"3988",360,36000305,16,1,-1.4985,-0.047475500366024,276.2138,"1"
"3989",360,36000264,16,0,-1.4257,0.0224207082412733,305.387,"0"
"3990",360,36000104,16,0,-2.2679,-0.786186254520619,254.0814,"0"
"3991",360,36000071,16,1,-0.5881,0.82661115232743,328.606,"0"
"3992",360,36000156,16,0,-1.1862,0.252367713206214,460.2624,"0"
"3993",360,36000231,16,1,-1.0995,0.335609489116278,336.9939,"0"
"3994",360,36000093,16,0,-3.2507,-1.72978507071913,386.645,"1"
"3995",360,36000156,16,1,-1.2876,0.155012279788907,381.8688,"1"
"3996",360,36000030,16,0,-0.9796,0.450727008512088,359.9527,"0"
"3997",360,36000313,16,1,-0.9858,0.444774309427401,331.1526,"1"
"3998",360,36000288,16,0,-1.3596,0.0858841613860858,444.543,"1"
"3999",360,36000314,16,0,-1.0036,0.427684302377814,328.705,"0"
"4000",360,36000294,16,0,-1.319,0.124864739263232,329.5259,"0"
"4001",360,36000300,16,1,-1.0435,0.389375803429584,469.0417,"1"
"4002",360,36000336,16,0,-1.9603,-0.490855570899676,281.1938,"0"
"4003",360,36000319,16,1,-1.3054,0.137922272739321,514.1189,"1"
"4004",360,36000135,16,0,-1.7613,-0.299793132536323,444.405,"1"
"4005",360,36000097,16,0,-1.5083,-0.0568846053708525,288.0136,"0"
"4006",360,36000204,16,0,-4.0818,-2.52773478189392,339.985,"0"
"4007",360,36000196,16,0,-2.3396,-0.855026339096762,359.6198,"0"
"4008",360,36000370,16,0,-3.4939,-1.96328449287977,382.3259,"1"
"4009",360,36000191,16,1,-1.427,0.021172561659,240.2191,"1"
"4010",360,36000066,16,0,-1.1337,0.302773632874938,437.5697,"1"
"4011",360,36000233,16,0,-1.3141,0.129569291765646,375.0745,"0"
"4012",360,36000295,16,0,-0.7614,0.660223611782861,396.2704,"1"
"4013",360,36000208,16,0,-3.1751,-1.65720054639617,334.9685,"0"
"4014",360,36000030,16,1,-1.3622,0.0833878682215393,447.186,"1"
"4015",360,36000148,16,0,-1.0556,0.377758439086887,489.8871,"1"
"4016",360,36000176,16,1,-0.2698,1.13221504243324,466.6338,"0"
"4017",360,36000107,16,0,-1.0315,0.400897156496721,284.1036,"0"
"4018",360,36000019,16,1,1.4243,2.75874206168629,333.6488,"1"
"4019",360,36000133,16,0,-1.9689,-0.499112540597791,325.842,"0"
"4020",360,36000107,16,0,-2.7863,-1.28390870702093,353.6937,"0"
"4021",360,36000232,16,0,-3.5285,-1.99650439422335,285.9711,"1"
"4022",360,36000164,16,0,0.3244,1.70271404180763,382.5262,"0"
"4023",360,36000316,16,0,0.2853,1.66517363306388,399.2472,"1"
"4024",360,36000325,16,0,-1.6562,-0.198885281923315,487.0565,"1"
"4025",360,36000153,16,0,-1.2243,0.215787417218055,386.8033,"0"
"4026",360,36000030,16,0,0.4125,1.78729997557553,397.5985,"0"
"4027",360,36000098,16,0,-1.1572,0.280210983118462,370.3215,"1"
"4028",360,36000375,16,0,-2.0964,-0.621526916936121,333.2638,"0"
"4029",360,36000168,16,1,-2.2779,-0.795787382076567,380.3015,"0"
"4030",360,36000118,16,0,-1.8631,-0.397532611055867,355.0678,"0"
"4031",360,36000197,16,1,-2.7963,-1.29350983457688,362.1872,"0"
"4032",360,36000164,16,0,-3.2238,-1.70395803759363,325.5994,"0"
"4033",360,36000167,16,0,-1.9469,-0.477990059974707,275.5062,"0"
"4034",360,36000173,16,1,-1.3361,0.108446811142562,350.3636,"0"
"4035",360,36000382,16,1,-1.2087,0.230765176205332,356.7259,"1"
"4036",360,36000006,16,1,-1.8997,-0.432672737910635,314.249,"1"
"4037",360,36000393,16,0,-1.827,-0.362872540578897,323.1189,"1"
"4038",360,36000377,16,1,-1.8822,-0.415870764687727,377.1902,"0"
"4039",360,36000359,16,1,-2.0184,-0.546638121999731,416.4039,"1"
"4040",360,36000221,16,0,-3.1622,-1.644815091849,345.7149,"0"
"4041",360,36000057,16,1,-1.9634,-0.49383192044202,323.2844,"1"
"4042",360,36000342,16,0,0.8858,2.24172134279852,471.2453,"1"
"4043",360,36000333,16,0,-1.8923,-0.425567903519234,328.3047,"0"
"4044",360,36000217,16,0,-0.6591,0.758443146680203,358.7626,"0"
"4045",360,36000297,16,1,-2.4268,-0.938748171384624,349.5764,"0"
"4046",360,36000123,16,1,-2.1616,-0.684126268600898,382.3929,"0"
"4047",360,36000191,16,1,-0.6939,0.725031222785506,304.2487,"0"
"4048",360,36000263,16,0,-1.2384,0.202249827364169,432.3215,"1"
"4049",360,36000319,16,1,-0.676,0.742217241110652,469.38,"1"
"4050",360,36000337,16,0,-0.212,1.18770955970661,449.8754,"0"
"4051",360,36000267,16,1,-0.6376,0.77908557092549,441.6383,"1"
"4052",360,36000317,16,1,-1.5339,-0.081463491914078,341.6091,"0"
"4053",360,36000345,16,0,-2.744,-1.24329593745928,372.4488,"1"
"4054",360,36000291,16,1,-0.7242,0.695939806290985,370.5512,"0"
"4055",360,36000070,16,0,-0.8667,0.559123738618734,447.3903,"1"
"4056",360,36000257,16,1,-1.5171,-0.0653335976200862,314.0629,"0"
"4057",360,36000065,16,0,-0.2062,1.19327821368906,374.322,"0"
"4058",360,36000320,16,1,-1.9847,-0.514282322136188,389.3166,"1"
"4059",360,36000342,16,1,-1.7434,-0.282607114211177,414.8325,"0"
"4060",360,36000369,16,1,-1.0906,0.344154492641072,519.6013,"0"
"4061",360,36000329,16,0,-3.489,-1.95857994037736,335.1729,"0"
"4062",360,36000197,16,1,-2.2937,-0.810957163614964,395.9316,"0"
"4063",360,36000349,16,0,0.4041,1.77923502842853,456.758,"0"
"4064",360,36000286,16,1,-3.5735,-2.03970946822512,327.7449,"0"
"4065",360,36000390,16,0,-0.4093,0.99827931302777,322.4271,"0"
"4066",360,36000403,16,0,-2.2973,-0.814413569535105,363.8703,"0"
"4067",360,36000082,16,1,-0.4563,0.953154013514817,504.3311,"1"
"4068",360,36000056,16,1,-1.1691,0.268785641326884,359.5862,"0"
"4069",360,36000281,16,0,-0.2557,1.14575263228712,399.9605,"0"
"4070",360,36000090,16,1,-1.2274,0.212811067675711,373.1,"0"
"4071",360,36000191,16,0,-1.754,-0.292784309420481,409.8826,"1"
"4072",360,36000296,16,1,-2.383,-0.896695232689574,352.8555,"1"
"4073",360,36000004,16,1,-0.4762,0.934047769678482,452.9314,"0"
"4074",360,36000180,16,1,0.0977,1.4850564801143,380.7557,"0"
"4075",360,36000390,16,1,-1.665,-0.207334274172549,374.7393,"1"
"4076",360,36000369,16,1,-0.5672,0.84667750891936,473.5972,"0"
"4077",360,36000155,16,0,-1.2589,0.182567515874476,334.7493,"0"
"4078",360,36000197,16,1,-2.0435,-0.570736952165159,376.8071,"0"
"4079",360,36000223,16,1,-0.1467,1.25040492264695,425.9454,"0"
"4080",360,36000027,16,0,-1.2394,0.201289714608574,395.6432,"1"
"4081",360,36000030,16,1,-0.1828,1.21574485216998,632.9237,"1"
"4082",360,36000028,16,0,-1.882,-0.415678742136608,423.2759,"0"
"4083",360,36000111,16,0,-0.62,0.795983555423958,402.1034,"1"
"4084",360,36000109,17,1,0.0709,1.45932545826437,303.7247,"1"
"4085",360,36000291,16,1,-0.568,0.845909418714884,405.9159,"1"
"4086",360,36000109,16,1,-2.6068,-1.11156846739168,380.7915,"0"
"4087",360,36000076,16,1,-1.4696,-0.019728241729336,379.6473,"1"
"4088",360,36000259,16,1,-0.499,0.912157198850922,319.7863,"0"
"4089",360,36000369,16,1,1.3081,2.64717695948618,443.0146,"1"
"4090",360,36000118,16,0,-2.8882,-1.38174419681604,308.3085,"0"
"4091",360,36000072,16,1,-1.4095,0.0379745348819081,439.3462,"0"
"4092",360,36000176,16,1,-1.6582,-0.200805507434504,379.0746,"0"
"4093",360,36000170,16,1,-2.0708,-0.596948030392896,354.0783,"0"
"4094",360,36000175,16,1,-1.7346,-0.274158121961943,338.6569,"1"
"4095",360,36000191,16,1,-0.0811,1.31338831941396,331.7223,"0"
"4096",360,36000102,16,1,0.4345,1.80842245619861,450.771,"0"
"4097",360,36000390,16,1,0.2511,1.63233777682254,365.808,"0"
"4098",360,36000092,16,1,0.1832,1.56714612071766,375.5069,"1"
"4099",360,36000105,16,1,-2.1204,-0.644569623070395,346.4136,"0"
"4100",360,36000283,17,1,-2.9896,-1.47909963023335,351.7469,"1"
"4101",360,36000171,16,1,-1.4562,-0.00686273080436637,346.9124,"0"
"4102",360,36000184,16,1,-1.9121,-0.44457813608001,290.4606,"0"
"4103",360,36000115,16,0,-0.1368,1.25991003892734,434.2451,"1"
"4104",360,36000100,16,1,-1.2299,0.210410785786724,340.1936,"0"
"4105",360,36000169,16,0,-2.525,-1.03303124398403,331.5952,"0"
"4106",360,36000400,16,1,-0.9083,0.519183047985993,334.5331,"1"
"4107",360,36000075,16,1,-2.0654,-0.591763421512684,403.3402,"1"
"4108",360,36000362,16,1,-1.0002,0.430948685746836,334.105,"1"
"4109",360,36000384,16,0,-1.8261,-0.362008439098862,330.1941,"0"
"4110",360,36000234,16,0,-2.6907,-1.19212192758608,310.0944,"0"
"4111",360,36000060,16,0,-0.0229,1.36926688178958,363.323,"0"
"4112",360,36000100,16,1,-1.5849,-0.13042924244941,303.8621,"0"
"4113",360,36000327,16,0,-0.7871,0.635548713964076,467.9559,"1"
"4114",360,36000295,16,0,-0.6951,0.723879087478792,434.6259,"1"
"4115",360,36000089,16,1,-2.0424,-0.569680828134005,330.9446,"0"
"4116",360,36000146,16,1,-1.1128,0.322839989466868,246.9912,"0"
"4117",360,36000093,16,1,-0.9921,0.438725599067154,418.6325,"1"
"4118",360,36000217,16,1,-1.6611,-0.203589834425729,374.5643,"0"
"4119",360,36000310,16,1,-0.717,0.702852618131268,320.4141,"0"
"4120",360,36000017,16,1,-1.8173,-0.353559446849628,375.0819,"1"
"4121",360,36000111,16,1,0.6351,2.00102107497092,503.5947,"1"
"4122",360,36000212,16,1,-3.1279,-1.6118832243321,339.6883,"0"
"4123",360,36000286,16,1,-2.3355,-0.851089876798824,332.2552,"0"
"4124",360,36000049,16,0,-2.0373,-0.564784253080472,462.6357,"1"
"4125",360,36000171,16,1,0.4386,1.81235891849655,431.2345,"1"
"4126",360,36000170,16,1,-1.5091,-0.0576526955753284,377.3703,"0"
"4127",360,36000131,16,1,-1.5829,-0.12850901693822,281.7922,"1"
"4128",360,36000236,16,1,-0.928,0.500268826700777,398.7688,"0"
"4129",360,36000364,16,0,-1.1265,0.30968644471522,286.4047,"0"
"4130",360,36000064,16,0,-1.4322,0.0161799753299075,311.0442,"0"
"4131",360,36000330,16,0,0.2643,1.64501126519639,480.6105,"1"
"4132",360,36000035,16,0,-1.4589,-0.00945503524447231,313.2033,"0"
"4133",360,36000340,16,1,-0.2524,1.14892100438059,512.024,"0"
"4134",360,36000363,16,0,-1.1576,0.279826938016224,348.7072,"0"
"4135",360,36000159,16,0,0.5264,1.89665681843777,317.8005,"0"
"4136",360,36000047,16,1,-2.3397,-0.855122350372322,327.4136,"1"
"4137",360,36000398,16,1,-1.5642,-0.110554908408599,510.2126,"0"
"4138",360,36000153,16,1,-3.1055,-1.59037669860678,378.7868,"1"
"4139",360,36000241,16,0,-1.7681,-0.306321899274367,336.604,"0"
"4140",360,36000027,16,0,-0.5047,0.906684556144031,370.3181,"0"
"4141",360,36000066,16,0,-1.3545,0.0907807364396189,409.2093,"1"
"4142",360,36000245,16,1,0.0028,1.39394177960836,481.8352,"1"
"4143",360,36000252,16,0,-1.8244,-0.360376247414351,303.5694,"0"
"4144",360,36000192,16,0,-0.9347,0.493836071238292,346.98,"0"
"4145",360,36000020,16,0,-1.6001,-0.14502295633445,342.2117,"0"
"4146",360,36000263,16,1,-1.4492,-0.00014194151520326,523.3503,"1"
"4147",360,36000130,16,1,-1.9685,-0.498728495495553,372.8356,"0"
"4148",360,36000264,16,0,-0.8799,0.546450250244884,411.9274,"1"
"4149",360,36000235,16,1,-0.8866,0.540017494782399,302.8576,"0"
"4150",360,36000350,16,1,-2.3203,-0.836496162913784,308.7752,"0"
"4151",360,36000223,16,1,1.0112,2.3621194823501,437.0525,"1"
"4152",360,36000080,16,0,0.5922,1.9598322377559,364.3911,"1"
"4153",360,36000240,16,1,-0.6417,0.775149108627552,438.6016,"1"
"4154",360,36000153,16,0,-3.6724,-2.13466461975344,315.2056,"0"
"4155",360,36000282,16,1,-2.4121,-0.924634513877381,354.839,"0"
"4156",360,36000098,16,0,-2.0301,-0.557871441240189,422.8029,"1"
"4157",360,36000076,16,0,-0.7884,0.634300567381803,350.3827,"1"
"4158",360,36000114,16,1,-2.7612,-1.25980987685551,310.7789,"0"
"4159",360,36000340,16,0,-0.8657,0.560083851374329,466.7499,"1"
"4160",360,36000233,16,1,0.2292,1.61131130747501,394.2251,"0"
"4161",360,36000314,16,0,-2.3913,-0.904664168561011,431.2987,"0"
"4162",360,36000278,16,1,-1.3618,0.0837719133237774,306.0122,"0"
"4163",360,36000382,16,0,-1.2155,0.224236409467288,426.421,"1"
"4164",360,36000174,16,1,-0.5891,0.825651039571835,587.9643,"0"
"4165",360,36000137,16,1,-1.6306,-0.17430639538009,328.2436,"0"
"4166",360,36000036,16,0,-2.1298,-0.653594682972985,372.4195,"0"
"4167",360,36000342,16,1,-1.1123,0.323320045844666,351.301,"0"
"4168",360,36000204,16,1,-0.3411,1.06375900295933,355.5263,"1"
"4169",360,36000167,16,1,-0.7403,0.68048199092591,336.8036,"0"
"4170",360,36000299,16,0,-3.3225,-1.79872116657083,380.3192,"0"
"4171",360,36000327,16,0,-0.8526,0.57266132847262,353.6861,"0"
"4172",360,36000155,16,1,-1.0496,0.383519115620456,308.9364,"0"
"4173",360,36000323,16,1,-1.1364,0.300181328434832,392.38,"0"
"4174",360,36000381,16,0,-1.3235,0.120544231863056,559.2836,"1"
"4175",360,36000267,16,0,-1.3508,0.0943331536353195,355.8359,"0"
"4176",360,36000315,16,0,-1.1304,0.305942004968401,373.1003,"0"
"4177",360,36000284,16,0,-0.706,0.71341385844281,519.9797,"1"
"4178",360,36000203,16,0,-1.3732,0.0728266279099973,381.0046,"0"
"4179",360,36000022,16,0,-1.1338,0.302677621599379,404.4794,"1"
"4180",360,36000296,16,1,-1.8423,-0.377562265739497,324.5248,"0"
"4181",360,36000170,16,1,-3.071,-1.55725280853876,350.1284,"0"
"4182",360,36000039,16,0,-3.3247,-1.80083341463314,425.4538,"1"
"4183",360,36000177,16,0,-0.101,1.29428207557763,385.7865,"1"
"4184",360,36000349,16,0,-2.3041,-0.820942336273149,422.022,"0"
"4185",360,36000388,16,1,-1.353,0.0922209055730111,428.6384,"1"
"4186",360,36000089,16,1,-3.6019,-2.06697667048401,344.3076,"0"
"4187",360,36000355,16,1,-1.94,-0.471365281961103,340.6783,"1"
"4188",360,36000326,16,1,-1.805,-0.341750059955813,364.0641,"0"
"4189",360,36000064,16,0,-1.2902,0.152515986624361,409.7618,"1"
"4190",360,36000334,16,1,-2.6245,-1.1285624631657,313.7714,"0"
"4191",360,36000172,16,0,-2.0599,-0.586482801356913,343.4013,"0"
"4192",360,36000106,16,1,-1.3659,0.079835451025839,316.5843,"1"
"4193",360,36000230,16,0,-2.0628,-0.589267128348138,381.5049,"0"
"4194",360,36000152,16,0,-1.7621,-0.300561222740798,448.5848,"1"
"4195",360,36000252,16,1,-3.3348,-1.81053055346465,343.9514,"1"
"4196",360,36000102,16,0,0.3389,1.71663567676376,532.4226,"1"
"4197",360,36000036,16,0,-1.4179,0.0299095877349123,445.9513,"1"
"4198",360,36000334,16,0,0.483,1.85498792484496,472.6864,"1"
"4199",360,36000354,16,1,0.0079,1.3988383546619,409.7502,"1"
"4200",360,36000118,16,0,-1.5933,-0.138494189596406,364.5498,"0"
"4201",360,36000409,16,1,-2.758,-1.2567375160376,390.3005,"0"
"4202",360,36000281,16,1,-2.5419,-1.04925714955358,357.6752,"0"
"4203",360,36000107,16,1,-2.8239,-1.3200089466313,257.7071,"0"
"4204",360,36000350,16,0,-0.6572,0.760267360915833,490.8625,"0"
"4205",360,36000040,16,1,-2.5773,-1.08324514110163,351.867,"0"
"4206",360,36000052,16,1,-1.2928,0.150019693459815,291.1145,"0"
"4207",360,36000345,16,1,-1.6713,-0.213382984532796,406.6763,"0"
"4208",360,36000308,16,1,-3.7436,-2.20302464795178,356.1902,"1"
"4209",360,36000404,16,0,-3.1564,-1.63924643786655,374.3279,"0"
"4210",360,36000178,16,1,-0.8537,0.571605204441466,477.1565,"1"
"4211",360,36000062,16,1,-0.5588,0.854742456066356,402.2078,"0"
"4212",360,36000128,16,1,-1.0891,0.345594661774464,333.9649,"1"
"4213",360,36000057,16,0,-1.7633,-0.301713358047512,339.2979,"0"
"4214",360,36000267,16,0,-0.4933,0.917629841557811,477.1596,"1"
"4215",360,36000110,16,0,-1.9294,-0.461188086751799,385.183,"0"
"4216",360,36000213,16,0,-2.5404,-1.04781698042019,320.8911,"1"
"4217",360,36000126,16,1,-2.7648,-1.26326628277565,342.6435,"0"
"4218",360,36000295,16,1,-0.2334,1.16716314673689,447.0967,"1"
"4219",360,36000187,16,0,-1.468,-0.0181920613203844,408.0621,"0"
"4220",360,36000093,16,0,-2.4973,-1.00643612065405,450.15,"1"
"4221",360,36000343,16,1,-0.3862,1.02045791768201,313.5813,"1"
"4222",360,36000300,16,1,-0.4477,0.961410983212932,435.5163,"1"
"4223",360,36000366,16,1,-0.0587,1.33489484513929,305.471,"0"
"4224",360,36000319,16,0,0.5691,1.93765363310167,452.7514,"0"
"4225",360,36000190,16,1,-0.5485,0.864631617448982,441.9346,"1"
"4226",360,36000352,16,1,-1.1959,0.243054619476945,396.3276,"1"
"4227",360,36000174,16,0,0.8333,2.1913154231298,492.0366,"1"
"4228",360,36000339,16,0,-1.0285,0.403777494763505,471.9081,"1"
"4229",360,36000134,16,1,-2.4697,-0.979937008599638,343.4806,"0"
"4230",360,36000220,16,1,-1.2925,0.150307727286493,442.3549,"0"
"4231",360,36000120,16,1,-0.3863,1.02036190640645,507.9418,"1"
"4232",360,36000192,16,1,-3.0727,-1.55888500022327,342.1462,"1"
"4233",360,36000058,16,0,-1.6054,-0.150111553939102,422.8368,"1"
"4234",360,36000320,16,0,-0.5115,0.900155789405987,338.6747,"1"
"4235",360,36000247,16,0,-1.5339,-0.081463491914078,373.3753,"0"
"4236",360,36000184,16,1,-2.9497,-1.44079113128511,392.1031,"0"
"4237",360,36000302,16,0,-1.5401,-0.0874161909987654,374.3186,"1"
"4238",360,36000060,16,0,-1.8535,-0.388315528602158,304.2821,"0"
"4239",360,36000258,16,0,-1.8207,-0.35682383021865,363.6028,"1"
"4240",360,36000366,16,1,-1.8446,-0.379770525077365,301.5597,"0"
"4241",360,36000033,16,1,0.06,1.44886022922838,403.8028,"1"
"4242",360,36000341,16,1,-0.0191,1.37291531026084,489.6483,"0"
"4243",360,36000241,16,1,-0.452,0.957282498363874,366.814,"0"
"4244",360,36000023,16,1,-1.776,-0.313906790043565,361.6185,"0"
"4245",360,36000335,16,0,-2.3606,-0.875188706964252,304.3031,"1"
"4246",360,36000373,16,1,0.4798,1.85191556402706,405.7968,"0"
"4247",360,36000300,16,0,-1.1476,0.289428065572171,470.4383,"1"
"4248",360,36000386,16,0,-1.359,0.0864602290394426,481.3381,"1"
"4249",360,36000002,16,0,-1.3178,0.126016874569946,381.8531,"0"
"4250",360,36000372,16,0,-2.1487,-0.671740814053726,327.1304,"0"
"4251",360,36000004,16,1,-1.6177,-0.161920940832917,389.0893,"1"
"4252",360,36000051,16,1,-2.4398,-0.951229637207356,312.399,"0"
"4253",360,36000390,16,1,-1.757,-0.295664647687265,267.6897,"0"
"4254",360,36000189,16,1,0.8368,2.19467581777438,395.4706,"1"
"4255",360,36000230,16,0,-1.7779,-0.315731004279195,349.1465,"0"
"4256",360,36000212,16,0,-1.9125,-0.444962181182248,328.4546,"0"
"4257",360,36000079,16,0,-1.7101,-0.250635359449872,336.9322,"0"
"4258",360,36000342,16,1,-0.3534,1.05194961606552,364.5058,"1"
"4259",360,36000020,16,0,-0.3829,1.02362628977547,263.2739,"0"
"4260",360,36000113,16,1,-2.5429,-1.05021726230917,366.8445,"1"
"4261",360,36000307,16,0,-2.5636,-1.07009159634998,389.4686,"0"
"4262",360,36000195,16,1,0.6147,1.98143477475679,424.3534,"0"
"4263",360,36000031,16,1,-2.1464,-0.669532554715858,338.4045,"1"
"4264",360,36000349,16,0,-1.8918,-0.425087847141436,463.2156,"0"
"4265",360,36000270,16,0,-1.8907,-0.424031723110282,309.1138,"1"
"4266",360,36000259,16,1,-2.5424,-1.04973720593138,348.8793,"0"
"4267",360,36000103,16,1,-1.7082,-0.248811145214242,307.03,"0"
"4268",360,36000244,16,1,-1.1946,0.244302766059218,328.7973,"0"
"4269",360,36000213,16,1,-2.1398,-0.663195810528933,306.3595,"1"
"4270",360,36000168,16,1,-1.5307,-0.0783911310961747,275.2424,"0"
"4271",360,36000307,16,1,-1.2368,0.20378600777312,292.1464,"0"
"4272",360,36000008,16,0,0.0876,1.4753593412828,503.1801,"1"
"4273",360,36000077,16,0,-2.5356,-1.04320843919333,284.47,"0"
"4274",360,36000221,16,0,-3.0088,-1.49753379514076,357.8776,"0"
"4275",360,36000339,16,0,0.8268,2.18507469021843,429.1554,"0"
"4276",360,36000247,16,1,-1.5339,-0.081463491914078,409.909,"0"
"4277",360,36000102,16,0,-1.3749,0.0711944362254862,521.1343,"1"
"4278",360,36000263,16,0,-1.3988,0.0482477413667718,424.6516,"0"
"4279",360,36000093,16,1,-1.2579,0.183527628630071,334.7185,"1"
"4280",360,36000373,16,0,-2.3933,-0.9065843940722,360.4027,"0"
"4281",360,36000280,16,1,-0.5196,0.89237887608567,462.2557,"0"
"4282",360,36000104,16,0,-1.9882,-0.51764271678077,290.59,"0"
"4283",360,36000295,16,1,-0.9403,0.488459439806961,431.5667,"1"
"4284",360,36000148,16,0,-1.835,-0.370553442623655,522.4911,"1"
"4285",360,36000393,16,0,-0.8932,0.533680750595474,420.2758,"1"
"4286",360,36000241,16,1,-1.063,0.370653604695487,437.0342,"0"
"4287",360,36000167,16,0,-0.559,0.854550433515237,355.3545,"0"
"4288",360,36000294,16,0,-2.2063,-0.727043308775983,303.0137,"0"
"4289",360,36000327,16,0,-2.5352,-1.04282439409109,349.7102,"0"
"4290",360,36000351,16,1,0.5597,1.92862857319908,577.6118,"0"
"4291",360,36000267,16,0,-2.3447,-0.859922914150296,452.9116,"0"
"4292",360,36000033,16,1,-0.0264,1.365906487145,437.0592,"1"
"4293",360,36000057,16,0,-1.3626,0.0830038231193015,348.0817,"0"
"4294",360,36000179,16,1,-0.9343,0.49422011634053,443.0152,"1"
"4295",360,36000168,16,0,-1.3179,0.125920863294386,311.5376,"0"
"4296",360,36000206,16,1,-2.6586,-1.16130230813149,317.8104,"0"
"4297",360,36000061,16,1,-0.6391,0.777645401792098,251.2554,"1"
"4298",360,36000257,16,1,-2.1502,-0.673180983187118,281.5581,"0"
"4299",360,36000102,16,1,0.7033,2.06650076490248,390.5831,"1"
"4300",360,36000385,16,0,-1.5339,-0.081463491914078,545.9785,"0"
"4301",360,36000113,16,0,-1.0474,0.385631363682764,383.1683,"1"
"4302",360,36000391,16,1,-0.3832,1.02333825594879,521.7602,"0"
"4303",360,36000092,16,0,-2.0099,-0.538477163577176,297.6526,"0"
"4304",360,36000410,16,1,-0.979,0.451303076165445,400.3099,"1"
"4305",360,36000182,16,0,-0.8884,0.538289291822329,364.7928,"1"
"4306",360,36000063,16,1,-0.8977,0.529360243195297,299.1963,"1"
"4307",360,36000262,16,1,-3.2144,-1.69493297769104,304.9829,"0"
"4308",360,36000297,16,1,-1.6124,-0.156832343228265,270.0075,"0"
"4309",360,36000051,16,0,-2.7561,-1.25491330180197,353.3346,"0"
"4310",360,36000097,16,1,-0.7751,0.647070067031213,322.2019,"0"
"4311",360,36000032,16,0,-2.348,-0.863091286243758,319.8604,"0"
"4312",360,36000148,16,0,-0.5964,0.818642216455993,433.144,"1"
"4313",360,36000089,16,1,-1.4149,0.0327899260016964,380.1641,"0"
"4314",360,36000282,16,0,0.1247,1.51097952451536,331.9904,"0"
"4315",360,36000206,16,0,-1.2918,0.150979806215409,416.313,"0"
"4316",360,36000406,16,1,-1.3052,0.13811429529044,410.5502,"0"
"4317",360,36000237,16,1,-1.376,0.0701383121943321,399.8803,"0"
"4318",360,36000408,16,0,-2.6869,-1.18847349911482,431.0215,"1"
"4319",360,36000181,16,0,0.5471,1.91653115247858,560.0425,"1"
"4320",360,36000059,16,1,-1.3308,0.113535408747214,370.8663,"0"
"4321",360,36000129,16,1,-3.2223,-1.70251786846024,469.6189,"1"
"4322",360,36000021,16,0,-1.4701,-0.0202082981071333,403.7288,"1"
"4323",360,36000306,16,0,-2.78,-1.27785999666069,308.4906,"0"
"4324",360,36000203,16,1,-1.5055,-0.0541962896551873,428.3635,"0"
"4325",360,36000270,16,0,-2.2639,-0.78234580349824,383.9583,"0"
"4326",360,36000368,16,0,0.1134,1.50013025037714,369.8898,"0"
"4327",360,36000390,16,1,-2.6192,-1.12347386556105,297.025,"1"
"4328",360,36000335,16,1,-2.0032,-0.532044408114691,413.5788,"0"
"4329",360,36000182,16,1,-1.8753,-0.409245986674123,352.6333,"1"
"4330",360,36000189,16,0,-1.6671,-0.209350510959298,355.5812,"0"
"4331",360,36000119,16,1,-1.3846,0.0618813424962171,313.6338,"1"
"4332",360,36000177,16,0,0.2431,1.62465687477778,439.1987,"1"
"4333",360,36000376,16,0,-2.8948,-1.38808094100296,335.9006,"0"
"4334",360,36000149,16,0,-2.3268,-0.84273689582515,347.0904,"0"
"4335",360,36000020,16,1,0.0486,1.4379149438146,348.3238,"1"
"4336",360,36000102,16,0,-2.0682,-0.594451737228349,442.2134,"1"
"4337",360,36000257,16,1,-1.6414,-0.184675613140513,360.2237,"0"
"4338",360,36000033,16,0,-1.2108,0.228748939418583,281.5129,"0"
"4339",360,36000140,16,1,-2.1931,-0.714369820402132,352.1877,"0"
"4340",360,36000087,16,1,-2.8145,-1.31098388672871,381.6912,"0"
"4341",360,36000359,16,0,0.1126,1.49936216017267,379.8287,"0"
"4342",360,36000091,16,1,-2.451,-0.961982900070017,412.803,"0"
"4343",360,36000356,16,0,-1.873,-0.407037727336255,350.4367,"0"
"4344",360,36000366,16,0,-1.9326,-0.464260447569702,297.4417,"1"
"4345",360,36000052,16,0,-1.5965,-0.141566550414309,408.022,"1"
"4346",360,36000212,16,0,-1.0543,0.379006585669161,400.1436,"0"
"4347",360,36000323,16,1,-1.3373,0.107294675835849,363.1116,"1"
"4348",360,36000185,16,0,-2.356,-0.870772188288516,449.5866,"1"
"4349",360,36000212,16,0,-0.6773,0.740969094528379,382.7749,"0"
"4350",360,36000243,16,1,-1.4568,-0.00743879845772336,419.5414,"1"
"4351",360,36000078,16,1,-3.1053,-1.59018467605566,352.5146,"0"
"4352",360,36000268,16,0,-0.9584,0.471081398930697,348.8709,"0"
"4353",360,36000105,16,1,-1.4388,0.00984323114298203,421.9832,"1"
"4354",360,36000230,16,0,-3.2062,-1.68706005309517,371.3545,"1"
"4355",360,36000073,16,0,-1.9105,-0.443041955671058,386.6491,"1"
"4356",360,36000393,16,0,-0.9481,0.480970560313322,357.3104,"0"
"4357",360,36000393,16,1,-0.0232,1.3689788479629,432.9267,"1"
"4358",360,36000015,16,1,-1.7564,-0.295088580033908,292.529,"0"
"4359",360,36000136,16,0,-2.7534,-1.25232099736187,426.5408,"1"
"4360",360,36000003,16,0,-0.6862,0.732424091003586,435.3548,"0"
"4361",360,36000132,16,0,-2.1962,-0.717346169944476,321.9106,"0"
"4362",360,36000148,16,0,-1.8596,-0.394172216411286,450.3554,"1"
"4363",360,36000378,16,1,-2.178,-0.699872117792652,429.8729,"0"
"4364",360,36000353,16,0,-2.3295,-0.845329200265255,367.8816,"0"
"4365",360,36000062,16,0,0.0889,1.47660748786507,371.9478,"0"
"4366",360,36000044,16,1,-0.2419,1.15900218831433,534.3024,"1"
"4367",360,36000280,16,0,-0.4043,1.00307987680574,450.6522,"1"
"4368",360,36000211,16,1,-2.0686,-0.594835782330587,343.712,"0"
"4369",360,36000194,16,1,-1.6697,-0.211846804123844,476.9557,"1"
"4370",360,36000065,16,0,-0.1447,1.25232514815814,307.1533,"0"
"4371",360,36000230,16,0,-2.016,-0.544333851386304,471.4517,"0"
"4372",360,36000036,16,0,-1.569,-0.115163449635453,481.4889,"0"
"4373",360,36000170,16,0,0.599,1.96636100449395,377.3779,"0"
"4374",360,36000183,16,1,-3.0118,-1.50041413340755,344.9533,"0"
"4375",360,36000041,16,0,-2.6277,-1.13163482398361,331.3287,"0"
"4376",360,36000161,16,0,-2.1489,-0.671932836604845,281.5418,"0"
"4377",360,36000327,16,0,-2.6078,-1.11252858014727,450.2418,"0"
"4378",360,36000393,16,1,-0.872,0.554035141014082,384.8011,"1"
"4379",360,36000120,16,1,-1.0488,0.384287205824932,449.9098,"1"
"4380",360,36000229,16,1,-1.4553,-0.00599862932433119,288.1267,"0"
"4381",360,36000042,16,0,0.5503,1.91960351329649,475.3954,"1"
"4382",360,36000400,16,1,0.2206,1.6030543377769,347.3046,"0"
"4383",360,36000024,16,0,-2.4598,-0.97043189231925,351.6968,"0"
"4384",360,36000253,16,1,-0.2736,1.12856661396198,486.0214,"0"
"4385",360,36000325,16,0,-1.8709,-0.405021490549506,433.2248,"1"
"4386",360,36000263,16,1,-0.4013,1.00596021507253,418.2574,"0"
"4387",360,36000195,16,1,-0.6597,0.757867079026846,355.0405,"0"
"4388",360,36000012,16,0,0.1916,1.57521106786465,447.8721,"1"
"4389",360,36000387,16,0,-2.1285,-0.652346536390712,377.0664,"0"
"4390",360,36000278,16,0,0.0765,1.4647020896957,428.7932,"0"
"4391",360,36000118,16,0,-1.766,-0.304305662487618,345.179,"0"
"4392",360,36000399,16,1,-0.8338,0.590711448277802,360.7537,"1"
"4393",360,36000294,16,1,-2.6441,-1.14738067317536,356.024,"0"
"4394",360,36000183,16,0,-2.6646,-1.16706298466505,377.1145,"1"
"4395",360,36000048,16,0,-2.4685,-0.978784873292925,440.1218,"1"
"4396",360,36000353,16,0,-1.3594,0.0860761839372047,407.382,"0"
"4397",360,36000356,16,1,-2.1714,-0.693535373605727,272.8961,"0"
"4398",360,36000236,16,1,-0.6302,0.786190405316891,324.4548,"0"
"4399",360,36000220,16,0,-1.1966,0.242382540548029,431.2987,"0"
"4400",360,36000181,16,1,-0.3736,1.0325553384025,432.3091,"0"
"4401",360,36000072,16,0,-2.0557,-0.582450327783415,479.539,"1"
"4402",360,36000129,16,0,-1.7551,-0.293840433451635,299.6895,"0"
"4403",360,36000390,16,0,-2.6788,-1.1806965857945,319.162,"0"
"4404",360,36000338,16,0,-0.8779,0.548370475756073,437.1384,"0"
"4405",360,36000213,16,0,-0.5752,0.838996606874602,373.7684,"0"
"4406",360,36000276,16,0,-1.7682,-0.306417910549926,323.54,"0"
"4407",360,36000195,16,0,-1.097,0.338009771005265,408.5723,"0"
"4408",360,36000321,16,1,-2.3952,-0.90840860830783,307.0444,"0"
"4409",360,36000064,16,1,-1.6588,-0.201381575087861,364.1671,"0"
"4410",360,36000170,16,1,-2.4185,-0.930779235513187,335.4865,"0"
"4411",360,36000029,16,0,0.2278,1.60996714961718,445.5803,"0"
"4412",360,36000245,16,0,-0.4127,0.995014929658748,465.1399,"0"
"4413",360,36000095,16,0,-2.9838,-1.4735309762509,345.0726,"0"
"4414",360,36000276,16,0,-2.2444,-0.763623604764143,349.0836,"1"
"4415",360,36000296,16,0,-1.8983,-0.431328580052802,293.2086,"1"
"4416",360,36000176,16,0,-2.5422,-1.04954518338026,466.5406,"1"
"4417",360,36000335,16,1,-3.0872,-1.57280663517939,337.9972,"1"
"4418",360,36000320,16,1,-1.8478,-0.382842885895268,293.7127,"0"
"4419",360,36000236,16,0,-1.1279,0.308342286857388,379.071,"1"
"4420",360,36000060,16,1,-1.5164,-0.0646615186911699,405.4795,"0"
"4421",360,36000388,16,0,-1.2677,0.174118523625243,362.3813,"1"
"4422",360,36000335,16,0,-1.8956,-0.428736275612696,358.5038,"1"
"4423",360,36000388,16,1,-1.4399,0.00878710711182793,426.222,"0"
"4424",360,36000001,16,0,-0.3205,1.08353732572458,434.4344,"0"
"4425",360,36000164,16,0,-2.0671,-0.593395613197195,374.8162,"0"
"4426",360,36000017,16,0,0.5368,1.90664199109596,432.3445,"1"
"4427",360,36000106,16,0,-1.6641,-0.206470172692513,404.1079,"0"
"4428",360,36000059,16,1,-2.9492,-1.44031107490732,360.8293,"0"
"4429",360,36000197,16,1,-1.5873,-0.132733513062837,341.0031,"0"
"4430",360,36000244,16,1,0.527,1.89723288609113,421.4219,"1"
"4431",360,36000129,16,0,-1.6638,-0.206182138865835,374.4487,"0"
"4432",360,36000296,16,0,-1.6205,-0.164609256548583,325.028,"0"
"4433",360,36000093,16,1,-1.0153,0.416450983137356,355.0208,"0"
"4434",360,36000129,16,1,-1.2339,0.206570334764345,345.7369,"0"
"4435",360,36000341,16,0,-1.1609,0.276658565922761,384.3095,"1"
"4436",360,36000057,16,0,-1.6129,-0.157312399606063,335.3851,"0"
"4437",360,36000251,16,1,-0.3125,1.09121822776934,324.9797,"0"
"4438",360,36000257,16,1,-3.3134,-1.78998414049492,436.4197,"0"
"4439",360,36000158,16,1,-2.0013,-0.530220193879061,327.6393,"1"
"4440",360,36000243,16,0,-0.8584,0.567092674490171,428.5222,"1"
"4441",360,36000329,16,0,-3.6987,-2.15991558522558,322.6756,"0"
"4442",360,36000202,16,1,-1.2725,0.169509982398388,318.7732,"0"
"4443",360,36000225,16,1,-0.4927,0.918205909211168,529.7869,"0"
"4444",360,36000065,16,0,-0.3627,1.04302056743848,335.7873,"1"
"4445",360,36000104,16,1,-2.8326,-1.32836192760497,327.5857,"0"
"4446",360,36000214,16,1,-2.1517,-0.67462115232051,333.9866,"0"
"4447",360,36000123,16,0,-0.9908,0.439973745649427,413.7834,"0"
"4448",360,36000381,16,0,-0.3941,1.01287302691281,392.7288,"0"
"4449",360,36000149,16,0,-2.4582,-0.968895711910299,383.0938,"1"
"4450",360,36000128,16,1,-2.2037,-0.724547015611437,328.039,"1"
"4451",360,36000353,16,0,-1.8734,-0.407421772438493,319.3141,"0"
"4452",360,36000292,16,1,0.02,1.41045571900459,357.8528,"0"
"4453",360,36000059,16,1,-0.1019,1.29341797409759,426.678,"1"
"4454",360,36000381,16,1,-1.6299,-0.173634316451173,381.1903,"0"
"4455",360,36000353,16,0,-1.8266,-0.362488495476659,363.5502,"0"
"4456",360,36000214,16,0,-1.8002,-0.337141518728958,337.5798,"0"
"4457",360,36000288,16,0,-2.2916,-0.808940926828215,364.6434,"1"
"4458",360,36000282,16,0,-0.6071,0.80836900997113,374.7714,"0"
"4459",360,36000409,16,0,-1.5717,-0.117755754075559,466.487,"1"
"4460",360,36000011,16,1,-1.1445,0.292404415114515,407.3642,"0"
"4461",360,36000106,16,0,-2.5359,-1.04349647302001,416.2066,"1"
"4462",360,36000188,17,1,-0.9907,0.440069756924986,270.9195,"0"
"4463",360,36000159,16,0,0.6167,1.98335500026798,504.1169,"1"
"4464",360,36000334,16,1,-2.0006,-0.529548114950144,383.5006,"0"
"4465",360,36000110,16,0,-0.6584,0.759115225609119,382.7425,"0"
"4466",360,36000198,16,1,-2.9742,-1.46431389379719,388.0463,"0"
"4467",360,36000226,16,0,0.4162,1.79085239277123,483.0897,"1"
"4468",360,36000171,16,1,-1.6367,-0.180163083189218,419.4897,"0"
"4469",360,36000200,16,1,-0.6996,0.719558580078616,383.1676,"0"
"4470",360,36000315,16,0,-0.3683,1.03764393600715,435.3033,"1"
"4471",360,36000049,16,1,-0.3419,1.06299091275486,447.2685,"1"
"4472",360,36000209,16,1,-0.3746,1.03159522564691,426.7042,"1"
"4473",360,36000220,16,1,-1.7199,-0.2600444644547,378.9369,"0"
"4474",360,36000295,16,0,0.8579,2.21493419691743,532.5852,"1"
"4475",360,36000060,16,1,-1.7722,-0.310258361572305,323.9863,"0"
"4476",360,36000339,16,0,-0.7524,0.668864626583214,512.0177,"1"
"4477",360,36000192,16,1,-0.9404,0.488363428531402,316.8223,"0"
"4478",360,36000027,16,1,-1.0088,0.422691716048722,399.5539,"0"
"4479",360,36000021,17,0,-1.8647,-0.399068791464819,346.298,"0"
"4480",360,36000079,16,1,-2.6488,-1.15189320312666,324.7703,"0"
"4481",360,36000104,16,1,-1.4507,-0.00158211064859543,323.3228,"0"
"4482",360,36000260,16,0,0.2946,1.67410268169091,480.7462,"0"
"4483",360,36000134,16,0,-1.624,-0.167969651193164,363.6239,"0"
"4484",360,36000136,16,0,-1.7671,-0.305361786518772,483.0716,"1"
"4485",360,36000377,16,1,-2.0188,-0.547022167101969,383.5402,"1"
"4486",360,36000242,16,0,-1.8288,-0.364600743538968,451.8932,"0"
"4487",360,36000165,16,1,-2.1289,-0.65273058149295,362.2283,"0"
"4488",360,36000100,16,1,-1.3917,0.0550645419314946,351.585,"0"
"4489",360,36000256,16,0,-0.9412,0.487595338326926,367.9067,"0"
"4490",360,36000272,16,0,-1.5035,-0.0522760641439978,397.8323,"1"
"4491",360,36000045,16,1,-1.1594,0.278098735056153,402.1842,"0"
"4492",360,36000222,16,1,-1.7246,-0.264556994405995,309.5833,"0"
"4493",360,36000045,16,1,-1.2292,0.21108286471564,391.9546,"0"
"4494",360,36000184,16,0,-1.3924,0.0543924630025781,322.131,"0"
"4495",360,36000355,16,1,-0.9455,0.483466853477869,327.3022,"1"
"4496",360,36000330,16,1,-0.5668,0.847061554021598,421.2491,"0"
"4497",360,36000113,16,1,-2.3299,-0.845713245367493,321.119,"0"
"4498",360,36000364,16,0,-2.369,-0.883253654111248,318.8573,"0"
"4499",360,36000335,16,0,-2.2805,-0.798283675241113,323.3069,"1"
"4500",360,36000213,16,0,-2.1248,-0.648794119195012,377.5142,"0"
"4501",360,36000214,16,0,-1.7456,-0.284719362273485,383.3405,"0"
"4502",360,36000111,16,1,0.4661,1.83876201927541,446.8568,"0"
"4503",360,36000397,16,0,-0.4651,0.944705021265583,367.2765,"1"
"4504",360,36000074,16,0,-1.8846,-0.418175035301154,388.139,"1"
"4505",360,36000177,16,0,-1.2202,0.219723879515993,508.4796,"1"
"4506",360,36000159,16,0,0.8461,2.20360486640141,415.6846,"0"
"4507",360,36000165,16,1,-1.9619,-0.492391751308628,264.5701,"1"
"4508",360,36000256,16,0,-1.5754,-0.12130817127126,452.0102,"1"
"4509",360,36000306,16,1,-1.4014,0.0457514482022255,294.4776,"0"
"4510",360,36000291,16,1,-0.6836,0.734920384168132,455.6838,"1"
"4511",360,36000223,16,0,-0.4329,0.975620651995734,431.429,"1"
"4512",360,36000063,16,0,-1.0217,0.410306261501549,314.5213,"0"
"4513",360,36000039,16,0,-2.3522,-0.867123759817256,337.1792,"1"
"4514",360,36000049,16,0,-1.4558,-0.00647868570212851,353.7676,"1"
"4515",360,36000099,16,0,0.2957,1.67515880572206,418.6427,"0"
"4516",360,36000132,16,0,-1.9274,-0.459267861240609,299.7441,"0"
"4517",360,36000114,16,0,-1.5339,-0.081463491914078,346.0582,"0"
"4518",360,36000161,16,0,-1.9351,-0.466660729458689,373.0253,"1"
"4519",360,36000342,16,1,-1.6972,-0.2382499049027,464.7833,"1"
"4520",360,36000225,16,1,-0.5347,0.877881173476189,491.8372,"0"
"4521",360,36000250,16,1,-2.672,-1.17416781905646,381.118,"1"
"4522",360,36000049,16,0,-2.347,-0.862131173488163,421.6524,"1"
"4523",360,36000223,16,0,-1.0288,0.403489460936827,414.6475,"0"
"4524",360,36000192,16,0,-3.2358,-1.71547939066077,319.8147,"0"
"4525",360,36000152,16,1,-1.9312,-0.462916289711869,370.5359,"0"
"4526",360,36000086,16,1,-0.6494,0.767756240409472,411.7965,"0"
"4527",360,36000022,16,1,-2.6312,-1.13499521862819,336.1289,"1"
"4528",360,36000346,16,0,-2.2802,-0.797995641414434,284.723,"0"
"4529",360,36000096,16,0,-2.7202,-1.22044525387612,319.2136,"0"
"4530",360,36000075,16,0,-2.6465,-1.14968494378879,373.3557,"1"
"4531",360,36000346,16,0,-0.9273,0.500940905629693,302.7254,"0"
"4532",360,36000242,16,1,-2.0407,-0.568048636449494,417.5133,"1"
"4533",360,36000357,16,1,-2.4416,-0.952957840167426,311.2006,"0"
"4534",360,36000220,16,1,-2.5346,-1.04224832643774,365.9888,"0"
"4535",360,36000049,16,0,-1.3928,0.0540084179003402,468.3098,"1"
"4536",360,36000099,16,1,-1.0316,0.400801145221161,404.8791,"1"
"4537",360,36000062,16,0,-0.7749,0.647262089582332,478.0828,"1"
"4538",360,36000382,16,1,-1.9688,-0.499016529322232,375.543,"1"
"4539",360,36000268,16,1,-1.8019,-0.338773710413469,310.2645,"0"
"4540",360,36000355,16,1,-2.4096,-0.922234231988394,381.5957,"0"
"4541",360,36000059,16,1,-1.8884,-0.421823463772414,478.1341,"1"
"4542",360,36000322,16,0,-2.0028,-0.531660363012453,396.5513,"1"
"4543",360,36000267,16,0,-2.339,-0.854450271443405,424.7228,"0"
"4544",360,36000006,16,1,-1.7435,-0.282703125486736,430.8615,"1"
"4545",360,36000193,16,1,-1.9891,-0.518506818260805,373.3458,"1"
"4546",360,36000115,16,1,0.3618,1.73862225886688,367.5066,"1"
"4547",360,36000008,16,0,-1.0495,0.383615126896015,451.5712,"1"
"4548",360,36000225,16,1,-0.8644,0.561331997956602,379.7165,"0"
"4549",360,36000090,16,0,0.0405,1.43013803049429,447.7724,"0"
"4550",360,36000023,16,0,-2.0582,-0.584850609672401,357.8122,"0"
"4551",360,36000171,16,0,-1.4117,0.0358622868195997,362.1917,"0"
"4552",360,36000093,16,1,-2.938,-1.42955781204466,478.4783,"0"
"4553",360,36000029,16,1,-0.3752,1.03101915799355,478.6176,"1"
"4554",360,36000168,16,1,-1.5339,-0.081463491914078,301.2424,"0"
"4555",360,36000264,16,1,0.2983,1.67765509888661,356.2822,"0"
"4556",360,36000097,16,1,-0.3144,1.08939401353371,401.6231,"0"
"4557",360,36000336,16,1,-3.268,-1.74639502139092,328.6427,"0"
"4558",360,36000012,16,1,-0.9411,0.487691349602486,438.9483,"1"
"4559",360,36000003,16,1,-0.951,0.478186233322098,378.8526,"0"
"4560",360,36000180,16,0,-2.8533,-1.34823626164578,322.2177,"0"
"4561",360,36000109,16,0,-1.4442,0.00465862226277056,340.8379,"0"
"4562",360,36000242,16,0,-1.2374,0.203209940119763,346.4813,"0"
"4563",360,36000046,16,0,-1.6902,-0.231529115613536,334.4702,"1"
"4564",360,36000203,16,1,0.6593,2.02425580365631,402.6382,"1"
"4565",360,36000077,16,1,-2.7473,-1.24646430955274,364.6392,"0"
"4566",360,36000081,16,1,-1.6898,-0.231145070511298,324.57,"0"
"4567",360,36000095,16,1,-1.5339,-0.081463491914078,393.8805,"0"
"4568",360,36000001,16,0,1.0558,2.40494051124963,560.2511,"1"
"4569",360,36000036,16,0,-1.0183,0.413570644870571,351.3464,"0"
"4570",360,36000052,16,0,-1.2393,0.201385725884133,292.8888,"0"
"4571",360,36000344,16,0,-2.5399,-1.04733692404239,265.6029,"1"
"4572",360,36000037,16,0,-1.5466,-0.0936569239101312,391.1501,"1"
"4573",360,36000149,16,1,-2.8313,-1.3271137810227,357.9118,"1"
"4574",360,36000171,16,1,-0.7933,0.629596014879389,330.3276,"0"
"4575",360,36000161,16,0,-3.7306,-2.19054318212905,321.2657,"0"
"4576",360,36000377,16,1,-0.7047,0.714662005025083,329.4325,"1"
"4577",360,36000410,16,0,-1.7572,-0.295856670238384,386.0045,"1"
"4578",360,36000319,16,0,0.3633,1.74006242800027,342.6719,"0"
"4579",360,36000044,16,0,1.0417,2.39140292139574,547.4754,"1"
"4580",360,36000148,16,0,-2.8867,-1.38030402768265,445.3822,"0"
"4581",360,36000373,16,0,-1.8966,-0.429696388368291,375.2247,"0"
"4582",360,36000354,16,0,-2.2461,-0.765255796448654,356.0763,"0"
"4583",360,36000312,16,0,-3.8689,-2.3233267762278,328.6841,"1"
"4584",360,36000395,16,1,-2.4886,-0.998083139680379,402.1281,"0"
"4585",360,36000024,16,1,-1.2572,0.184199707558987,323.1608,"0"
"4586",360,36000224,16,0,-2.424,-0.936059855668959,430.0978,"0"
"4587",360,36000009,16,1,-3.0183,-1.50665486631891,288.9862,"0"
"4588",360,36000134,16,0,-1.9186,-0.450818868991376,379.7557,"0"
"4589",360,36000407,16,0,-1.1921,0.246703047948205,339.179,"1"
"4590",360,36000070,16,0,-1.4583,-0.00887896759111532,410.9894,"1"
"4591",360,36000123,16,1,0.1271,1.51328379512879,412.5889,"1"
"4592",360,36000164,16,1,-3.082,-1.5678140488503,381.1934,"0"
"4593",360,36000312,16,0,-1.8467,-0.381786761864114,304.9159,"1"
"4594",360,36000175,16,1,-2.6113,-1.11588897479185,358.4773,"0"
"4595",360,36000344,16,0,-2.3887,-0.902167875396464,340.0833,"0"
"4596",360,36000044,16,0,0.4591,1.83204122998624,508.547,"1"
"4597",360,36000040,16,1,-2.2966,-0.813741490606189,346.3872,"1"
"4598",360,36000107,16,0,-2.7324,-1.23215862949438,370.8871,"1"
"4599",360,36000144,16,1,-1.0414,0.391392040216333,375.5164,"0"
"4600",360,36000058,16,1,-1.9289,-0.460708030374001,454.9908,"1"
"4601",360,36000152,16,0,-0.3635,1.04225247723401,402.5261,"1"
"4602",360,36000027,16,0,-0.904,0.523311532835051,407.6859,"0"
"4603",360,36000287,16,0,-0.7034,0.715910151607356,438.4231,"0"
"4604",360,36000256,16,0,-1.4664,-0.0166558809114327,435.3153,"1"
"4605",360,36000152,16,0,-1.591,-0.136285930258538,414.7119,"0"
"4606",360,36000133,16,0,-1.5294,-0.0771429845139017,296.7937,"0"
"4607",360,36000211,16,1,-2.8145,-1.31098388672871,338.4539,"1"
"4608",360,36000377,16,1,-2.9702,-1.46047344277481,362.7083,"1"
"4609",360,36000272,16,0,-2.7057,-1.20652361892,378.0661,"1"
"4610",360,36000054,16,1,-4.3525,-2.78763730483342,289.6632,"1"
"4611",360,36000213,16,0,-0.6986,0.720518692834211,383.4013,"0"
"4612",360,36000241,16,1,-2.8465,-1.34170749490774,348.8917,"0"
"4613",360,36000080,16,0,-1.0459,0.387071532816157,510.0421,"0"
"4614",360,36000377,16,1,-2.4824,-0.992130440595692,306.2449,"0"
"4615",360,36000080,16,0,-0.3685,1.03745191345604,428.3169,"1"
"4616",360,36000049,16,0,-1.7373,-0.276750426402049,443.0935,"0"
"4617",360,36000120,16,0,-1.8902,-0.423551666732485,491.3209,"0"
"4618",360,36000314,16,0,-2.2264,-0.746341575163437,373.2043,"0"
"4619",360,36000231,16,0,0.06,1.44886022922838,452.3767,"0"
"4620",360,36000366,16,1,-1.138,0.298645148025881,305.3585,"0"
"4621",360,36000352,16,0,-1.991,-0.520331032496435,383.6423,"0"
"4622",360,36000111,16,0,0.4584,1.83136915105733,408.7283,"1"
"4623",360,36000031,16,1,-2.0395,-0.56689650114278,317.6985,"0"
"4624",360,36000223,16,0,0.2311,1.61313552171064,424.6366,"0"
"4625",360,36000309,16,1,-2.2495,-0.768520179817676,274.5632,"0"
"4626",360,36000385,16,0,-1.5339,-0.081463491914078,586.1636,"0"
"4627",360,36000102,16,0,-2.0043,-0.533100532145845,499.0008,"1"
"4628",360,36000315,16,0,-2.2631,-0.781577713293765,418.4353,"1"
"4629",360,36000120,16,0,-1.5225,-0.0705182065002978,455.9645,"0"
"4630",360,36000141,16,1,-0.4945,0.916477706251098,362.3336,"1"
"4631",360,36000001,16,0,-0.5588,0.854742456066356,532.2721,"1"
"4632",360,36000066,16,0,-0.4853,0.925310743602569,447.9625,"1"
"4633",360,36000308,16,0,-2.3,-0.81700587397521,370.3736,"0"
"4634",360,36000241,16,1,0.3493,1.72662084942194,377.7686,"0"
"4635",360,36000054,16,0,-1.7405,-0.279822787219952,372.0701,"0"
"4636",360,36000400,16,0,-0.0614,1.33230254069918,426.7299,"1"
"4637",360,36000102,16,0,-1.4277,0.0205004827300838,452.1714,"1"
"4638",360,36000383,16,0,-2.5607,-1.06730726935876,379.4276,"0"
"4639",360,36000148,16,0,-1.826,-0.361912427823302,359.7681,"0"
"4640",360,36000148,16,0,-2.5191,-1.02736657872602,408.4721,"0"
"4641",360,36000182,16,0,-2.0917,-0.617014386984825,349.8959,"0"
"4642",360,36000281,16,0,-0.9694,0.460520158619154,347.2572,"0"
"4643",360,36000235,16,0,-1.6243,-0.168257685019843,355.2709,"1"
"4644",360,36000315,16,0,-1.3126,0.131009460899039,396.0024,"0"
"4645",360,36000144,16,0,-1.2614,0.180167233985489,326.9657,"0"
"4646",360,36000178,16,0,-1.562,-0.10844266034629,431.9216,"0"
"4647",360,36000101,16,0,0.2906,1.67026223066853,437.609,"1"
"4648",360,36000037,16,1,-1.5578,-0.104410186772792,314.9332,"0"
"4649",360,36000215,16,1,-0.5277,0.884601962765352,291.5656,"0"
"4650",360,36000138,16,0,-1.4491,-4.59302396438016e-05,384.9537,"0"
"4651",360,36000132,16,1,-1.1346,0.301909531394903,304.1097,"0"
"4652",360,36000135,16,1,-2.5067,-1.01546118055664,333.1818,"1"
"4653",360,36000241,16,0,0.0158,1.4064232454311,337.9221,"1"
"4654",360,36000056,16,0,-0.3747,1.03149921437135,395.3571,"0"
"4655",360,36000297,16,1,0.155,1.54007094100988,327.329,"0"
"4656",360,36000128,16,1,-2.159,-0.681629975436352,313.4263,"0"
"4657",360,36000142,16,0,-0.9816,0.448806783000899,420.5436,"0"
"4658",360,36000387,16,0,-0.169,1.22899440819719,497.7177,"0"
"4659",360,36000066,16,1,0.1513,1.53651852381418,378.9856,"0"
"4660",360,36000099,16,0,-0.4694,0.940576536416526,410.8796,"1"
"4661",360,36000150,16,1,-2.0684,-0.594643759779468,326.883,"0"
"4662",360,36000131,16,1,-1.4523,-0.00311829105754685,372.9185,"1"
"4663",360,36000351,16,1,-1.7144,-0.254763844298929,423.644,"0"
"4664",360,36000026,16,1,-2.2694,-0.787626423654011,374.703,"0"
"4665",360,36000037,16,0,-2.3351,-0.850705831696586,385.5884,"0"
"4666",360,36000012,16,0,-1.8865,-0.419999249536784,453.9772,"1"
"4667",360,36000260,16,1,0.4292,1.80333385859396,444.5683,"0"
"4668",360,36000278,16,0,-3.0249,-1.51299161050584,357.5662,"1"
"4669",360,36000367,16,1,-0.7688,0.65311877739146,293.9576,"0"
"4670",360,36000171,16,1,-2.6707,-1.17291967247418,411.2557,"1"
"4671",360,36000280,16,0,0.062,1.45078045473957,434.5051,"0"
"4672",360,36000406,16,0,-0.7264,0.693827558228677,435.5436,"1"
"4673",360,36000406,16,0,-1.4831,-0.0326897639298651,432.0464,"0"
"4674",360,36000118,16,1,-3.3875,-1.86112849568449,367.2365,"1"
"4675",360,36000082,16,1,-2.6344,-1.13806757944609,512.6491,"1"
"4676",360,36000355,16,1,-3.3405,-1.81600319617154,356.012,"0"
"4677",360,36000163,16,1,-0.9609,0.46868111704171,335.174,"0"
"4678",360,36000095,16,1,-3.2719,-1.75013946113774,324.9415,"0"
"4679",360,36000203,16,0,-0.6169,0.798959904966301,501.7328,"1"
"4680",360,36000061,16,1,-2.1172,-0.641497262252491,354.5889,"0"
"4681",360,36000224,16,1,-1.6839,-0.225480405253289,376.7733,"0"
"4682",360,36000313,16,0,-2.3433,-0.858578756292463,353.8725,"0"
"4683",360,36000270,16,1,-1.4895,-0.0388344855656714,373.6519,"1"
"4684",360,36000104,16,1,-3.2342,-1.71394321025182,343.4088,"0"
"4685",360,36000295,16,1,-0.5705,0.843509136825897,423.9826,"0"
"4686",360,36000177,16,1,-1.4361,0.012435535583088,428.5129,"0"
"4687",360,36000012,16,1,-0.1536,1.24378014463335,493.1679,"0"
"4688",360,36000336,16,1,-1.5359,-0.0833837174252675,340.7994,"1"
"4689",360,36000215,16,1,-1.0447,0.38822366812287,296.8981,"0"
"4690",360,36000028,16,0,-2.8906,-1.38404846742947,318.4064,"1"
"4691",360,36000184,16,1,-1.3806,0.0657217935185961,339.9944,"0"
"4692",360,36000231,16,1,-0.601,0.814225697780258,338.1438,"1"
"4693",360,36000099,16,1,-1.2232,0.216843541249209,542.1009,"0"
"4694",360,36000284,16,0,-1.772,-0.310066339021186,376.5299,"0"
"4695",360,36000233,16,0,-1.2561,0.185255831590142,358.0281,"1"
"4696",360,36000301,16,1,-1.6821,-0.223752202293219,372.9042,"0"
"4697",360,36000003,16,1,-2.7872,-1.28477280850097,410.1617,"1"
"4698",360,36000392,16,0,-2.5892,-1.09467048289321,375.2029,"0"
"4699",360,36000317,16,1,-0.7672,0.654654957800411,252.5028,"0"
"4700",360,36000097,16,0,0.0932,1.48073597271413,362.659,"1"
"4701",360,36000131,16,1,-1.4183,0.0295255426326744,366.1915,"0"
"4702",360,36000267,16,1,-2.322,-0.838128354598295,376.0426,"0"
"4703",360,36000356,16,0,-2.7544,-1.25328111011746,275.0996,"0"
"4704",360,36000284,16,1,0.235,1.61687996145746,359.3838,"0"
"4705",360,36000201,16,0,-1.5969,-0.141950595516547,313.1271,"0"
"4706",360,36000395,16,1,-3.0451,-1.53238588816885,371.6478,"1"
"4707",360,36000077,16,0,-2.4226,-0.934715697811126,302.3423,"1"
"4708",360,36000077,16,0,-2.2459,-0.765063773897535,387.3329,"1"
"4709",360,36000169,16,0,-2.2416,-0.760935289048478,322.3506,"0"
"4710",360,36000078,16,0,-2.908,-1.40075442937681,400.7755,"0"
"4711",360,36000319,16,1,-0.3672,1.03870006003831,441.0811,"0"
"4712",360,36000410,16,1,-0.803,0.62028292115012,424.0266,"0"
"4713",360,36000195,16,0,0.5761,1.94437442239083,470.2313,"1"
"4714",360,36000099,16,1,-1.4432,0.0056187350183652,481.8497,"0"
"4715",360,36000204,16,0,-2.2986,-0.815661716117378,364.9891,"0"
"4716",360,36000268,16,0,-2.6337,-1.13739550051718,351.7838,"0"
"4717",360,36000229,16,1,-1.3694,0.0764750563812573,347.6132,"1"
"4718",360,36000188,16,1,-3.537,-2.00466535264591,362.0815,"0"
"4719",360,36000201,16,0,-2.669,-1.17128748078967,358.2417,"0"
"4720",360,36000090,16,1,-0.9653,0.464456620917093,361.1236,"0"
"4721",360,36000071,16,1,-1.3871,0.0594810606072303,305.5972,"0"
"4722",360,36000081,16,1,-1.0043,0.427012223448898,356.6271,"0"
"4723",360,36000059,16,1,-1.7244,-0.264364971854876,395.9739,"1"
"4724",360,36000350,16,0,-2.2049,-0.72569915091815,359.3572,"0"
"4725",360,36000185,16,1,-1.4622,-0.0126234073379348,429.7676,"0"
"4726",360,36000323,16,1,-0.1156,1.28026442934595,333.3039,"0"
"4727",360,36000074,16,1,-2.5333,-1.04100017985546,327.304,"0"
"4728",360,36000010,16,0,-0.1342,1.26240633209188,399.1008,"1"
"4729",360,36000281,16,1,-1.7368,-0.276270370024251,405.6804,"1"
"4730",360,36000078,16,0,-0.2565,1.14498454208265,385.807,"0"
"4731",360,36000247,16,0,-1.5339,-0.081463491914078,532.7839,"0"
"4732",360,36000017,16,0,-1.7875,-0.324948086732905,357.083,"0"
"4733",360,36000132,16,0,-0.7452,0.675777438423496,314.6718,"1"
"4734",360,36000246,16,1,-1.5655,-0.111803054990872,397.6806,"1"
"4735",360,36000098,16,0,-1.0503,0.38284703669154,395.1729,"1"
"4736",360,36000241,16,1,-2.5336,-1.04128821368214,431.4446,"1"
"4737",360,36000348,16,0,-3.2705,-1.74879530327991,351.2871,"0"
"4738",360,36000250,16,1,-3.2208,-1.70107769932685,352.9405,"0"
"4739",360,36000358,16,0,-1.5195,-0.0676378682335137,361.6354,"1"
"4740",360,36000057,16,0,-2.1811,-0.702848467334995,468.9924,"0"
"4741",360,36000078,16,0,-1.0389,0.39379232210532,418.2139,"1"
"4742",360,36000105,16,1,-3.4001,-1.87322591640499,374.4044,"0"
"4743",360,36000066,16,0,0.4135,1.78826008833112,445.5887,"0"
"4744",360,36000032,16,0,-1.896,-0.429120320714934,308.7133,"0"
"4745",360,36000010,16,1,-1.2161,0.223660341813931,298.2377,"0"
"4746",360,36000132,16,1,0.5054,1.87649445057028,284.6518,"1"
"4747",360,36000385,16,1,-1.5339,-0.081463491914078,475.7111,"0"
"4748",360,36000201,16,0,-2.2502,-0.769192258746592,412.0719,"1"
"4749",360,36000057,16,1,-1.8372,-0.372665690685963,331.1327,"1"
"4750",360,36000110,16,1,-0.4059,1.00154369639679,356.217,"1"
"4751",360,36000226,16,0,-0.6806,0.737800722434916,415.2285,"0"
"4752",360,36000054,16,1,-3.1369,-1.62052423913245,295.5781,"0"
"4753",360,36000136,16,0,-1.2545,0.186792011999093,416.7763,"0"
"4754",360,36000054,16,1,-3.3282,-1.80419380927772,343.4169,"0"
"4755",360,36000037,16,0,-2.3766,-0.890550511053768,325.0409,"0"
"4756",360,36000394,16,0,-1.7381,-0.277518516606524,386.437,"1"
"4757",360,36000262,16,0,-2.0266,-0.554511046595608,290.9012,"0"
"4758",360,36000136,16,1,0.3644,1.74111855203142,323.1716,"0"
"4759",360,36000266,16,1,-1.1252,0.310934591297494,279.8297,"0"
"4760",360,36000392,16,1,-2.0769,-0.602804718202024,346.7629,"1"
"4761",360,36000371,16,1,-1.968,-0.498248439117756,370.7119,"1"
"4762",360,36000341,16,1,-1.3399,0.104798382671302,320.2298,"0"
"4763",360,36000294,17,0,-1.441,0.00773098308067361,329.6185,"0"
"4764",360,36000036,16,1,-1.287,0.155588347442264,388.7506,"1"
"4765",360,36000096,16,1,-1.7397,-0.279054697015476,349.0554,"0"
"4766",360,36000111,16,1,-0.8403,0.584470715366436,518.3091,"0"
"4767",360,36000327,16,0,-1.6074,-0.152031779450292,398.7176,"1"
"4768",360,36000395,16,1,-2.4466,-0.9577584039454,351.1489,"0"
"4769",360,36000100,16,0,-1.2098,0.229709052174178,463.9689,"0"
"4770",360,36000244,16,1,-0.6087,0.806832829562178,431.5321,"1"
"4771",360,36000092,16,0,-0.5341,0.878457241129546,490.872,"1"
"4772",360,36000063,16,1,0.098,1.48534451394098,356.6153,"0"
"4773",360,36000413,16,1,-1.4731,-0.0230886363739177,369.6273,"1"
"4774",360,36000249,16,0,-1.7301,-0.269837614561766,400.5566,"0"
"4775",360,36000040,16,0,-2.9442,-1.43551051112934,357.1931,"0"
"4776",360,36000371,16,0,-1.7357,-0.275214245993097,341.3954,"1"
"4777",360,36000392,16,0,-2.6876,-1.18914557804373,413.8641,"1"
"4778",360,36000321,16,0,-2.3691,-0.883349665386807,341.0834,"0"
"4779",360,36000166,16,1,-1.1475,0.289524076847731,333.9204,"0"
"4780",360,36000021,16,1,-1.1716,0.266385359437897,343.9384,"1"
"4781",360,36000152,16,1,-0.8962,0.53080041232869,298.2795,"1"
"4782",360,36000039,16,1,-1.2171,0.222700229058337,354.0525,"1"
"4783",360,36000343,16,1,-1.4543,-0.00503851656873634,283.2482,"1"
"4784",360,36000408,16,1,-1.4996,-0.0485316243971783,325.7612,"0"
"4785",360,36000036,16,1,-1.9705,-0.500648721006743,497.7106,"1"
"4786",360,36000104,16,1,-0.1536,1.24378014463335,353.933,"0"
"4787",360,36000066,16,1,0.7824,2.14244568387002,328.0003,"1"
"4788",360,36000349,16,0,-1.7093,-0.249867269245396,452.6394,"1"
"4789",360,36000179,16,1,-2.7788,-1.27670786135397,427.3879,"1"
"4790",360,36000003,16,1,-1.2192,0.220683992271588,408.7517,"0"
"4791",360,36000181,16,0,0.8077,2.16673653658657,435.1811,"0"
"4792",360,36000364,16,1,-3.104,-1.58893652947338,317.4527,"0"
"4793",360,36000218,16,0,-0.8706,0.555379298871915,414.4294,"0"
"4794",360,36000041,16,1,-1.2556,0.185735887967939,389.1558,"0"
"4795",360,36000213,16,1,-1.2151,0.224620454569526,354.0875,"1"
"4796",360,36000330,16,0,-1.5291,-0.0768549506872231,326.9842,"0"
"4797",360,36000295,16,1,0.8854,2.24133729769628,457.0122,"1"
"4798",360,36000082,16,1,0.4098,1.78470767113542,496.1964,"1"
"4799",360,36000409,16,1,-2.2443,-0.763527593488583,362.9329,"0"
"4800",360,36000264,16,1,-0.9796,0.450727008512088,314.9598,"0"
"4801",360,36000249,16,1,0.4657,1.83837797417317,428.891,"1"
"4802",360,36000128,16,1,-0.204,1.19539046175137,408.7097,"0"
"4803",360,36000111,16,1,-0.3822,1.02429836870439,546.601,"0"
"4804",360,36000287,16,0,-0.3227,1.08142507766227,392.824,"0"
"4805",360,36000164,16,0,-3.0706,-1.55686876343652,337.7681,"0"
"4806",360,36000246,16,0,-0.3474,1.05771029259908,444.7698,"0"
"4807",360,36000045,16,1,-2.3798,-0.893622871871671,327.1859,"0"
"4808",360,36000193,16,1,-1.0257,0.40646581047917,325.3833,"1"
"4809",360,36000314,16,1,-1.4513,-0.00215817830195222,407.0313,"0"
"4810",360,36000243,16,1,-1.7462,-0.285295429926842,241.6768,"0"
"4811",360,36000105,16,0,-3.0113,-1.49993407702975,371.6007,"1"
"4812",360,36000381,16,1,-0.735,0.685570588530562,495.1775,"1"
"4813",360,36000013,16,0,-0.4318,0.976676776026888,416.0073,"0"
"4814",360,36000042,16,1,0.525,1.89531266057994,522.8689,"1"
"4815",360,36000123,16,1,-2.4553,-0.966111384919074,351.9075,"1"
"4816",360,36000209,16,1,-0.712,0.707653181909241,441.0063,"0"
"4817",360,36000069,16,0,-2.2072,-0.727907410256018,387.8258,"1"
"4818",360,36000066,16,1,-0.8835,0.542993844324743,394.423,"0"
"4819",360,36000082,16,1,-1.1862,0.252367713206214,459.4064,"1"
"4820",360,36000152,16,1,-0.683,0.735496451821489,346.2946,"0"
"4821",360,36000094,16,0,-0.8863,0.540305528609078,386.378,"1"
"4822",360,36000287,16,1,-0.7224,0.697668009251056,443.8004,"0"
"4823",360,36000390,16,1,0.0931,1.48063996143857,303.7444,"1"
"4824",360,36000004,16,0,-1.0779,0.356347924637125,394.4033,"1"
"4825",360,36000130,16,0,-2.5996,-1.1046556555514,410.3002,"0"
"4826",360,36000400,16,1,0.1152,1.50185845333721,407.2616,"1"
"4827",360,36000204,16,0,-1.6739,-0.215879277697342,445.9368,"1"
"4828",360,36000039,16,0,-1.0659,0.367869277704262,321.7407,"0"
"4829",360,36000269,16,1,-2.2367,-0.756230736546063,352.2132,"0"
"4830",360,36000222,16,1,-0.2154,1.18444517633759,402.1226,"0"
"4831",360,36000223,16,0,-0.0324,1.36014581061143,432.1918,"0"
"4832",360,36000130,16,0,-1.9346,-0.466180673080892,379.1245,"0"
"4833",360,36000050,16,1,-1.5617,-0.108154626519612,313.8634,"1"
"4834",360,36000409,16,1,-1.0801,0.354235676574816,405.9444,"0"
"4835",360,36000035,16,0,-1.5155,-0.0637974172111347,233.3998,"0"
"4836",360,36000057,16,1,-1.2184,0.221452082476064,448.3803,"0"
"4837",360,36000209,16,1,0.0519,1.44108331590807,435.5295,"0"
"4838",360,36000379,16,1,-1.2129,0.226732702631834,303.3664,"0"
"4839",360,36000115,16,1,0.8486,2.2060051482904,366.9892,"0"
"4840",360,36000312,16,0,-1.643,-0.186211793549464,363.07,"1"
"4841",360,36000342,16,1,0.4524,1.82560847452376,487.0351,"1"
"4842",360,36000349,16,0,-2.34,-0.855410384199,413.7797,"0"
"4843",360,36000024,16,1,-0.443,0.965923513164227,411.7936,"1"
"4844",360,36000203,16,0,-1.0274,0.404833618794659,323.611,"0"
"4845",360,36000031,16,1,-2.7024,-1.20335524682653,305.31,"0"
"4846",360,36000094,16,1,-1.7555,-0.294224478553873,475.301,"1"
"4847",360,36000218,16,0,-2.361,-0.87557275206649,322.2211,"0"
"4848",360,36000058,16,0,-1.7399,-0.279246719566595,371.3746,"1"
"4849",360,36000321,16,1,-0.1346,1.26202228698965,397.1055,"1"
"4850",360,36000372,16,1,-1.6362,-0.17968302681142,396.3947,"1"
"4851",360,36000337,16,1,-0.8478,0.577269869699475,454.9174,"1"
"4852",360,36000100,16,1,-2.0474,-0.574481391911979,394.4472,"0"
"4853",360,36000230,16,0,-1.6592,-0.201765620190099,352.097,"0"
"4854",360,36000195,16,0,0.8004,2.15972771347073,352.7081,"0"
"4855",360,36000292,16,1,0.4765,1.84874719193359,442.7165,"0"
"4856",360,36000168,16,1,-0.3192,1.08478547230686,319.4491,"1"
"4857",360,36000364,16,1,-2.0102,-0.538765197403854,349.837,"0"
"4858",360,36000282,16,0,-0.6575,0.759979327089155,299.3864,"0"
"4859",360,36000071,16,0,-1.6495,-0.19245252646083,360.4862,"1"
"4860",360,36000337,16,1,1.053,2.40225219553396,426.3567,"0"
"4861",360,36000115,16,1,-1.8746,-0.408573907745207,385.1194,"0"
"4862",360,36000226,16,0,0.2804,1.66046908056146,508.2952,"1"
"4863",360,36000081,16,1,-2.0097,-0.538285141026057,411.4621,"0"
"4864",360,36000115,16,1,-0.1134,1.28237667740825,382.949,"1"
"4865",360,36000385,16,0,-1.5339,-0.081463491914078,460.4723,"0"
"4866",360,36000134,16,0,-1.5802,-0.125916712498115,347.2853,"0"
"4867",360,36000071,16,0,-2.1543,-0.677117445485057,298.6835,"0"
"4868",360,36000256,16,1,-2.4316,-0.943356712611479,439.4161,"0"
"4869",360,36000310,16,0,-1.9227,-0.454755331289314,301.7771,"0"
"4870",360,36000223,16,1,0.1625,1.54727178667684,495.8384,"1"
"4871",360,36000343,16,1,-2.3384,-0.853874203790049,230.5325,"0"
"4872",360,36000313,16,0,-3.1881,-1.6696820122189,313.4563,"0"
"4873",360,36000066,16,1,0.3766,1.75283192764968,361.5625,"0"
"4874",360,36000007,16,0,-2.3152,-0.83159958786025,304.8246,"1"
"4875",360,36000340,16,1,-0.1389,1.25789380214059,468.2008,"1"
"4876",360,36000019,16,0,-1.1643,0.273394182553739,398.5143,"0"
"4877",360,36000352,16,0,-0.8383,0.586390940877625,293.1423,"1"
"4878",360,36000327,16,1,-1.4548,-0.00551857294653387,374.6724,"1"
"4879",360,36000174,16,0,0.1541,1.53920683952985,416.5863,"1"
"4880",360,36000106,16,1,-2.6977,-1.19884271687524,261.9761,"0"
"4881",360,36000284,16,1,-0.3489,1.05627012346569,411.2717,"0"
"4882",360,36000371,16,0,-0.9796,0.450727008512088,365.8276,"0"
"4883",360,36000186,16,0,-0.4917,0.919166021966763,411.5518,"1"
"4884",360,36000042,16,1,-1.3996,0.0474796511622961,549.4301,"1"
"4885",360,36000390,16,1,-1.9385,-0.469925112827711,325.7642,"0"
"4886",360,36000118,16,0,-1.4411,0.00763497180511415,359.7069,"0"
"4887",360,36000136,16,0,-2.048,-0.575057459565335,392.918,"0"
"4888",360,36000313,16,1,-1.3377,0.106910630733611,399.5547,"0"
"4889",360,36000249,16,1,-2.4049,-0.917721702037099,402.8419,"1"
"4890",360,36000246,16,1,-0.8835,0.542993844324743,389.2007,"0"
"4891",360,36000349,16,0,-1.5143,-0.062645281904421,399.8927,"0"
"4892",360,36000244,16,0,-1.2551,0.186215944345736,357.7851,"1"
"4893",360,36000322,16,1,-1.4477,0.0012982276181889,320.8754,"0"
"4894",360,36000059,16,0,-3.0314,-1.51923234341721,360.8419,"0"
"4895",360,36000005,16,1,-1.9671,-0.497384337637721,342.9578,"0"
"4896",360,36000109,16,1,-0.2416,1.15929022214101,302.3733,"0"
"4897",360,36000353,16,0,-1.5856,-0.131101321378326,365.6013,"0"
"4898",360,36000299,16,0,-0.8054,0.617978650536692,376.8183,"0"
"4899",360,36000195,16,1,-1.3632,0.0824277554659447,416.936,"0"
"4900",360,36000101,16,0,-2.0453,-0.57246515512523,459.6276,"1"
"4901",360,36000140,16,0,-1.3375,0.10710265328473,317.9705,"0"
"4902",360,36000049,16,1,0.5417,1.91134654359837,507.9789,"1"
"4903",360,36000314,16,1,-0.9835,0.446982568765268,369.4065,"0"
"4904",360,36000033,16,0,-1.3673,0.0784912931680063,296.382,"0"
"4905",360,36000164,16,1,-1.5339,-0.081463491914078,320.3836,"0"
"4906",360,36000238,16,0,-0.7339,0.686626712561716,430.2397,"0"
"4907",360,36000179,16,0,-2.3813,-0.895063041005063,353.9246,"1"
"4908",360,36000398,16,1,-1.2127,0.226924725182954,451.8019,"1"
"4909",360,36000197,16,1,-2.3864,-0.899959616058596,415.6869,"0"
"4910",360,36000170,16,1,-1.5234,-0.0713823079803332,327.286,"1"
"4911",360,36000218,16,1,-2.4555,-0.966303407470193,386.6635,"1"
"4912",360,36000173,16,0,-0.9867,0.443910207947365,488.0734,"0"
"4913",360,36000201,16,0,-2.6984,-1.19951479580416,341.2289,"0"
"4914",360,36000167,16,0,-2.489,-0.998467184782617,431.421,"0"
"4915",360,36000333,16,1,-2.2261,-0.746053541336759,290.2665,"0"
"4916",360,36000292,16,1,0.313,1.69176875639385,335.5669,"0"
"4917",360,36000287,16,0,1.0652,2.41396557115222,435.7492,"0"
"4918",360,36000109,16,0,0.2295,1.61159934130169,407.7543,"0"
"4919",360,36000101,16,0,0.0743,1.46258984163339,408.3574,"0"
"4920",360,36000384,16,0,-0.5099,0.901691969814939,404.799,"1"
"4921",360,36000285,16,0,-0.4185,0.989446275676298,470.89,"0"
"4922",360,36000008,16,0,-0.1783,1.22006535957016,451.5416,"1"
"4923",360,36000123,16,1,-1.4681,-0.0182880725959438,435.3475,"0"
"4924",360,36000223,16,1,-0.8959,0.531088446155368,362.9187,"1"
"4925",360,36000276,16,1,-1.6229,-0.16691352716201,397.1341,"0"
"4926",360,36000218,16,0,-0.9542,0.475113872504194,361.2595,"0"
"4927",360,36000341,16,1,0.0466,1.43599471830341,463.6041,"1"
"4928",360,36000301,16,1,-0.1686,1.22937845329942,360.4123,"0"
"4929",360,36000276,16,0,-3.3743,-1.84845500731064,309.2796,"0"
"4930",360,36000050,17,1,-1.8096,-0.346166578631549,287.1074,"0"
"4931",360,36000134,16,0,-1.9593,-0.489895458144082,388.3277,"0"
"4932",360,36000019,16,0,-0.8995,0.527632040235227,418.6733,"0"
"4933",360,36000023,16,1,-1.8557,-0.390427776664466,394.5653,"0"
"4934",360,36000028,16,0,-2.6811,-1.18290484513237,415.6254,"0"
"4935",360,36000073,16,0,0.1667,1.55130426025034,417.5002,"0"
"4936",360,36000119,16,1,-1.3499,0.0951972551153547,305.7916,"0"
"4937",360,36000140,16,1,1.207,2.55010955989555,512.0466,"1"
"4938",360,36000368,16,0,-1.7457,-0.284815373549045,312.895,"0"
"4939",360,36000092,3,0,-1.3981,0.0489198202956882,411.2649,"0"
"4940",360,36000014,16,1,-2.1436,-0.666844239000193,311.5578,"0"
"4941",360,36000264,16,0,-1.7759,-0.313810778768006,309.848,"0"
"4942",360,36000019,16,1,-1.1166,0.319191560995608,406.6883,"0"
"4943",360,36000155,16,0,-2.2954,-0.812589355299475,292.4723,"1"
"4944",360,36000169,16,0,-3.0394,-1.52691324546196,356.5288,"0"
"4945",360,36000019,16,1,-0.8481,0.576981835872797,463.3232,"1"
"4946",360,36000207,16,0,-1.4897,-0.0390265081167903,406.0265,"0"
"4947",360,36000008,16,0,-0.9412,0.487595338326926,380.253,"0"
"4948",360,36000051,16,1,-1.8719,-0.405981603305101,335.2674,"0"
"4949",360,36000193,16,1,-0.682,0.736456564577084,352.0972,"1"
"4950",360,36000130,16,0,-2.9285,-1.42043674086651,377.0743,"0"
"4951",360,36000080,16,0,-0.9904,0.440357790751665,417.5255,"1"
"4952",360,36000023,16,1,-1.9182,-0.450434823889138,422.1778,"1"
"4953",360,36000366,16,1,-1.6413,-0.184579601864953,333.942,"1"
"4954",360,36000376,16,1,-1.3057,0.137634238912642,325.5722,"0"
"4955",360,36000313,16,0,-2.1719,-0.694015429983524,404.866,"0"
"4956",360,36000172,16,0,-3.5433,-2.01071406300615,352.095,"1"
"4957",360,36000067,16,1,-1.7882,-0.325620165661821,353.2828,"0"
"4958",360,36000287,16,0,-1.1967,0.242286529272469,480.6082,"1"
"4959",360,36000207,16,0,-1.238,0.202633872466406,306.7892,"0"
"4960",360,36000046,16,1,-2.8403,-1.33575479582305,379.1692,"1"
"4961",360,36000003,16,1,-1.7216,-0.261676656139211,443.2273,"0"
"4962",360,36000095,16,1,-0.8493,0.575829700566083,421.5651,"1"
"4963",360,36000260,16,1,0.23,1.61207939767949,446.8522,"1"
"4964",360,36000037,16,1,-2.2752,-0.793195077636461,410.7616,"1"
"4965",360,36000347,16,0,-1.7506,-0.289519926051459,339.5638,"0"
"4966",360,36000270,16,1,0.0373,1.42706566967638,290.2774,"0"
"4967",360,36000135,16,0,-2.4631,-0.973600264412713,338.442,"0"
"4968",360,36000097,16,1,-0.1887,1.21008018691197,297.0367,"1"
"4969",360,36000182,16,1,-1.6725,-0.214535119839509,363.1094,"1"
"4970",360,36000224,16,0,-1.6409,-0.184195556762715,359.0471,"1"
"4971",360,36000205,16,0,0.343,1.7205721390617,351.9731,"0"
"4972",360,36000017,16,0,-1.8627,-0.397148565953629,367.9991,"1"
"4973",360,36000282,16,1,0.1217,1.50809918624858,359.5008,"1"
"4974",360,36000138,16,0,-2.1621,-0.684606324978696,277.061,"0"
"4975",360,36000144,16,1,-1.4701,-0.0202082981071333,431.5457,"1"
"4976",360,36000283,16,1,-2.0893,-0.614710116371398,398.6677,"0"
"4977",360,36000252,16,0,-1.4429,0.00590676884504359,349.0036,"0"
"4978",360,36000080,16,1,-0.8278,0.59647212481137,354.0581,"1"
"4979",360,36000100,16,0,-1.5843,-0.129853174796053,349.0752,"0"
"4980",360,36000280,16,1,0.1141,1.50080232930606,446.4057,"1"
"4981",360,36000286,16,0,-2.6694,-1.17167152589191,303.3638,"0"
"4982",360,36000345,16,1,0.3515,1.72873309748425,437.545,"1"
"4983",360,36000012,16,0,0.3605,1.7373741122846,447.7275,"0"
"4984",360,36000295,16,1,-1.65,-0.192932582838628,360.7875,"1"
"4985",360,36000056,16,1,-1.3729,0.0731146617366756,358.0234,"0"
"4986",360,36000353,16,0,-1.8918,-0.425087847141436,417.2927,"1"
"4987",360,36000116,16,0,-1.6074,-0.152031779450292,344.235,"0"
"4988",360,36000233,16,0,-0.9724,0.45763982035237,424.1734,"1"
"4989",360,36000074,16,1,-3.3653,-1.83981399251029,363.3472,"0"
"4990",360,36000052,16,0,-0.3502,1.05502197688342,391.6434,"0"
"4991",360,36000077,16,0,-1.9594,-0.489991469419641,408.3079,"1"
"4992",360,36000317,16,1,-0.9583,0.471177410206256,332.7542,"0"
"4993",360,36000184,16,1,-2.346,-0.861171060732569,334.3222,"0"
"4994",360,36000017,16,1,-0.3908,1.01604139900627,362.3528,"0"
"4995",360,36000368,16,0,-1.2098,0.229709052174178,344.8003,"0"
"4996",360,36000111,16,1,-0.8356,0.588983245317731,456.4402,"0"
"4997",360,36000388,16,0,-2.3277,-0.843600997305185,348.98,"0"
"4998",360,36000097,16,0,-1.614,-0.158368523637217,410.411,"0"
"4999",360,36000102,16,0,-1.6698,-0.211942815399403,447.3026,"1"
"5000",360,36000059,16,0,-3.2925,-1.76991778390299,391.8211,"0"
"5001",360,36000394,16,1,-1.3325,0.111903217062703,358.0537,"0"
"5002",360,36000158,16,0,-0.4961,0.914941525842146,227.3887,"1"
"5003",360,36000265,16,0,-2.5564,-1.0631787845097,396.7191,"0"
"5004",360,36000323,16,1,-1.1746,0.263505021171113,390.8568,"0"
"5005",360,36000165,16,0,-1.0024,0.428836437684528,318.9987,"0"
"5006",360,36000214,16,0,-1.5387,-0.0860720331409327,362.1835,"0"
"5007",360,36000238,16,1,-1.2348,0.20570623328431,344.1375,"1"
"5008",360,36000229,16,1,-2.7389,-1.23839936240574,389.6997,"0"
"5009",360,36000407,16,0,-1.3528,0.09241292812413,363.7638,"1"
"5010",360,36000096,16,1,-1.6394,-0.182755387629323,323.4697,"1"
"5011",360,36000178,16,0,0.2233,1.605646642217,444.675,"1"
"5012",360,36000167,16,0,-1.4207,0.0272212720192469,388.0269,"1"
"5013",360,36000113,16,0,-1.959,-0.489607424317403,397.5001,"0"
"5014",360,36000268,16,0,-0.9925,0.438341553964916,303.6844,"0"
"5015",360,36000260,16,1,-1.0005,0.430660651920158,501.0795,"1"
"5016",360,36000183,16,1,-1.9585,-0.489127367939606,350.6297,"0"
"5017",360,36000408,16,0,-1.1078,0.327640553244842,353.0839,"0"
"5018",360,36000020,16,1,-1.8845,-0.418079024025595,381.7544,"0"
"5019",360,36000213,16,0,-2.434,-0.945660983224906,346.5684,"0"
"5020",360,36000177,16,0,-2.7535,-1.25241700863743,367.6017,"0"
"5021",360,36000040,16,1,-1.9249,-0.456867579351622,354.0593,"0"
"5022",360,36000094,16,1,-1.248,0.193032744910459,420.16,"1"
"5023",360,36000386,16,1,-1.2173,0.222508206507218,361.7396,"0"
"5024",360,36000351,16,1,0.7498,2.11114600803764,553.7117,"0"
"5025",360,36000091,16,1,-1.8637,-0.398108678709224,286.6475,"0"
"5026",360,36000334,16,0,-1.6854,-0.226920574386682,369.9914,"1"
"5027",360,36000129,16,1,-1.6799,-0.22163995423091,339.9422,"1"
"5028",360,36000370,16,0,-1.0075,0.423939862630995,331.0071,"0"
"5029",360,36000400,16,1,-2.0446,-0.571793076196313,347.7529,"0"
"5030",360,36000409,16,1,-1.6102,-0.154720095165957,321.6554,"1"
"5031",360,36000248,16,1,-2.7617,-1.2602899332333,371.3113,"0"
"5032",360,36000356,16,0,-3.1489,-1.63204559219959,325.3399,"0"
"5033",360,36000187,16,0,-1.7768,-0.314674880248041,367.6701,"0"
"5034",360,36000198,16,1,-1.3259,0.118239961249629,371.4694,"0"
"5035",360,36000363,16,1,-0.5511,0.862135324284435,355.7141,"0"
"5036",360,36000381,16,1,0.5018,1.87303804465014,462.8555,"1"
"5037",360,36000296,16,1,-0.7941,0.628827924674913,309.5556,"0"
"5038",360,36000159,16,0,1.351,2.6883657967012,446.6145,"1"
"5039",360,36000380,16,1,-1.3627,0.082907811843742,311.4197,"0"
"5040",360,36000295,16,1,-0.5246,0.887578312307696,397.9334,"1"
"5041",360,36000148,16,0,-2.3652,-0.879605225639988,465.6958,"1"
"5042",360,36000223,16,0,0.0594,1.44828416157503,475.1174,"0"
"5043",360,36000058,16,0,0.4651,1.83780190651981,459.548,"1"
"5044",360,36000003,16,0,-0.9483,0.480778537762203,388.2766,"0"
"5045",360,36000292,16,1,-0.9075,0.519951138190469,376.8486,"1"
"5046",360,36000268,16,0,-2.9676,-1.45797714961026,395.0678,"1"
"5047",360,36000283,16,1,-2.195,-0.716194034637762,333.945,"1"
"5048",360,36000364,16,0,-2.8276,-1.323561363827,346.7162,"0"
"5049",360,36000033,16,0,-2.1599,-0.682494076916387,391.1392,"1"
"5050",360,36000118,16,1,-2.9106,-1.40325072254136,332.7708,"1"
"5051",360,36000100,16,1,-1.5339,-0.081463491914078,378.445,"0"
"5052",360,36000030,16,0,-1.104,0.331288981716102,447.0783,"1"
"5053",360,36000381,16,0,-1.3122,0.131393506001277,472.5652,"0"
"5054",360,36000080,16,1,-0.0662,1.32769399947233,389.066,"0"
"5055",360,36000052,16,1,-2.4849,-0.994530722484679,341.5406,"0"
"5056",360,36000173,16,1,-0.5792,0.835156155852223,329.3743,"0"
"5057",360,36000371,16,0,-0.7057,0.713701892269488,404.2088,"1"
"5058",360,36000329,16,0,-2.8012,-1.2982143870793,309.1708,"0"
"5059",360,36000355,16,0,-1.5498,-0.0967292847280344,293.5707,"0"
"5060",360,36000275,16,0,1.097,2.44449715678013,584.4541,"0"
"5061",360,36000064,16,1,-1.2355,0.205034154355393,391.6631,"1"
"5062",360,36000097,16,0,-0.8349,0.589655324246647,302.1765,"0"
"5063",360,36000011,16,1,-1.4341,0.0143557610942775,357.0972,"0"
"5064",360,36000411,16,0,-1.6976,-0.238633950004937,348.0542,"0"
"5065",360,36000093,16,1,-2.5379,-1.0454166985312,413.0755,"0"
"5066",360,36000243,16,0,1.3772,2.71352075089778,497.6357,"1"
"5067",360,36000034,16,1,-3.6958,-2.15713125823435,379.1233,"0"
"5068",360,36000300,16,0,0.4356,1.80947858022977,359.2096,"1"
"5069",360,36000327,16,0,-2.6505,-1.15352539481117,300.8801,"0"
"5070",360,36000007,16,1,-1.3887,0.0579448801982787,357.1966,"0"
"5071",360,36000235,16,0,-1.5757,-0.121596205097938,320.1029,"1"
"5072",360,36000368,16,1,-0.8547,0.570645091685871,356.0929,"0"
"5073",360,36000155,16,0,-2.5882,-1.09371037013762,317.7681,"0"
"5074",360,36000292,16,0,-0.4502,0.959010701323945,407.7911,"1"
"5075",360,36000318,16,1,0.2269,1.60910304813715,402.6675,"0"
"5076",360,36000322,16,0,-2.5929,-1.09822290008891,373.2236,"0"
"5077",360,36000019,16,0,-1.7317,-0.271373794970718,413.9898,"0"
"5078",360,36000131,16,1,-0.088,1.30676354140036,372.0494,"0"
"5079",360,36000184,16,1,-2.0512,-0.578129820383239,287.7744,"0"
"5080",360,36000107,16,0,-3.3947,-1.86804130752478,286.4106,"0"
"5081",360,36000284,16,1,-0.0069,1.38462868587909,460.9088,"1"
"5082",360,36000193,16,0,-2.0734,-0.599444323557442,327.5835,"0"
"5083",360,36000164,16,0,-2.393,-0.906296360245521,352.4175,"0"
"5084",360,36000404,16,0,-2.3943,-0.907544506827795,380.444,"0"
"5085",360,36000251,16,1,-2.2516,-0.770536416604425,315.5269,"0"
"5086",360,36000247,16,0,-1.5339,-0.081463491914078,409.7548,"0"
"5087",360,36000391,16,0,0.293,1.67256650128196,569.3462,"1"
"5088",360,36000115,16,1,-0.7342,0.686338678735038,416.7022,"1"
"5089",360,36000358,16,0,-1.5297,-0.0774310183405801,313.9814,"0"
"5090",360,36000310,16,1,-1.338,0.106622596906932,345.832,"0"
"5091",360,36000251,16,0,-0.4355,0.973124358831188,334.2612,"0"
"5092",360,36000336,16,1,-0.8105,0.613082075483159,292.2331,"1"
"5093",360,36000135,16,1,-1.7585,-0.297104816820657,320.0843,"0"
"5094",360,36000269,16,1,-1.6284,-0.172194147317781,471.4556,"0"
"5095",360,36000155,16,1,-2.3217,-0.837840320771616,374.3196,"1"
"5096",360,36000293,16,0,-1.523,-0.0709982628780952,336.1642,"0"
"5097",360,36000028,16,0,-2.1508,-0.673757050840475,416.556,"0"
"5098",360,36000296,16,1,-1.1062,0.329176733653794,284.0585,"0"
"5099",360,36000180,16,1,-3.2405,-1.71999192061207,383.5406,"0"
"5100",360,36000359,16,0,-1.3086,0.134849911921418,495.8364,"1"
"5101",360,36000124,16,1,-1.8209,-0.357015852769769,339.9056,"0"
"5102",360,36000278,16,1,0.7487,2.11008988400648,297.0388,"0"
"5103",360,36000406,16,1,0.2847,1.66459756541052,414.8729,"1"
"5104",360,36000398,16,1,-1.4305,0.0178121670144184,447.9518,"1"
"5105",360,36000255,16,0,-2.0791,-0.604916966264332,357.7002,"0"
"5106",360,36000070,16,0,-0.6197,0.796271589250636,416.2951,"0"
"5107",360,36000291,16,1,0.4542,1.82733667748383,462.2753,"1"
"5108",360,36000077,16,1,-3.3074,-1.78422346396135,293.2609,"0"
"5109",360,36000177,16,0,-2.1795,-0.701312286926044,390.2788,"1"
"5110",360,36000092,16,0,-3.2225,-1.70270989101136,359.2988,"0"
"5111",360,36000237,16,0,-1.7873,-0.324756064181786,380.535,"1"
"5112",360,36000021,16,0,-0.9,0.52715198385743,372.1201,"0"
"5113",360,36000077,16,0,-1.8735,-0.407517783714053,365.4955,"1"
"5114",360,36000024,16,1,-1.291,0.151747896419885,431.4272,"1"
"5115",360,36000326,16,1,-1.3907,0.0560246546870892,365.8434,"0"
"5116",360,36000292,16,1,-0.7934,0.629500003603829,416.5022,"0"
"5117",360,36000382,16,1,0.9931,2.34474144147384,472.5567,"0"
"5118",360,36000297,17,1,0.4214,1.79584497910032,359.8798,"0"
"5119",360,36000373,16,0,-0.8195,0.604441060682806,529.1914,"1"
"5120",360,36000170,16,1,0.0459,1.4353226393745,325.9763,"0"
"5121",360,36000176,16,0,-1.1128,0.322839989466868,291.8833,"0"
"5122",360,36000206,16,1,-1.8362,-0.371705577930369,393.8838,"1"
"5123",360,36000168,16,1,-1.3816,0.0647616807630015,390.3675,"0"
"5124",360,36000010,16,1,-0.3129,1.0908341826671,312.3875,"1"
"5125",360,36000328,16,1,-0.192,1.20691181481851,422.3924,"1"
"5126",360,36000194,16,1,-0.3819,1.02458640253107,388.2335,"0"
"5127",360,36000031,16,1,-0.1532,1.24416418973558,347.6718,"1"
"5128",360,36000318,16,1,-0.509,0.902556071294974,423.111,"0"
"5129",360,36000307,16,0,-2.7813,-1.27910814324296,352.1182,"0"
"5130",360,36000180,16,1,-1.492,-0.0412347674546582,332.3653,"0"
"5131",360,36000140,16,0,-2.0267,-0.554607057871167,396.8095,"0"
"5132",360,36000220,16,1,-1.2091,0.230381131103094,360.6477,"0"
"5133",360,36000366,16,1,-3.4003,-1.87341793895611,319.2268,"1"
"5134",360,36000345,16,0,-2.3193,-0.835536050158189,402.9349,"1"
"5135",360,36000367,16,0,-2.5887,-1.09419042651541,347.0305,"0"
"5136",360,36000164,16,1,-1.9906,-0.519946987394197,434.1356,"1"
"5137",360,36000293,16,1,0.2116,1.59441332297655,455.6628,"0"
"5138",360,36000122,16,0,-2.0029,-0.531756374288012,461.3886,"0"
"5139",360,36000281,16,0,-1.9391,-0.470501180481068,434.1817,"0"
"5140",360,36000130,16,1,-2.6377,-1.14123595153956,380.8019,"0"
"5141",360,36000126,16,0,-1.5598,-0.106330412283982,460.4751,"0"
"5142",360,36000188,16,1,-1.942,-0.473285507472292,363.0883,"0"
"5143",360,36000058,16,0,-1.6418,-0.185059658242751,364.377,"0"
"5144",360,36000255,16,1,-1.0948,0.340122019067574,367.1379,"1"
"5145",360,36000269,16,1,-1.5529,-0.099705634270378,514.5834,"1"
"5146",360,36000092,16,1,-1.3329,0.111519171960465,463.5317,"1"
"5147",360,36000095,16,0,-3.0632,-1.54976392904512,329.4171,"0"
"5148",360,36000234,16,1,-0.6831,0.735400440545929,364.8726,"0"
"5149",360,36000394,16,0,-1.6512,-0.194084718145341,383.0828,"1"
"5150",360,36000025,16,1,-1.5336,-0.0811754580873996,525.3227,"1"
"5151",360,36000269,16,1,-1.2863,0.15626042637118,381.6813,"0"
"5152",360,36000272,16,0,-0.0242,1.36801873520731,371.9309,"1"
"5153",360,36000052,16,1,-2.4973,-1.00643612065405,293.1433,"0"
"5154",360,36000237,16,1,0.4586,1.83156117360845,350.603,"1"
"5155",360,36000171,16,1,-1.7166,-0.256876092361237,480.5115,"0"
"5156",360,36000407,16,0,-1.6396,-0.182947410180442,391.9041,"0"
"5157",360,36000049,16,1,0.194,1.57751533847808,440.3514,"0"
"5158",360,36000076,16,0,-1.5121,-0.0605330338421126,350.1207,"0"
"5159",360,36000003,16,0,-2.6141,-1.11857729050752,380.1373,"0"
"5160",360,36000207,16,0,-1.0749,0.359228262903909,381.6501,"0"
"5161",360,36000338,16,0,-1.9951,-0.524267494794374,417.3223,"1"
"5162",360,36000331,16,0,-1.3932,0.0536243727981024,377.6691,"0"
"5163",360,36000120,16,0,-0.3775,1.02881089865568,465.9606,"1"
"5164",360,36000102,16,1,-1.4089,0.0385506025352649,422.3617,"0"
"5165",360,36000317,16,1,-2.4295,-0.94134047582473,296.2106,"0"
"5166",360,36000191,16,1,-1.8818,-0.415486719585489,314.1639,"1"
"5167",360,36000341,16,1,-0.1495,1.24771660693128,396.3107,"1"
"5168",360,36000095,16,0,-2.6742,-1.17628006711876,378.7594,"0"
"5169",360,36000387,16,1,-1.8826,-0.416254809789965,403.5013,"0"
"5170",360,36000014,16,1,-0.6983,0.720806726660889,273.7049,"1"
"5171",360,36000205,16,1,-0.1728,1.22534597972593,495.9674,"0"
"5172",360,36000207,16,0,-1.5254,-0.0733025334915227,345.96,"0"
"5173",360,36000022,16,0,-1.544,-0.0911606307455849,441.3275,"0"
"5174",360,36000256,16,0,-1.0303,0.402049291803435,359.7779,"1"
"5175",360,36000279,16,0,-0.9947,0.436229305902607,427.4932,"0"
"5176",360,36000062,16,0,-1.0556,0.377758439086887,384.2605,"0"
"5177",360,36000045,16,0,-1.7412,-0.280494866148868,419.4309,"0"
"5178",360,36000142,16,0,-1.9579,-0.488551300286249,345.7702,"0"
"5179",360,36000089,16,1,-2.4997,-1.00874039126748,385.2677,"1"
"5180",360,36000184,16,1,-1.5339,-0.081463491914078,358.9031,"0"
"5181",360,36000079,16,1,-1.2855,0.157028516575656,324.1134,"1"
"5182",360,36000114,16,0,-2.2036,-0.724451004335877,299.0472,"0"
"5183",360,36000398,16,0,0.4533,1.8264725760038,471.8699,"0"
"5184",360,36000094,16,1,-0.0855,1.30916382328935,449.7989,"0"
"5185",360,36000056,16,0,-1.8255,-0.361432371445505,425.431,"0"
"5186",360,36000169,16,1,-1.6917,-0.232969284746928,389.6843,"1"
"5187",360,36000373,16,0,-2.8761,-1.37012683247334,374.06,"1"
"5188",360,36000317,16,1,-1.9637,-0.494119954268698,289.1792,"1"
"5189",360,36000359,16,1,0.9492,2.30259249150323,377.1219,"1"
"5190",360,36000400,16,1,1e-04,1.39134947516826,387.9903,"0"
"5191",360,36000264,16,1,-1.4905,-0.039794598321266,340.3509,"0"
"5192",360,36000131,16,0,-2.3285,-0.844369087509661,374.727,"1"
"5193",360,36000151,16,0,-2.0107,-0.539245253781651,351.947,"0"
"5194",360,36000406,16,1,0.0075,1.39845430955966,412.7141,"0"
"5195",360,36000091,16,1,-2.9739,-1.46402585997051,277.7296,"1"
"5196",360,36000402,16,1,-2.5335,-1.04119220240658,340.1946,"0"
"5197",360,36000297,16,1,-1.8764,-0.410302110705277,320.2776,"0"
"5198",360,36000094,16,1,0.1698,1.55428060979269,406.4454,"1"
"5199",360,36000328,16,0,-2.6723,-1.17445585288313,293.6019,"0"
"5200",360,36000040,16,0,-2.7631,-1.26163409109114,322.6976,"0"
"5201",360,36000080,16,1,-0.7502,0.670976874645522,453.838,"0"
"5202",360,36000044,16,0,-0.0289,1.36350620525601,522.7608,"1"
"5203",360,36000412,16,0,0.2944,1.67391065913979,364.6854,"0"
"5204",360,36000106,16,0,-0.9005,0.526671927479632,292.6367,"0"
"5205",360,36000359,16,0,-1.3164,0.127361032427779,443.884,"1"
"5206",360,36000081,16,1,-1.3976,0.0493998766734856,284.8672,"0"
"5207",360,36000105,16,1,-3.2935,-1.77087789665859,329.0116,"1"
"5208",360,36000319,16,0,-0.277,1.12530223059295,428.7916,"1"
"5209",360,36000386,16,0,-1.1233,0.312758805533124,405.4421,"0"
"5210",360,36000265,16,0,-2.0649,-0.591283365134887,411.3033,"0"
"5211",360,36000287,16,0,-1.0707,0.363260736477407,422.5201,"0"
"5212",360,36000315,16,0,-1.2849,0.157604584229013,360.5563,"0"
"5213",360,36000367,16,1,-1.6924,-0.233641363675845,372.325,"0"
"5214",360,36000173,16,1,-0.5781,0.836212279883377,401.031,"0"
"5215",360,36000267,16,0,-1.1007,0.334457353809565,444.1588,"1"
"5216",360,36000179,16,1,-0.3699,1.0361077555982,357.2369,"1"
"5217",360,36000234,16,0,-0.0062,1.38530076480801,359.6837,"0"
"5218",360,36000124,16,1,-2.9476,-1.43877489449837,243.7707,"0"
"5219",360,36000319,16,1,-0.4156,0.992230602667523,343.3087,"0"
"5220",360,36000046,16,1,-2.1692,-0.691423125543418,337.4388,"0"
"5221",360,36000256,16,0,-1.6641,-0.206470172692513,424.6554,"1"
"5222",360,36000020,16,0,-0.0684,1.32558175141002,381.0689,"1"
"5223",360,36000373,16,1,-1.6384,-0.181795274873729,370.558,"0"
"5224",360,36000023,16,1,-1.9756,-0.505545296060276,367.8729,"1"
"5225",360,36000394,16,0,-1.428,0.0202124489034054,440.0861,"1"
"5226",360,36000024,16,0,-1.6263,-0.170177910531032,295.4074,"1"
"5227",360,36000255,16,1,-1.2105,0.229036973245262,284.8353,"1"
"5228",360,36000024,16,1,-2.395,-0.908216585756711,363.204,"1"
"5229",360,36000178,16,0,-1.5759,-0.121788227649057,412.6098,"0"
"5230",360,36000250,16,1,-0.931,0.497388488433992,290.1265,"0"
"5231",360,36000147,16,0,0.082,1.46998270985147,409.5444,"1"
"5232",360,36000246,16,0,-1.7396,-0.278958685739917,426.1044,"1"
"5233",360,36000359,16,0,-2.0746,-0.600596458864156,426.3832,"0"
"5234",360,36000089,16,0,-1.8297,-0.365464845019003,369.2866,"0"
"5235",360,36000016,8,0,-0.264,1.13778369641569,265.9586,"0"
"5236",360,36000136,16,0,-0.9837,0.44679054621415,430.4345,"0"
"5237",360,36000406,16,0,-1.6677,-0.209926578612655,387.7051,"1"
"5238",360,36000030,16,0,-2.4376,-0.949117389145047,356.0811,"1"
"5239",360,36000200,16,0,-1.0702,0.363740792855204,311.7241,"0"
"5240",360,36000061,16,1,-3.0872,-1.57280663517939,333.6852,"0"
"5241",360,36000202,16,1,-0.6352,0.781389841538918,339.8588,"0"
"5242",360,36000185,16,1,-1.4923,-0.0415228012813366,353.5992,"1"
"5243",360,36000229,16,1,-1.1173,0.318519482066692,237.1956,"1"
"5244",360,36000124,16,0,-1.2383,0.202345838639728,307.8108,"0"
"5245",360,36000028,16,0,-1.2715,0.170470095153983,419.5741,"1"
"5246",360,36000225,16,0,0.5158,1.88647962322847,398.7831,"0"
"5247",360,36000091,16,1,-2.904,-1.39691397835444,380.4863,"1"
"5248",360,36000028,16,0,0.304,1.6831277415935,384.4501,"0"
"5249",360,36000301,16,0,-2.3488,-0.863859376448234,337.5487,"0"
"5250",360,36000245,16,0,0.298,1.67736706505993,452.8687,"1"
"5251",360,36000230,16,0,0.3058,1.68485594455357,372.7492,"1"
"5252",360,36000019,16,1,-1.1549,0.28241924245633,376.8222,"0"
"5253",360,36000205,16,0,0.7958,2.15531119479499,480.6576,"1"
"5254",360,36000066,16,0,-1.519,-0.0671578118557162,375.8903,"0"
"5255",360,36000051,16,1,-2.625,-1.1290425195435,267.4342,"0"
"5256",360,36000077,16,0,-2.5041,-1.0129648873921,365.6876,"0"
"5257",360,36000092,16,0,-0.215,1.18482922143983,465.1555,"1"
"5258",360,36000344,16,0,-3.1901,-1.67160223773009,305.83,"0"
"5259",360,36000388,16,1,-1.2079,0.231533266409808,328.3499,"1"
"5260",360,36000225,16,1,-0.1428,1.25414936239377,397.8205,"0"
"5261",360,36000067,16,0,-1.8384,-0.373817825992677,345.9752,"0"
"5262",360,36000001,16,1,-2.5342,-1.0418642813355,353.3697,"0"
"5263",360,36000142,16,0,0.389,1.76473732581905,393.8688,"1"
"5264",360,36000278,16,1,-2.1984,-0.719458418006785,326.7122,"0"
"5265",360,36000147,16,1,-0.8631,0.562580144538876,464.1754,"1"
"5266",360,36000147,16,1,-1.3543,0.0909727589907378,299.2126,"0"
"5267",360,36000408,16,1,-1.4385,0.0101312649696606,367.0208,"0"
"5268",360,36000140,16,0,-2.1343,-0.657915190373162,404.3028,"0"
"5269",360,36000033,16,1,-2.1455,-0.668668453235823,338.3384,"0"
"5270",360,36000077,16,0,-3.6297,-2.09366780508954,355.5411,"1"
"5271",360,36000201,16,0,-2.7406,-1.24003155409025,357.8307,"1"
"5272",360,36000119,16,1,-1.7467,-0.285775486304639,379.9542,"1"
"5273",360,36000201,16,1,-2.1042,-0.62901579642976,384.3741,"1"
"5274",360,36000116,16,0,-1.9726,-0.502664957793492,319.9426,"1"
"5275",360,36000136,16,0,-1.2514,0.189768361541437,412.1149,"0"
"5276",360,36000188,16,1,-1.3008,0.142338791415057,311.9654,"1"
"5277",360,36000206,16,0,-2.1437,-0.666940250275752,346.1296,"1"
"5278",360,36000058,16,0,-1.9194,-0.451586959195851,361.8655,"1"
"5279",360,36000323,16,1,-1.3529,0.0923169168485705,359.6266,"0"
"5280",360,36000312,16,1,-1.9137,-0.446114316488961,283.5585,"1"
"5281",360,36000346,16,1,-1.9,-0.432960771737313,343.8811,"1"
"5282",360,36000089,16,0,-3.0083,-1.49705373876297,338.0859,"0"
"5283",360,36000372,16,0,-3.2264,-1.70645433075818,312.8129,"0"
"5284",360,36000109,16,0,-1.5759,-0.121788227649057,420.4807,"0"
"5285",360,36000207,16,0,-2.7308,-1.23062244908543,387.1509,"0"
"5286",360,36000019,16,1,-1.2691,0.17277436576741,480.5877,"1"
"5287",360,36000048,16,1,-0.6902,0.728583639981207,372.5245,"1"
"5288",360,36000218,16,0,-2.3006,-0.817581941628568,417.634,"1"
"5289",360,36000377,16,1,-2.763,-1.26153807981558,339.4182,"1"
"5290",360,36000231,16,1,-0.7574,0.66406406280524,428.6839,"1"
"5291",360,36000124,16,1,-1.7918,-0.329076571581962,270.3454,"1"
"5292",360,36000330,16,1,-0.4715,0.938560299629777,554.074,"1"
"5293",360,36000347,16,1,-2.2247,-0.744709383478926,343.4546,"1"
"5294",360,36000094,16,1,-1.6132,-0.157600433432741,489.9889,"1"
"5295",360,36000096,16,0,-0.7899,0.632860398248411,323.1501,"1"
"5296",360,36000103,16,1,-1.7572,-0.295856670238384,417.3417,"0"
"5297",360,36000400,16,0,-2.3243,-0.840336613936163,323.592,"0"
"5298",360,36000021,16,1,-2.6066,-1.11137644484056,304.0161,"0"
"5299",360,36000058,16,0,-1.6612,-0.203685845701289,327.6801,"0"
"5300",360,36000408,16,0,-2.8758,-1.36983879864666,278.1892,"0"
"5301",360,36000299,16,0,-1.1105,0.325048248804736,403.0198,"0"
"5302",360,36000294,16,1,-2.9555,-1.44635978526756,420.2194,"0"
"5303",360,36000011,16,0,-1.5595,-0.106042378457303,338.0034,"0"
"5304",360,36000039,16,0,-1.1147,0.321015775231238,444.705,"0"
"5305",360,36000290,16,1,-1.0285,0.403777494763505,370.6602,"1"
"5306",360,36000344,16,0,-3.3492,-1.82435617714521,314.1419,"0"
"5307",360,36000353,16,1,-1.8205,-0.356631807667531,426.6421,"1"
"5308",360,36000299,16,1,-1.1119,0.323704090946903,337.2915,"0"
"5309",360,36000317,16,1,-2.081,-0.606741180499962,352.7494,"0"
"5310",360,36000144,16,1,-1.149,0.288083907714339,338.1422,"0"
"5311",360,36000026,16,1,-2.3998,-0.912825126983566,326.7231,"1"
"5312",360,36000106,16,1,-1.2003,0.238830123352328,321.1233,"1"
"5313",360,36000144,16,1,0.5319,1.90193743859354,514.4197,"0"
"5314",360,36000284,16,0,-1.2835,0.158948742086846,400.1268,"0"
"5315",360,36000094,16,1,-1.8458,-0.380922660384078,523.8442,"1"
"5316",360,36000226,16,1,0.0924,1.47996788250965,467.7451,"1"
"5317",360,36000032,16,1,-0.1638,1.23398699452628,393.9776,"0"
"5318",360,36000256,16,1,-1.9124,-0.444866169906688,429.7991,"0"
"5319",360,36000011,16,0,-0.9364,0.492203879553781,346.3209,"0"
"5320",360,36000073,16,0,-0.9738,0.456295662494538,372.2104,"0"
"5321",360,36000091,16,1,-1.4663,-0.0165598696358733,349.5361,"1"
"5322",360,36000265,16,1,-1.8712,-0.405309524376185,324.2591,"1"
"5323",360,36000121,16,1,-0.9277,0.500556860527455,463.6498,"0"
"5324",360,36000055,16,0,-2.7746,-1.27267538778048,363.29,"0"
"5325",360,36000042,16,0,-1.0074,0.424035873906554,430.6549,"1"
"5326",360,36000035,16,0,-1.856,-0.390715810491145,438.1722,"0"
"5327",360,36000209,16,1,-1.098,0.33704965824967,460.1977,"0"
"5328",360,36000381,16,1,-1.5795,-0.125244633569198,390.3261,"1"
"5329",360,36000197,16,1,-2.5282,-1.03610360480193,349.5884,"0"
"5330",360,36000062,16,0,-0.4033,1.00403998956134,448.4696,"0"
"5331",360,36000179,16,0,-0.0217,1.37041901709629,415.8857,"1"
"5332",360,36000044,16,1,-1.5464,-0.0934649013590122,593.7997,"1"
"5333",360,36000257,16,1,-1.8301,-0.365848890121241,363.8427,"1"
"5334",360,36000291,16,1,-1.2651,0.176614816789789,391.4666,"0"
"5335",360,36000235,16,0,-2.5063,-1.01507713545441,329.1852,"0"
"5336",360,36000331,16,1,0.3017,1.68091948225563,474.4865,"1"
"5337",360,36000263,16,0,-1.5116,-0.0600529774643152,354.335,"0"
"5338",360,36000347,16,1,-2.6141,-1.11857729050752,307.8555,"1"
"5339",360,36000281,16,1,-1.7267,-0.266573231192744,379.8908,"1"
"5340",360,36000194,16,1,-1.9471,-0.478182082525826,406.3595,"0"
"5341",360,36000020,16,1,-0.3368,1.06788748780839,314.3153,"0"
"5342",360,36000329,16,1,-3.3896,-1.86314473247124,374.0906,"0"
"5343",360,36000041,16,0,-1.7991,-0.336085394697804,381.8497,"0"
"5344",360,36000224,16,1,-1.3478,0.0972134919021036,390.7438,"1"
"5345",360,36000072,16,0,-0.6472,0.769868488471781,408.2293,"1"
"5346",360,36000313,16,1,-1.9545,-0.485286916917227,358.3018,"1"
"5347",360,36000247,16,0,-1.5339,-0.081463491914078,439.1242,"0"
"5348",360,36000372,16,0,-1.3817,0.064665669487442,361.9621,"1"
"5349",360,36000390,16,0,-2.0416,-0.568912737929529,254.3723,"0"
"5350",360,36000197,16,1,-1.8816,-0.41529469703437,365.2442,"0"
"5351",360,36000107,16,0,-2.7203,-1.22054126515168,314.0731,"0"
"5352",360,36000349,16,0,-1.5247,-0.0726304545626063,453.6163,"0"
"5353",360,36000209,16,0,-0.0277,1.36465834056272,395.1262,"0"
"5354",360,36000329,16,1,-3.1709,-1.65316807282267,331.3483,"0"
"5355",360,36000123,16,0,0.2107,1.59354922149651,372.2472,"1"
"5356",360,36000407,16,1,-2.2204,-0.740580898629869,349.1575,"0"
"5357",360,36000117,16,1,-1.0177,0.414146712523928,371.3289,"0"
"5358",360,36000019,16,0,0.8544,2.21157380227285,440.4297,"1"
"5359",360,36000178,16,1,-0.5465,0.866551842960171,396.2143,"1"
"5360",360,36000065,16,0,-1.1188,0.3170793129333,427.245,"0"
"5361",360,36000256,16,0,-1.3684,0.0774351691368519,477.9476,"1"
"5362",360,36000073,16,0,0.5617,1.93054879871027,449.0942,"0"
"5363",360,36000094,16,1,-0.9674,0.462440384130344,444.6525,"1"
"5364",360,36000177,16,0,-1.0443,0.388607713225108,365.7142,"0"
"5365",360,36000403,16,0,-1.0247,0.407425923234765,334.2512,"0"
"5366",360,36000251,16,0,0.4022,1.7774108141929,311.8091,"0"
"5367",360,36000413,16,0,-1.3794,0.0668739288253099,353.9241,"0"
"5368",360,36000320,16,1,-2.8971,-1.39028920034083,358.2565,"1"
"5369",360,36000157,16,0,-3.4551,-1.9260321179627,370.4505,"0"
"5370",360,36000209,16,0,-1.6352,-0.178722914055825,412.3983,"0"
"5371",360,36000115,16,1,-1.4556,-0.00628666315100958,348.7199,"0"
"5372",360,36000266,16,0,-0.3836,1.02295421084655,358.1081,"0"
"5373",360,36000272,16,1,-0.4761,0.934143780954041,378.3947,"1"
"5374",360,36000202,16,1,-0.7188,0.701124415171197,305.3916,"0"
"5375",360,36000048,16,1,-1.6993,-0.240266141689448,483.3051,"1"
"5376",360,36000187,16,0,0.6675,2.03212872825219,453.7581,"0"
"5377",360,36000412,16,1,0.0487,1.43801095509016,369.8568,"1"
"5378",360,36000259,16,0,-2.5336,-1.04128821368214,359.1015,"0"
"5379",360,36000008,16,0,0.2162,1.59882984165228,513.9798,"1"
"5380",360,36000410,16,0,-1.6382,-0.18160325232261,375.9956,"0"
"5381",360,36000287,16,0,-2.0804,-0.606165112846605,491.4672,"0"
"5382",360,36000035,16,0,-1.8229,-0.358936078280959,344.0664,"1"
"5383",360,36000165,16,0,-2.5935,-1.09879896774227,391.361,"0"
"5384",360,36000386,16,1,-1.5036,-0.0523720754195573,338.9288,"0"
"5385",360,36000235,16,1,-0.0765,1.3178048380897,340.5504,"0"
"5386",360,36000186,16,0,-2.9157,-1.40814729759489,392.5396,"0"
"5387",360,36000128,16,1,-1.183,0.255440074024117,352.7795,"0"
"5388",360,36000028,16,0,-2.405,-0.917817713312658,359.0594,"0"
"5389",360,36000215,16,0,-2.8475,-1.34266760766333,436.8682,"0"
"5390",360,36000290,16,1,-0.4891,0.921662315131309,395.4802,"1"
"5391",360,36000198,16,0,-2.0181,-0.546350088173052,320.2303,"0"
"5392",360,36000120,16,0,-1.2459,0.195048981697208,503.3606,"1"
"5393",360,36000212,16,0,-2.0444,-0.571601053645194,383.5076,"0"
"5394",360,36000263,16,0,-1.4433,0.00552272374280573,443.8139,"0"
"5395",360,36000212,16,1,-3.3077,-1.78451149778803,371.208,"0"
"5396",360,36000295,16,1,0.397,1.77241822786381,466.0564,"1"
"5397",360,36000077,16,1,-1.7228,-0.262828791445925,358.8821,"0"
"5398",360,36000411,16,1,-1.555,-0.101721871057127,380.7193,"0"
"5399",360,36000224,16,0,-1.1089,0.326584429213688,383.3323,"0"
"5400",360,36000064,16,0,-2.0578,-0.584466564570164,383.2104,"0"
"5401",360,36000218,16,0,-2.6316,-1.13537926373043,352.3388,"1"
"5402",360,36000132,16,1,-0.6621,0.755562808413419,334.6985,"0"
"5403",360,36000404,16,0,-1.9068,-0.439489538475358,335.161,"0"
"5404",360,36000251,16,0,-1.2259,0.214251236809103,376.8688,"0"
"5405",360,36000258,16,0,-2.429,-0.940860419446932,340.7743,"0"
"5406",360,36000039,16,0,-2.2939,-0.811149186166082,356.1373,"1"
"5407",360,36000188,16,1,-2.0624,-0.588883083245899,330.0407,"1"
"5408",360,36000203,16,0,-2.6176,-1.1219376851521,366.3399,"0"
"5409",360,36000205,16,0,-1.066,0.367773266428702,453.0727,"1"
"5410",360,36000372,16,0,-2.1701,-0.692287227023453,341.5345,"0"
"5411",360,36000366,16,0,-0.1833,1.21526479579218,271.8718,"0"
"5412",360,36000099,16,1,-1.3011,0.142050757588378,460.7186,"0"
"5413",360,36000263,16,1,-0.1157,1.28016841807039,494.9098,"1"
"5414",360,36000225,16,0,-2.4266,-0.938556148833505,355.4481,"1"
"5415",360,36000300,16,1,0.3454,1.72287640967512,402.9201,"0"
"5416",360,36000107,16,0,-2.9472,-1.43839084939613,336.142,"0"
"5417",360,36000072,16,0,-1.2875,0.155108291064467,416.4946,"1"
"5418",360,36000376,16,0,-2.0128,-0.5412614905684,357.6665,"0"
"5419",360,36000011,16,0,-0.8802,0.546162216418206,511.1666,"1"
"5420",360,36000078,16,1,-2.0466,-0.573713301707503,383.3842,"0"
"5421",360,36000093,16,0,-1.9546,-0.485382928192786,354.7082,"0"
"5422",360,36000199,16,0,-1.466,-0.0162718358091949,314.3049,"0"
"5423",360,36000171,16,0,-1.1511,0.28606767092759,406.123,"1"
"5424",360,36000403,16,0,0.6177,1.98431511302357,386.0305,"0"
"5425",360,36000027,16,0,0.2518,1.63300985575145,417.3236,"0"
"5426",360,36000258,16,1,-2.2058,-0.726563252398186,355.4126,"0"
"5427",360,36000253,16,0,0.5256,1.8958887282333,450.629,"0"
"5428",360,36000234,16,0,-1.7622,-0.300657234016358,366.384,"1"
"5429",360,36000010,16,0,-2.3705,-0.88469382324464,335.42,"0"
"5430",360,36000012,16,0,-1.4747,-0.0246248167828691,572.5733,"1"
"5431",360,36000195,16,1,-0.6978,0.721286783038687,492.8835,"0"
"5432",360,36000212,16,1,-3.0277,-1.5156799262215,354.0481,"0"
"5433",360,36000213,16,0,-2.8991,-1.39220942585202,479.1161,"1"
"5434",360,36000360,16,0,-0.1214,1.2746957753635,296.7219,"1"
"5435",360,36000253,16,0,0.3748,1.75110372468961,424.2071,"0"
"5436",360,36000264,16,0,-1.4416,0.00715491542731683,334.0603,"0"
"5437",360,36000105,16,1,-0.9203,0.507661694918856,378.5337,"0"
"5438",360,36000276,16,0,-1.8463,-0.381402716761876,312.2145,"0"
"5439",360,36000376,16,0,-2.63,-1.13384308332148,312.0814,"1"
"5440",360,36000292,16,1,1.3508,2.68817377415008,343.4191,"0"
"5441",360,36000343,16,1,-1.3016,0.141570701210581,314.1296,"0"
"5442",360,36000287,16,0,-1.5623,-0.108730694172969,474.2187,"0"
"5443",360,36000277,16,0,-1.6593,-0.201861631465659,282.9454,"0"
"5444",360,36000274,16,0,-0.1658,1.23206676901509,295.9116,"0"
"5445",360,36000355,16,1,-1.7266,-0.266477219917185,299.1843,"0"
"5446",360,36000039,16,1,0.3536,1.730749334271,355.9663,"0"
"5447",360,36000114,16,1,-1.9992,-0.528203957092312,374.6354,"1"
"5448",360,36000067,16,1,-2.4091,-0.921754175610597,456.9967,"1"
"5449",360,36000080,16,0,-0.0444,1.34862445754429,419.9508,"1"
"5450",360,36000269,16,1,-2.1416,-0.664924013489003,459.9801,"1"
"5451",360,36000045,16,0,-1.6354,-0.178914936606944,376.6216,"1"
"5452",360,36000051,16,1,-2.1325,-0.656186987413091,385.2256,"1"
"5453",360,36000142,16,0,-0.5413,0.871544429289264,335.1988,"0"
"5454",360,36000351,16,1,0.071,1.45942146953992,498.3437,"1"
"5455",360,36000239,16,1,-0.1274,1.26893509882993,310.2446,"0"
"5456",360,36000105,16,1,-2.811,-1.30762349208412,335.1562,"0"
"5457",360,36000214,16,0,-3.0363,-1.52393689591962,424.7494,"0"
"5458",360,36000137,16,0,-3.1368,-1.62042822785689,379.1723,"0"
"5459",360,36000191,16,0,-0.7618,0.659839566680623,325.0868,"0"
"5460",360,36000197,16,1,-1.3303,0.114015465125012,416.6243,"0"
"5461",360,36000050,16,1,-1.7195,-0.259660419352462,350.4736,"1"
"5462",360,36000045,16,1,-1.4224,0.0255890803347358,415.0773,"1"
"5463",360,36000048,16,1,-2.0359,-0.563440095222639,377.6556,"1"
"5464",360,36000261,16,0,-1.3582,0.0872283192439183,319.2666,"0"
"5465",360,36000058,16,0,-2.0911,-0.616438319331469,315.4282,"0"
"5466",360,36000021,16,0,-0.1279,1.26845504245213,376.1948,"0"
"5467",360,36000033,16,1,-1.5716,-0.1176597428,324.1283,"0"
"5468",360,36000319,16,0,-0.1391,1.25770177958947,374.6016,"1"
"5469",360,36000393,16,0,0.6244,1.99074786848606,481.8374,"0"
"5470",360,36000011,16,0,-1.1905,0.248239228357157,423.1431,"1"
"5471",360,36000096,16,0,-0.2554,1.1460406661138,242.8317,"0"
"5472",360,36000291,16,1,-0.9177,0.510157988083403,422.8198,"1"
"5473",360,36000412,16,0,-2.1653,-0.687678685796598,387.9941,"0"
"5474",360,36000012,16,0,-0.9118,0.515822653341412,429.0259,"1"
"5475",360,36000350,16,0,-1.8801,-0.413854527900978,371.2205,"0"
"5476",360,36000386,16,1,-0.8056,0.617786627985573,374.5242,"1"
"5477",360,36000209,16,1,-1.3638,0.0818516878125879,395.1444,"1"
"5478",360,36000350,16,0,-1.4507,-0.00158211064859543,348.5392,"0"
"5479",360,36000198,16,1,-2.3684,-0.882677586457891,324.5734,"0"
"5480",360,36000347,16,1,-2.1908,-0.712161561064264,319.6717,"0"
"5481",360,36000218,16,0,-2.4788,-0.988674034675551,342.2585,"0"
"5482",360,36000314,16,0,-0.9055,0.521871363701659,421.409,"0"
"5483",360,36000318,16,0,-2.4132,-0.925690637908535,444.5084,"1"
"5484",360,36000179,16,1,-0.4326,0.975908685822412,365.823,"0"
"5485",360,36000288,16,0,-3.2902,-1.76770952456512,419.0888,"0"
"5486",360,36000179,16,0,-1.9623,-0.492775796410866,351.4549,"0"
"5487",360,36000035,16,0,-1.3678,0.0780112367902089,389.5164,"0"
"5488",360,36000073,16,0,-2.3252,-0.841200715416198,379.6706,"0"
"5489",360,36000119,16,0,-3.0196,-1.50790301290119,268.7453,"0"
"5490",360,36000321,16,0,-1.8464,-0.381498728037435,338.2049,"1"
"5491",360,36000310,16,1,-1.5342,-0.0817515257407564,361.1295,"0"
"5492",360,36000086,16,1,-1.5238,-0.0717663530825711,353.1643,"1"
"5493",360,36000392,16,0,-2.3737,-0.887766184062543,365.1579,"0"
"5494",360,36000119,16,1,-1.4761,-0.0259689746407018,328.1995,"0"
"5495",360,36000245,16,0,-0.8193,0.604633083233925,428.7949,"1"
"5496",360,36000354,16,1,-1.323,0.121024288240853,429.7685,"1"
"5497",360,36000400,16,1,-1.8826,-0.416254809789965,359.8795,"0"
"5498",360,36000189,16,1,-0.6179,0.797999792210706,370.2808,"0"
"5499",360,36000404,16,0,-0.2208,1.17926056745738,309.395,"0"
"5500",360,36000230,16,1,0.3408,1.71845989099939,388.0523,"0"
"5501",360,36000305,16,0,-1.2458,0.195144992972767,291.6717,"0"
"5502",360,36000406,16,0,-1.9302,-0.461956176956275,421.0249,"1"
"5503",360,36000319,16,0,0.4779,1.85009134979143,384.0532,"0"
"5504",360,36000396,16,0,-1.5428,-0.0900084954388711,335.2268,"1"
"5505",360,36000233,16,1,0.5546,1.92373199814554,410.0785,"1"
"5506",360,36000037,16,1,-2.0946,-0.61979871397605,338.7582,"1"
"5507",360,36000059,16,1,-3.3707,-1.8449986013905,388.4431,"1"
"5508",360,36000314,16,0,-1.9726,-0.502664957793492,384.1569,"1"
"5509",360,36000290,16,0,0.2185,1.60103810099015,355.3555,"0"
"5510",360,36000359,16,1,0.5375,1.90731407002487,350.8786,"1"
"5511",360,36000249,16,1,1.0845,2.4324957473352,508.9315,"1"
"5512",360,36000065,16,0,-0.7386,0.682114182610421,396.2679,"0"
"5513",360,36000064,16,0,-2.5483,-1.05540187118938,373.1687,"1"
"5514",360,36000017,16,1,-0.6481,0.769004386991745,320.8903,"1"
"5515",360,36000119,16,1,-3.4315,-1.90337345693066,341.515,"1"
"5516",360,36000387,16,0,-3.548,-2.01522659295745,359.1051,"0"
"5517",360,36000194,16,0,-1.9843,-0.51389827703395,367.2304,"0"
"5518",360,36000156,16,1,-1.4164,0.0313497568683042,358.5244,"0"
"5519",360,36000344,16,0,-3.0643,-1.55082005307627,311.6507,"0"
"5520",360,36000179,16,1,-1.8704,-0.404541434171709,306.4184,"0"
"5521",360,36000403,16,0,-1.2022,0.237005909116698,322.4598,"0"
"5522",360,36000198,16,1,-1.8306,-0.366328946499038,372.3579,"1"
"5523",360,36000238,16,1,-0.3601,1.04551686060303,372.8545,"0"
"5524",360,36000383,16,0,-3.6734,-2.13562473250903,307.8594,"0"
"5525",360,36000065,16,0,-0.8696,0.55633941162751,341.1689,"0"
"5526",360,36000292,16,0,-1.1199,0.316023188902146,443.8923,"1"
"5527",360,36000197,16,1,-2.6509,-1.15390943991341,308.9215,"0"
"5528",360,36000041,16,0,-0.2303,1.17013949627923,422.6768,"1"
"5529",360,36000127,16,0,-3.8022,-2.25928725542963,305.8697,"1"
"5530",360,36000334,16,0,-0.71,0.709573407420431,450.3555,"0"
"5531",360,36000247,16,0,-1.5339,-0.081463491914078,454.7433,"0"
"5532",360,36000145,16,1,-1.6938,-0.234985521533677,412.1895,"1"
"5533",360,36000295,16,0,-1.0341,0.398400863332175,388.2056,"0"
"5534",360,36000318,16,0,-0.8818,0.544626036009254,439.4454,"1"
"5535",360,36000287,16,1,-0.0832,1.31137208262722,523.3645,"0"
"5536",360,36000044,16,1,-0.7982,0.624891462376974,402.9201,"1"
"5537",360,36000083,16,0,-1.3827,0.0637055567318471,366.022,"0"
"5538",360,36000148,16,1,-0.0561,1.33739113830383,551.6652,"1"
"5539",360,36000149,16,0,-3.0283,-1.51625599387486,388.4635,"0"
"5540",360,36000089,16,0,-1.5165,-0.0647575299667294,304.367,"1"
"5541",360,36000082,16,0,-0.6395,0.77726135668986,521.8646,"1"
"5542",360,36000022,16,0,-1.8935,-0.426720038825947,441.1733,"0"
"5543",360,36000198,16,0,-2.551,-1.05799417562949,412.1049,"0"
"5544",360,36000205,16,1,-0.5466,0.866455831684612,507.3099,"1"
"5545",360,36000158,16,0,-0.784,0.63852506350642,290.7724,"0"
"5546",360,36000399,16,1,-0.5202,0.891802808432313,389.3345,"1"
"5547",360,36000394,16,1,-1.8436,-0.37881041232177,381.283,"0"
"5548",360,36000368,16,1,-2.2546,-0.773416754871209,375.0101,"0"
"5549",360,36000184,16,1,-1.764,-0.302385436976428,289.0886,"0"
"5550",360,36000031,16,1,-1.1664,0.27137794576699,343.949,"0"
"5551",360,36000115,16,0,-1.2273,0.21290707895127,324.4201,"1"
"5552",360,36000382,16,1,-1.2153,0.224428432018407,372.0622,"0"
"5553",360,36000141,16,0,-1.4957,-0.0447871846503588,218.5893,"0"
"5554",360,36000203,16,1,-1.8797,-0.41347048279874,454.0847,"0"
"5555",360,36000376,16,0,-1.9079,-0.440545662506512,344.7601,"0"
"5556",360,36000178,16,1,-2.5824,-1.08814171615517,439.8972,"0"
"5557",360,36000131,16,0,-0.2543,1.14709679014496,368.2414,"1"
"5558",360,36000244,16,0,0.8064,2.1654883900043,418.7216,"0"
"5559",360,36000040,1,0,-2.5464,-1.05357765695376,351.0384,"0"
"5560",360,36000255,16,0,-0.3615,1.0441727027452,321.9165,"0"
"5561",360,36000234,16,0,-2.7443,-1.24358397128595,291.0882,"0"
"5562",360,36000284,16,0,0.4676,1.8402021884088,355.5111,"1"
"5563",360,36000031,16,1,-0.6361,0.780525740058882,282.1052,"0"
"5564",360,36000045,16,1,-0.9931,0.437765486311559,296.5445,"0"
"5565",360,36000249,16,0,0.2814,1.66142919331706,418.6288,"1"
"5566",360,36000117,16,0,-2.5313,-1.03907995434427,371.7856,"0"
"5567",360,36000106,16,0,-2.4785,-0.988386000848872,328.339,"0"
"5568",360,36000214,16,1,-0.585,0.829587501869774,435.8533,"0"
"5569",360,36000039,16,1,0.7717,2.13217247738516,310.964,"0"
"5570",360,36000372,16,0,-1.204,0.235277706156628,388.1087,"0"
"5571",360,36000024,16,1,-2.0866,-0.612117811931292,365.8415,"0"
"5572",360,36000395,16,1,-2.116,-0.640345126945778,325.5217,"0"
"5573",360,36000336,16,0,-2.2279,-0.74778174429683,316.887,"0"
"5574",360,36000269,16,0,-1.9836,-0.513226198105034,453.9473,"1"
"5575",360,36000261,16,0,-1.7563,-0.294992568758349,276.3978,"0"
"5576",360,36000128,16,1,-3.1307,-1.61457154004776,473.8812,"0"
"5577",360,36000319,16,0,-1.0877,0.346938819632296,274.4225,"0"
"5578",360,36000236,16,1,-1.7307,-0.270413682215123,269.2756,"0"
"5579",360,36000092,16,0,-0.0393,1.35352103259782,382.3662,"1"
"5580",360,36000193,16,1,-2.2944,-0.81162924254388,321.7294,"0"
"5581",360,36000212,16,0,-2.7182,-1.21852502836493,382.7704,"0"
"5582",360,36000313,16,0,-2.6855,-1.18712934125698,416.3287,"0"
"5583",360,36000101,16,0,-1.7956,-0.332725000053222,468.5752,"1"
"5584",360,36000371,16,0,-2.0218,-0.549902505368753,404.9995,"1"
"5585",360,36000312,16,0,-2.2988,-0.815853738668497,310.9931,"1"
"5586",360,36000010,16,1,-1.5965,-0.141566550414309,344.1856,"1"
"5587",360,36000325,16,0,-1.361,0.0845400035282531,350.4727,"0"
"5588",360,36000025,16,1,-2.7551,-1.25395318904638,413.1567,"0"
"5589",360,36000369,16,1,-1.1798,0.258512434842021,432.1237,"1"
"5590",360,36000176,16,0,-1.2989,0.144163005650687,397.5352,"1"
"5591",360,36000180,16,1,-3.1343,-1.6180279459679,300.4145,"0"
"5592",360,36000170,16,1,-0.9742,0.4559116173923,362.8876,"1"
"5593",360,36000026,16,0,-2.3881,-0.901591807743107,282.7737,"0"
"5594",360,36000376,16,1,-2.6352,-1.13883566965057,357.9338,"1"
"5595",360,36000066,16,0,-0.6446,0.772364781636327,379.3329,"0"
"5596",360,36000041,16,0,-1.1147,0.321015775231238,305.0057,"0"
"5597",360,36000313,16,0,-1.3311,0.113247374920536,324.5851,"0"
"5598",360,36000366,16,1,-2.3764,-0.890358488502649,375.3937,"1"
"5599",360,36000077,16,0,-1.4473,0.00168227272042676,303.2661,"0"
"5600",360,36000380,16,1,-0.9496,0.47953039117993,352.5351,"1"
"5601",360,36000330,16,0,-2.6929,-1.19423417564838,420.205,"0"
"5602",360,36000032,16,0,-1.6549,-0.197637135341042,344.5884,"0"
"5603",360,36000266,16,0,-0.4544,0.954978227750447,356.8513,"0"
"5604",360,36000307,16,0,-2.2151,-0.735492301025217,349.6166,"0"
"5605",360,36000301,16,1,-2.4415,-0.952861828891867,360.4158,"1"
"5606",360,36000073,16,1,-2.7007,-1.20172305514202,378.9677,"0"
"5607",360,36000096,16,0,-2.6242,-1.12827442933903,320.6286,"1"
"5608",360,36000099,16,0,-1.1678,0.270033787909157,426.6551,"1"
"5609",360,36000323,16,1,-2.2202,-0.74038887607875,419.4063,"0"
"5610",360,36000325,16,0,-2.2842,-0.801836092436813,436.8754,"1"
"5611",360,36000334,16,1,0.8315,2.18958722016973,421.8449,"1"
"5612",360,36000266,16,0,-1.3162,0.127553054978898,388.9286,"0"
"5613",360,36000115,16,1,-1.1163,0.319479594822287,443.2874,"1"
"5614",360,36000327,16,1,-3.5105,-1.97922236462265,338.9652,"0"
"5615",360,36000263,16,0,-2.1242,-0.648218051541655,435.6374,"0"
"5616",360,36000370,16,1,-1.9234,-0.45542741021823,359.1686,"0"
"5617",360,36000339,16,0,1.127,2.47330053944797,399.7102,"0"
"5618",360,36000045,16,0,-3.0302,-1.51808020811049,383.3681,"0"
"5619",360,36000284,16,0,0.1894,1.57309881980234,458.2242,"1"
"5620",360,36000223,16,0,-0.2412,1.15967426724325,498.6812,"1"
"5621",360,36000374,16,1,-1.0445,0.388415690673989,299.6133,"0"
"5622",360,36000207,16,1,-0.9451,0.483850898580107,371.0462,"0"
"5623",360,36000279,16,1,-0.9609,0.46868111704171,413.5296,"0"
"5624",360,36000024,16,0,-1.3018,0.141378678659462,295.8621,"0"
"5625",360,36000268,16,1,-1.5317,-0.0793512438517696,307.0462,"1"
"5626",360,36000111,16,1,-0.3302,1.07422423199531,419.7523,"1"
"5627",360,36000002,16,0,-2.7735,-1.27161926374932,345.7907,"0"
"5628",360,36000378,16,0,-1.0507,0.382462991589302,410.2169,"0"
"5629",360,36000331,16,0,0.461,1.83386544422187,458.911,"1"
"5630",360,36000220,16,1,-1.968,-0.498248439117756,427.5257,"0"
"5631",360,36000259,16,1,-1.8846,-0.418175035301154,306.9468,"0"
"5632",360,36000028,16,0,-1.0648,0.368925401735416,389.6826,"0"
"5633",360,36000098,16,1,-1.2037,0.235565739983306,337.9626,"0"
"5634",360,36000089,16,1,0.0914,1.47900776975406,323.8842,"0"
"5635",360,36000134,16,0,-1.5549,-0.101625859781568,411.3502,"1"
"5636",360,36000347,16,0,-2.9023,-1.39528178666992,354.0082,"1"
"5637",360,36000001,16,0,-0.9981,0.432964922533585,416.969,"1"
"5638",360,36000036,16,0,-2.0115,-0.540013343986127,428.141,"0"
"5639",360,36000413,16,1,-1.1673,0.270513844286955,353.9367,"0"
"5640",360,36000059,16,0,-1.9958,-0.52493957372329,385.1396,"1"
"5641",360,36000081,16,0,-1.5362,-0.0836717512519459,411.9912,"0"
"5642",360,36000257,16,1,-1.6104,-0.154912117717076,371.2804,"1"
"5643",360,36000249,16,0,-1.6923,-0.233545352400285,422.5185,"1"
"5644",360,36000078,16,0,-1.4178,0.0300055990104718,375.9351,"0"
"5645",360,36000376,16,1,-2.378,-0.891894668911601,313.1852,"1"
"5646",360,36000381,16,0,-2.3399,-0.855314372923441,361.495,"0"
"5647",360,36000039,16,0,-3.6059,-2.07081712150639,328.3263,"0"
"5648",360,36000153,16,0,-1.1564,0.280979073322937,348.0635,"1"
"5649",360,36000351,16,0,0.0093,1.40018251251973,532.7427,"0"
"5650",360,36000197,16,1,-2.3721,-0.886230003653592,406.1239,"1"
"5651",360,36000368,16,0,-2.6507,-1.15371741736229,312.3416,"0"
"5652",360,36000411,16,0,-1.6729,-0.214919164941747,289.053,"0"
"5653",360,36000198,16,1,-2.0642,-0.59061128620597,352.6969,"0"
"5654",360,36000339,16,1,0.2453,1.62676912284009,413.1225,"1"
"5655",360,36000177,16,1,0.3035,1.6826476852157,441.3572,"0"
"5656",360,36000006,16,1,-0.681,0.737416677332678,315.2735,"0"
"5657",360,36000237,16,1,-2.4024,-0.915321420148112,316.1734,"1"
"5658",360,36000352,16,0,-1.0815,0.352891518716984,356.473,"0"
"5659",360,36000216,16,0,-2.948,-1.4391589396006,316.3725,"0"
"5660",360,36000186,16,1,-1.9358,-0.467332808387605,369.6375,"0"
"5661",360,36000207,16,1,-1.5431,-0.0902965292655495,382.8834,"1"
"5662",360,36000070,16,1,-1.6923,-0.233545352400285,326.0771,"0"
"5663",360,36000286,16,0,-0.3077,1.0958267689962,350.1414,"0"
"5664",360,36000284,16,1,0.5745,1.94283824198188,493.0743,"1"
"5665",360,36000220,16,1,-0.5739,0.840244753456875,248.232,"0"
"5666",360,36000146,16,0,-1.2801,0.162213125455868,373.5284,"1"
"5667",360,36000211,16,0,-2.2279,-0.74778174429683,381.4262,"0"
"5668",360,36000227,16,0,0.3519,1.72911714258649,455.4418,"0"
"5669",360,36000145,16,0,-1.9398,-0.471173259409984,417.0315,"0"
"5670",360,36000303,16,0,-2.3746,-0.888630285542578,352.2831,"1"
"5671",360,36000374,16,0,-2.0698,-0.595987917637301,316.924,"1"
"5672",360,36000387,16,0,0.603,1.97020145551633,356.5471,"1"
"5673",360,36000145,16,0,-1.6831,-0.224712315048814,383.7609,"0"
"5674",360,36000330,16,0,-0.2445,1.15650589514978,504.7757,"1"
"5675",360,36000267,16,0,-2.086,-0.611541744277935,416.9086,"1"
"5676",360,36000233,16,0,-1.1929,0.245934957743729,383.4779,"0"
"5677",360,36000317,16,1,-0.8139,0.609817692114137,331.0773,"1"
"5678",360,36000374,16,1,0.0354,1.42524145544075,292.2566,"0"
"5679",360,36000091,16,1,-2.1617,-0.684222279876458,475.3432,"0"
"5680",360,36000168,16,0,-2.6394,-1.14286814322407,344.2534,"0"
"5681",360,36000041,16,0,-0.2258,1.17446000367941,339.1759,"0"
"5682",360,36000178,16,0,-0.7954,0.62757977809264,383.1508,"0"
"5683",360,36000002,16,1,-3.3548,-1.82973280857655,333.5702,"0"
"5684",360,36000082,16,1,0.3237,1.70204196287872,430.8106,"0"
"5685",360,36000245,16,1,0.9986,2.35002206162961,549.1803,"1"
"5686",360,36000409,16,0,-2.6841,-1.18578518339915,374.7396,"0"
"5687",360,36000194,16,1,1.0396,2.38938668460899,478.6384,"0"
"5688",360,36000297,16,1,-2.0235,-0.551534697053264,332.3994,"0"
"5689",360,36000039,16,1,-1.923,-0.455043365115992,357.4426,"1"
"5690",360,36000095,16,0,-1.894,-0.427200095203745,463.9288,"1"
"5691",360,36000079,16,1,-0.9122,0.515438608239174,338.1317,"1"
"5692",360,36000207,16,0,-2.9659,-1.45634495792575,316.2783,"1"
"5693",360,36000092,16,0,0.1857,1.56954640260664,383.0846,"0"
"5694",360,36000163,16,0,0.5246,1.8949286154777,376.6467,"0"
"5695",360,36000241,16,1,-1.2374,0.203209940119763,376.7563,"0"
"5696",360,36000102,16,1,-1.5661,-0.112379122644229,440.7347,"0"
"5697",360,36000030,16,0,-0.4834,0.927134957838199,416.4127,"1"
"5698",360,36000212,16,1,-1.0284,0.403873506039065,338.6806,"0"
"5699",360,36000089,16,0,-3.3861,-1.85978433782666,348.0385,"0"
"5700",360,36000281,16,0,-1.5636,-0.109978840755242,331.2968,"0"
"5701",360,36000257,16,1,-0.9062,0.521199284772742,362.5449,"0"
"5702",360,36000281,16,0,-1.5725,-0.118523844280035,305.9681,"0"
"5703",360,36000207,16,0,-3.0887,-1.57424680431278,402.2435,"1"
"5704",360,36000025,16,0,-1.187,0.251599623001738,466.526,"1"
"5705",360,36000181,16,1,-0.8547,0.570645091685871,410.3086,"0"
"5706",360,36000256,16,0,-1.8864,-0.419903238261225,376.6964,"0"
"5707",360,36000387,16,1,-1.7655,-0.30382560610982,465.9281,"0"
"5708",360,36000153,16,1,-0.5615,0.85215015162625,323.5577,"0"
"5709",360,36000151,16,0,-2.0003,-0.529260081123466,419.7341,"0"
"5710",360,36000356,16,0,-3.0558,-1.54265909465372,312.2618,"0"
"5711",360,36000183,16,0,-1.7141,-0.254475810472251,314.3797,"0"
"5712",360,36000094,16,1,-3.1399,-1.62340457739923,502.928,"1"
"5713",360,36000350,16,0,-1.6235,-0.167489594815367,369.2863,"1"
"5714",360,36000137,16,0,-2.3977,-0.910808890196817,364.8514,"1"
"5715",360,36000205,16,0,-1.5142,-0.0625492706288615,452.8598,"1"
"5716",360,36000281,16,1,-1.3955,0.0514161134602345,337.8537,"0"
"5717",360,36000108,16,0,-1.5848,-0.13033323117385,368.4768,"1"
"5718",360,36000283,16,1,-1.4272,0.0209805391078811,320.4763,"0"
"5719",360,36000278,16,0,-1.3143,0.129377269214528,346.6564,"0"
"5720",360,36000008,16,1,-0.3731,1.0330353947803,361.9856,"0"
"5721",360,36000010,16,1,-1.1678,0.270033787909157,390.6035,"0"
"5722",360,36000339,16,0,-1.2309,0.209450673031129,405.1025,"1"
"5723",360,36000412,16,0,-1.3135,0.130145359419003,362.6072,"0"
"5724",360,36000107,16,1,-4.2386,-2.67828046197118,279.6903,"1"
"5725",360,36000108,16,0,-1.8109,-0.347414725213822,292.102,"0"
"5726",360,36000398,16,1,-1.3111,0.132449630032431,394.351,"1"
"5727",360,36000178,16,0,-2.0671,-0.593395613197195,372.406,"1"
"5728",360,36000243,16,0,-1.1828,0.255632096575236,277.5728,"0"
"5729",360,36000383,16,1,-2.6728,-1.17493590926093,482.2233,"1"
"5730",360,36000114,16,0,-1.6987,-0.239690074036092,282.3442,"0"
"5731",360,36000138,16,0,-1.9438,-0.475013710432363,335.4535,"0"
"5732",360,36000256,16,0,-1.227,0.213195112777949,398.3877,"1"
"5733",360,36000231,16,1,-2.6147,-1.11915335816088,379.6321,"0"
"5734",360,36000111,16,0,-0.1356,1.26106217423405,406.5799,"0"
"5735",360,36000270,16,0,-2.1662,-0.688542787276634,326.9128,"1"
"5736",360,36000387,16,0,-1.9947,-0.523883449692135,411.1535,"0"
"5737",360,36000045,16,1,-0.2874,1.11531705793477,449.052,"1"
"5738",360,36000009,16,1,-0.8339,0.590615437002242,316.66,"1"
"5739",360,36000386,16,0,-0.7723,0.649758382746878,468.9688,"1"
"5740",360,36000286,16,0,-1.3926,0.0542004404514592,295.1056,"0"
"5741",360,36000163,16,1,-0.385,1.02161005298872,420.6073,"1"
"5742",360,36000315,16,0,-0.5492,0.863959538520065,333.1725,"1"
"5743",360,36000390,16,1,-1.6404,-0.183715500384918,276.7871,"0"
"5744",360,36000247,16,0,-1.5339,-0.081463491914078,430.1645,"0"
"5745",360,36000371,16,1,-0.6222,0.793871307361649,390.4031,"0"
"5746",360,36000229,16,1,-2.7428,-1.24214380215256,337.9275,"0"
"5747",360,36000380,16,1,-1.2366,0.203978030324239,341.4814,"0"
"5748",360,36000052,16,0,-1.9379,-0.469349045174354,355.0078,"0"
"5749",360,36000392,16,1,-2.3322,-0.847921504705361,349.5202,"0"
"5750",360,36000110,16,1,-1.3247,0.119392096556342,357.8819,"0"
"5751",360,36000069,16,0,0.2862,1.66603773454391,465.167,"1"
"5752",360,36000367,16,0,-2.948,-1.4391589396006,297.2745,"1"
"5753",360,36000378,16,1,-1.3382,0.106430574355813,323.0452,"0"
"5754",360,36000325,16,0,-1.5562,-0.102874006363841,472.6016,"0"
"5755",360,36000026,16,1,-2.4945,-1.00374780493839,321.9569,"1"
"5756",360,36000208,16,0,-3.0895,-1.57501489451726,502.9251,"0"
"5757",360,36000374,16,0,-2.2998,-0.816813851424091,377.3498,"0"
"5758",360,36000279,16,1,0.5694,1.93794166692834,400.027,"0"
"5759",360,36000019,16,1,-0.0732,1.32097321018316,377.1108,"1"
"5760",360,36000318,16,1,-1.1369,0.299701272057035,376.2189,"0"
"5761",360,36000072,16,1,-0.4093,0.99827931302777,406.4203,"0"
"5762",360,36000302,16,0,-0.6812,0.737224654781559,417.1409,"1"
"5763",360,36000388,16,0,-1.7958,-0.332917022604341,440.7102,"1"
"5764",360,36000343,16,0,-1.7534,-0.292208241767124,276.8385,"1"
"5765",360,36000042,16,1,-2.3106,-0.827183069184515,441.8392,"0"
"5766",360,36000269,16,1,-0.9572,0.47223353423741,397.5737,"0"
"5767",360,36000204,16,0,-3.4233,-1.89550053233478,303.7678,"1"
"5768",360,36000118,16,0,-2.1216,-0.645721758377108,477.0647,"1"
"5769",360,36000196,16,0,-2.0307,-0.558447508893546,385.2318,"1"
"5770",360,36000048,16,1,-0.9895,0.4412218922317,425.3527,"1"
"5771",360,36000132,16,1,-2.4195,-0.931739348268782,270.7555,"0"
"5772",360,36000058,16,0,-1.162,0.275602441891607,303.7398,"0"
"5773",360,36000249,16,1,0.1317,1.51770031380453,357.6525,"1"
"5774",360,36000028,16,0,-1.6522,-0.195044830900936,388.7356,"0"
"5775",360,36000286,16,0,-1.2012,0.237966021872293,350.8791,"0"
"5776",360,36000403,16,1,-1.5066,-0.0552524136863414,358.285,"1"
"5777",360,36000279,16,1,0.5727,1.94111003902181,491.5992,"0"
"5778",360,36000026,16,1,-3.3925,-1.86592905946247,290.1794,"1"
"5779",360,36000023,16,1,-1.9775,-0.507369510295906,446.1177,"1"
"5780",360,36000353,16,1,-1.71,-0.250539348174312,389.4165,"0"
"5781",360,36000168,16,1,-0.381,1.0254505040111,392.4946,"1"
"5782",360,36000026,16,0,-2.6448,-1.14805275210428,369.9756,"0"
"5783",360,36000168,16,0,-2.2067,-0.727427353878221,281.443,"1"
"5784",360,36000335,16,0,-2.5317,-1.03946399944651,344.9486,"0"
"5785",360,36000371,16,0,-1.8636,-0.398012667433665,418.1875,"0"
"5786",360,36000195,16,1,-0.5713,0.842741046621422,421.274,"0"
"5787",360,36000225,16,1,-0.2087,1.19087793180008,392.166,"0"
"5788",360,36000250,1,0,-2.632,-1.13576330883267,357.5231,"1"
"5789",360,36000203,16,1,-0.9304,0.497964556087349,448.6365,"0"
"5790",360,36000414,16,0,-0.7278,0.692483400370844,330.9339,"0"
"5791",360,36000296,16,1,-0.3001,1.10312362593872,320.6969,"0"
"5792",360,36000345,16,0,-3.0357,-1.52336082826626,366.9989,"1"
"5793",360,36000123,16,1,-2.1986,-0.719650440557903,378.1714,"0"
"5794",360,36000041,16,0,-1.2083,0.23114922130757,363.1093,"0"
"5795",360,36000251,16,1,-1.4285,0.0197323925256079,336.9112,"0"
"5796",360,36000382,16,1,-1.1747,0.263409009895554,380.4026,"0"
"5797",360,36000231,16,0,-0.0488,1.34439996141967,332.4386,"0"
"5798",360,36000189,16,1,-1.3934,0.0534323502469835,456.0809,"1"
"5799",360,36000117,16,0,-1.7953,-0.332436966226544,333.2679,"0"
"5800",360,36000011,16,0,-1.6916,-0.232873273471369,412.2494,"0"
"5801",360,36000246,16,1,-1.3523,0.0928929845019273,356.1236,"0"
"5802",360,36000327,6,0,-2.4841,-0.993762632280203,290.7287,"0"
"5803",360,36000052,16,1,-1.5839,-0.129469129693815,327.9844,"0"
"5804",360,36000334,16,1,-2.0004,-0.529356092399025,343.2932,"0"
"5805",360,36000079,16,1,-2.2112,-0.731747861278397,314.7826,"0"
"5806",360,36000212,16,1,-0.7223,0.697764020526615,313.2755,"1"
"5807",360,36000380,16,0,-1.059,0.374494055717866,416.6041,"1"
"5808",360,36000395,16,1,-2.4581,-0.968799700634739,361.7701,"0"
"5809",360,36000253,16,0,-0.0772,1.31713275916078,441.266,"1"
"5810",360,36000048,16,1,-2.6833,-1.18501709319468,437.0957,"0"
"5811",360,36000383,16,1,0.3557,1.73276557105775,433.1842,"1"
"5812",360,36000181,16,0,1.0398,2.38957870716011,478.3202,"0"
"5813",360,36000255,16,1,-0.5055,0.905916465939556,336.8175,"1"
"5814",360,36000358,16,1,-0.8695,0.556435422903069,387.4739,"0"
"5815",360,36000149,16,0,-2.5409,-1.04829703679798,393.3024,"0"
"5816",360,36000041,16,1,-2.6008,-1.10580779085811,384.9934,"0"
"5817",360,36000090,16,1,-2.3608,-0.875380729515371,318.9037,"0"
"5818",360,36000082,16,1,-0.0673,1.32663787544117,395.3416,"0"
"5819",360,36000205,16,1,-0.4804,0.930015296104984,381.5553,"0"
"5820",360,36000023,16,1,-3.051,-1.53805055342686,319.1984,"0"
"5821",360,36000400,16,0,-1.8488,-0.383802998650862,394.781,"1"
"5822",360,36000385,16,0,-1.5339,-0.081463491914078,400.343,"0"
"5823",360,36000404,16,1,-2.2091,-0.729731624491648,351.2101,"0"
"5824",360,36000367,16,1,-1.4085,0.0389346476375027,320.9186,"0"
"5825",360,36000070,16,1,-2.0185,-0.54673413327529,371.491,"1"
"5826",360,36000398,16,1,-0.1315,1.26499863653199,416.9633,"0"
"5827",360,36000176,16,1,-1.553,-0.0998016455459375,364.6959,"0"
"5828",360,36000181,16,0,0.0474,1.43676280850789,422.8534,"0"
"5829",360,36000410,16,0,-0.7789,0.643421638559953,379.9376,"1"
"5830",360,36000370,16,0,-2.1771,-0.699008016312616,387.2476,"0"
"5831",360,36000200,16,1,-1.5939,-0.139070257249763,395.9435,"1"
"5832",360,36000151,16,1,0.0961,1.48352029970535,319.2201,"1"
"5833",360,36000168,16,0,-1.6469,-0.189956233296284,307.08,"0"
"5834",360,36000199,16,0,0.1892,1.57290679725122,409.6445,"1"
"5835",360,36000271,16,1,-1.1548,0.282515253731889,425.4866,"0"
"5836",360,36000247,16,1,-1.5339,-0.081463491914078,382.9382,"0"
"5837",360,36000300,16,1,0.1003,1.48755277327885,424.4175,"1"
"5838",360,36000384,16,0,-2.8295,-1.32538557806263,376.9609,"1"
"5839",360,36000214,16,0,-2.6727,-1.17483989798537,414.9861,"1"
"5840",360,36000302,16,1,-1.1107,0.324856226253617,308.4749,"0"
"5841",360,36000224,16,1,-2.4374,-0.948925366593928,370.7364,"0"
"5842",360,36000149,16,0,-1.741,-0.280302843597749,397.2758,"1"
"5843",360,36000119,16,1,-0.9587,0.470793365104018,375.9551,"1"
"5844",360,36000318,16,1,-0.5197,0.89228286481011,514.5642,"1"
"5845",360,36000057,16,1,-1.6885,-0.229896923929025,355.0274,"0"
"5846",360,36000134,16,0,-2.067,-0.593299601921636,302.2744,"0"
"5847",360,36000100,16,0,-1.4351,0.0133956483386826,360.6104,"0"
"5848",360,36000148,16,0,-1.7167,-0.256972103636797,402.5485,"1"
"5849",360,36000106,16,1,-1.482,-0.0316336398987108,301.741,"0"
"5850",360,36000226,16,1,-0.3119,1.0917942954227,443.7151,"1"
"5851",360,36000287,16,0,-1.8907,-0.424031723110282,390.7956,"0"
"5852",360,36000369,16,1,-1.2452,0.195721060626124,454.1013,"1"
"5853",360,36000033,16,1,0.1324,1.51837239273344,351.3483,"0"
"5854",360,36000179,16,1,-2.7925,-1.28986140610562,369.5924,"1"
"5855",360,36000146,16,0,-2.3965,-0.909656754890103,337.2212,"0"
"5856",360,36000364,16,0,-3.9844,-2.434219799499,373.7751,"0"
"5857",360,36000021,16,0,-1.6853,-0.226824563111122,322.718,"0"
"5858",360,36000144,16,1,-1.8855,-0.419039136781189,421.1248,"1"
"5859",360,36000169,16,1,-3.25,-1.72911299179022,333.4777,"0"
"5860",360,36000036,16,0,-1.5873,-0.132733513062837,423.184,"1"
"5861",360,36000174,16,0,0.2893,1.66901408408626,518.9979,"1"
"5862",360,36000412,16,0,-1.3736,0.0724425828077594,358.4923,"1"
"5863",360,36000128,16,1,0.1589,1.5438153807567,417.658,"0"
"5864",360,36000030,16,1,0.4133,1.78806806578001,547.9024,"1"
"5865",360,36000356,16,1,-3.5221,-1.99035967258755,322.439,"0"
"5866",360,36000189,16,1,0.5252,1.89550468313106,519.9215,"1"
"5867",360,36000384,16,1,-2.7258,-1.22582188530745,434.5044,"0"
"5868",360,36000006,16,1,-0.551,0.862231335559995,332.7609,"1"
"5869",360,36000190,16,0,-0.3198,1.0842094046535,479.8967,"0"
"5870",360,36000233,16,1,0.5864,1.95426358377346,437.3988,"1"
"5871",360,36000177,16,0,-0.0951,1.29994674083564,477.239,"1"
"5872",360,36000215,16,0,-0.892,0.534832885902187,309.3386,"0"
"5873",360,36000346,16,0,-3.1491,-1.63223761475071,224.7079,"0"
"5874",360,36000063,16,1,-2.438,-0.949501434247285,392.8268,"0"
"5875",360,36000124,16,1,-2.7156,-1.21602873520039,288.5349,"1"
"5876",360,36000369,16,1,-1.4591,-0.00964705779559124,417.7095,"0"
"5877",360,36000122,16,1,-0.679,0.739336902843868,518.8049,"0"
"5878",360,36000400,16,1,-1.0411,0.391680074043011,394.2112,"1"
"5879",360,36000333,16,1,-1.7619,-0.300369200189679,268.6355,"0"
"5880",360,36000414,16,1,-2.9485,-1.4396389959784,318.6369,"0"
"5881",360,36000340,16,1,0.1888,1.57252275214899,476.5756,"1"
"5882",360,36000161,16,0,-1.0667,0.367101187499786,369.3451,"0"
"5883",360,36000338,16,0,-1.6496,-0.19254853773639,364.9151,"0"
"5884",360,36000090,16,0,-1.5215,-0.0695580937447032,457.0322,"0"
"5885",360,36000080,16,0,-0.7233,0.696803907771021,441.9809,"0"
"5886",360,36000269,16,0,-1.8714,-0.405501546927304,466.501,"1"
"5887",360,36000236,16,1,-0.175,1.22323373166362,350.2615,"0"
"5888",360,36000384,16,1,-1.8424,-0.377658277015056,351.0678,"0"
"5889",360,36000052,16,0,-2.6222,-1.12635420382784,353.062,"0"
"5890",360,36000110,16,1,-1.7295,-0.26926154690841,371.2134,"0"
"5891",360,36000033,16,1,-2.3084,-0.825070821122206,368.8691,"1"
"5892",360,36000375,16,1,-0.3773,1.0290029212068,327.3075,"0"
"5893",360,36000111,16,0,-0.179,1.21939328064124,387.2038,"1"
"5894",360,36000391,16,1,-0.5271,0.885178030418709,463.5102,"0"
"5895",360,36000156,16,1,-0.3933,1.01364111711729,320.7649,"0"
"5896",360,36000159,16,0,-0.2843,1.11829340747711,372.104,"0"
"5897",360,36000096,16,0,-2.047,-0.574097346809741,313.4151,"0"
"5898",360,36000409,16,1,-3.36,-1.83472539490564,415.3214,"0"
"5899",360,36000100,16,1,-2.6344,-1.13806757944609,356.0944,"0"
"5900",360,36000149,16,0,-1.8378,-0.37324175833932,352.1096,"0"
"5901",360,36000185,16,0,-0.2063,1.1931822024135,399.7212,"0"
"5902",360,36000359,16,0,-0.6937,0.725223245336625,420.816,"0"
"5903",360,36000229,16,1,-3.1642,-1.64673531736019,340.94,"1"
"5904",360,36000166,16,0,-0.6577,0.759787304538036,357.7,"1"
"5905",360,36000052,16,0,-1.3913,0.0554485870337324,355.4987,"0"
"5906",360,36000193,16,0,-1.4021,0.0450793692733093,368.4301,"0"
"5907",360,36000230,16,0,-2.4185,-0.930779235513187,382.9396,"1"
"5908",360,36000086,16,0,-1.729,-0.268781490530612,368.3334,"0"
"5909",360,36000067,16,0,-0.8046,0.618746740741168,404.1367,"0"
"5910",360,36000161,16,1,-1.5524,-0.0992255778925807,348.8623,"0"
"5911",360,36000265,16,0,-1.9066,-0.439297515924239,330.3532,"0"
"5912",360,36000412,16,1,0.2403,1.62196855906211,331.8035,"0"
"5913",360,36000102,16,0,-0.3573,1.0482051763187,515.2035,"1"
"5914",360,36000182,16,0,-1.974,-0.504009115651324,348.6349,"1"
"5915",360,36000104,16,1,-1.6389,-0.182275331251526,334.1026,"0"
"5916",360,36000039,16,0,-1.1228,0.313238861910921,366.5477,"1"
"5917",360,36000067,16,0,-1.8763,-0.410206099429718,383.5581,"0"
"5918",360,36000070,16,1,-1.5339,-0.081463491914078,310.7022,"0"
"5919",360,36000224,16,0,-1.3383,0.106334563080254,497.1265,"1"
"5920",360,36000399,16,0,0.7408,2.10250499323728,345.0375,"0"
"5921",360,36000410,16,0,-1.4574,-0.00801486611108014,436.5428,"1"
"5922",360,36000008,16,0,-0.1361,1.26058211785625,487.7757,"1"
"5923",360,36000028,16,0,-0.8904,0.536369066311139,371.4304,"1"
"5924",360,36000256,16,0,-1.3701,0.0758029774523409,438.5347,"1"
"5925",360,36000168,16,0,-2.0067,-0.535404802759272,325.9014,"1"
"5926",360,36000149,16,0,-3.0199,-1.50819104672787,429.0385,"0"
"5927",360,36000159,16,0,0.0901,1.47775962317178,427.9766,"0"
"5928",360,36000183,16,1,-2.4816,-0.991362350391216,347.4823,"0"
"5929",360,36000399,16,0,-2.0127,-0.541165479292841,387.0311,"0"
"5930",360,36000067,16,0,-1.0659,0.367869277704262,384.0234,"0"
"5931",360,36000239,16,1,-3.059,-1.54573145547162,322.1827,"1"
"5932",360,36000151,16,0,-2.5225,-1.03063096209504,376.1464,"0"
"5933",360,36000384,16,1,-2.8726,-1.36676643782876,333.3846,"0"
"5934",360,36000170,16,1,-1.2147,0.225004499671764,326.3296,"0"
"5935",360,36000025,16,1,-1.271,0.17095015153178,567.2015,"1"
"5936",360,36000059,16,1,-2.1205,-0.644665634345954,433.3611,"0"
"5937",360,36000345,16,1,-2.6647,-1.16715899594061,356.2321,"0"
"5938",360,36000010,16,1,-1.6218,-0.165857403130856,363.3481,"0"
"5939",360,36000342,16,1,0.2804,1.66046908056146,528.4587,"1"
"5940",360,36000326,16,0,-2.0741,-0.600116402486358,312.7103,"1"
"5941",360,36000019,16,0,0.6928,2.05641958096874,384.6357,"0"
"5942",360,36000396,16,1,-1.6767,-0.218567593413007,416.9536,"1"
"5943",360,36000409,16,0,-1.6244,-0.168353696295402,301.1962,"0"
"5944",360,36000251,16,0,0.3865,1.76233704393007,312.8694,"0"
"5945",360,36000259,16,1,-2.0138,-0.542221603323995,335.0307,"0"
"5946",360,36000072,16,1,-1.7107,-0.251211427103229,398.5603,"0"
"5947",360,36000133,16,0,-1.934,-0.465604605427535,386.7026,"0"
"5948",360,36000085,16,0,-1.2004,0.238734112076769,381.4839,"0"
"5949",360,36000386,16,1,-2.3474,-0.862515218590401,399.1033,"0"
"5950",360,36000152,16,0,-1.4458,0.00312244185381893,345.7163,"0"
"5951",360,36000128,16,1,-2.0867,-0.612213823206852,345.1771,"0"
"5952",360,36000167,16,1,-2.3053,-0.822094471579862,390.1703,"0"
"5953",360,36000375,16,0,-2.6482,-1.1513171354733,342.6675,"1"
"5954",360,36000072,16,0,-1.5545,-0.10124181467933,383.6815,"0"
"5955",360,36000317,16,1,-2.8081,-1.3048391650929,331.4092,"0"
"5956",360,36000191,16,0,-2.9686,-1.45893726236586,320.6704,"0"
"5957",360,36000166,16,0,-1.332,0.112383273440501,341.7521,"0"
"5958",360,36000035,16,0,-1.2661,0.175654704034194,430.4192,"1"
"5959",360,36000398,16,1,-1.7791,-0.316883139585909,472.1532,"0"
"5960",360,36000386,16,0,-1.258,0.183431617354512,392.5361,"1"
"5961",360,36000293,16,1,-0.1198,1.27623195577245,372.7916,"1"
"5962",360,36000188,16,1,-2.9171,-1.40949145545273,298.6227,"0"
"5963",360,36000402,16,0,0.079,1.46710237158468,319.5333,"0"
"5964",360,36000085,16,1,-2.0936,-0.618838601220455,444.0725,"1"
"5965",360,36000156,16,1,-0.5195,0.892474887361229,451.1208,"1"
"5966",360,36000291,16,1,-0.2503,1.15093724116733,376.0614,"1"
"5967",360,36000079,16,1,-2.1942,-0.715425944433287,298.412,"1"
"5968",360,36000093,16,1,-2.3178,-0.834095881024797,447.9548,"0"
"5969",360,36000140,16,1,-2.2484,-0.767464055786522,385.5349,"1"
"5970",360,36000155,16,0,-0.3438,1.06116669851923,402.667,"1"
"5971",360,36000403,16,0,-2.2848,-0.802412160090171,387.3674,"0"
"5972",360,36000147,16,1,-0.9287,0.49959674777186,376.4471,"1"
"5973",360,36000341,16,0,0.4539,1.82704864365715,372.5602,"1"
"5974",360,36000364,16,1,-1.818,-0.354231525778544,342.9986,"0"
"5975",360,36000159,16,0,0.1229,1.50925132155529,451.4496,"0"
"5976",360,36000094,16,1,-2.5446,-1.05184945399368,534.4554,"0"
"5977",360,36000178,16,1,-1.2421,0.198697410168468,486.8175,"0"
"5978",360,36000081,16,1,-1.8741,-0.40809385136741,403.9026,"1"
"5979",360,36000276,16,1,-2.4833,-0.992994542075727,327.5928,"0"
"5980",360,36000342,16,0,-0.0454,1.3476643447887,449.5302,"0"
"5981",360,36000277,16,1,-1.7534,-0.292208241767124,339.908,"0"
"5982",360,36000003,16,0,-1.2322,0.208202526448856,405.5444,"1"
"5983",360,36000267,16,0,-1.7955,-0.332628988777663,411.8836,"0"
"5984",360,36000382,16,0,-0.9721,0.457927854179049,537.5376,"1"
"5985",360,36000224,16,1,-0.7035,0.715814140331797,401.9831,"0"
"5986",360,36000236,16,1,0.211,1.59383725532319,372.0883,"1"
"5987",360,36000044,16,1,0.1932,1.5767472482736,477.1775,"0"
"5988",360,36000074,16,0,-1.8754,-0.409341997949683,394.8737,"0"
"5989",360,36000387,16,0,-3.2379,-1.71749562744752,415.2473,"1"
"5990",360,36000279,16,0,0.3123,1.69109667746494,387.0622,"1"
"5991",360,36000208,16,0,-0.9166,0.511214112114557,358.6309,"1"
"5992",360,36000330,16,1,-1.1,0.335129432738481,423.526,"1"
"5993",360,36000283,16,0,-1.549,-0.0959611945235585,305.2508,"1"
"5994",360,36000307,16,0,-1.4888,-0.038162406636755,358.5256,"1"
"5995",360,36000321,16,1,-1.2312,0.209162639204451,313.2878,"0"
"5996",360,36000237,16,0,-1.3014,0.1417627237617,405.242,"0"
"5997",360,36000140,16,1,-2.3677,-0.882005507528975,344.0434,"1"
"5998",360,36000366,16,1,-1.5339,-0.081463491914078,331.3706,"0"
"5999",360,36000173,16,0,-0.7952,0.627771800643759,416.2909,"1"
"6000",360,36000366,16,1,-2.4093,-0.921946198161716,292.25,"0"
"6001",360,36000385,16,0,-1.5339,-0.081463491914078,567.1735,"0"
"6002",360,36000360,16,1,-6.3458,-4.70143006056042,268.7078,"0"
"6003",360,36000218,16,1,-0.8742,0.551922892951774,417.0964,"1"
"6004",360,36000145,16,0,-1.169,0.268881652602444,386.603,"0"
"6005",360,36000204,16,1,-0.8687,0.557203513107545,301.1468,"0"
"6006",360,36000221,16,0,-0.6674,0.750474210808767,443.7134,"0"
"6007",360,36000325,16,0,-2.1261,-0.650042265777285,383.8626,"0"
"6008",360,36000279,16,1,-0.6632,0.754506684382265,410.6853,"0"
"6009",360,36000130,16,1,-0.8481,0.576981835872797,380.6035,"0"
"6010",360,36000126,16,1,-2.6262,-1.13019465485022,355.667,"1"
"6011",360,36000202,16,1,-2.0448,-0.571985098747432,395.115,"0"
"6012",360,36000377,16,0,-1.9513,-0.482214556099324,355.7139,"0"
"6013",360,36000093,16,0,-2.4912,-1.00057943284493,333.4591,"1"
"6014",360,36000265,16,0,-1.3693,0.0765710676568168,373.8949,"1"
"6015",360,36000049,16,0,-1.5114,-0.0598609549131963,407.1055,"0"
"6016",360,36000207,16,0,-1.6347,-0.178242857678028,313.9324,"0"
"6017",360,36000352,16,0,-2.4074,-0.920121983926086,407.8947,"1"
"6018",360,36000028,16,0,-2.1176,-0.641881307354729,431.3669,"1"
"6019",360,36000148,16,0,-2.6759,-1.17791225880327,452.6531,"1"
"6020",360,36000252,16,1,-2.2529,-0.771784563186698,395.4128,"0"
"6021",360,36000065,16,0,0.2097,1.59258910874092,272.3901,"1"
"6022",360,36000339,16,0,0.4229,1.79728514823372,455.1163,"0"
"6023",360,36000092,16,1,-0.4797,0.9306873750339,496.7523,"1"
"6024",360,36000161,16,0,-2.5142,-1.0226620262236,367.5163,"0"
"6025",360,36000132,16,1,0.4503,1.82359223773701,398.9407,"0"
"6026",360,36000369,16,1,0.1169,1.50349064502172,457.8023,"0"
"6027",360,36000137,16,1,-3.0066,-1.49542154707846,375.5086,"1"
"6028",360,36000296,16,1,0.0359,1.42572151181855,368.4738,"1"
"6029",360,36000367,16,1,-0.0898,1.30503533844029,355.9046,"1"
"6030",360,36000178,16,0,-1.6517,-0.194564774523139,295.3096,"0"
"6031",360,36000035,16,0,-1.0166,0.415202836555083,246.7542,"0"
"6032",360,36000369,16,1,-0.5002,0.911005063544208,485.2173,"0"
"6033",360,36000150,16,1,-1.151,0.286163682203149,335.68,"1"
"6034",360,36000050,16,0,-0.7127,0.706981102980325,266.1606,"0"
"6035",360,36000267,16,0,-0.7189,0.701028403895637,499.478,"1"
"6036",360,36000340,16,0,-1.5867,-0.13215744540948,502.1293,"1"
"6037",360,36000113,16,0,-2.1786,-0.700448185446009,343.1654,"0"
"6038",360,36000187,16,0,-1.6314,-0.175074485584565,376.6793,"0"
"6039",360,36000297,16,1,-3.8244,-2.28060175860384,334.1614,"0"
"6040",360,36000002,16,0,-1.4723,-0.0223205461694417,355.9748,"0"
"6041",360,36000032,16,1,-3.0147,-1.50319846039877,411.2233,"1"
"6042",360,36000272,16,0,-1.2074,0.232013322787606,424.2076,"1"
"6043",360,36000351,16,0,0.1352,1.52106070844911,527.4926,"1"
"6044",360,36000184,16,1,-3.8912,-2.34473729067756,292.2689,"1"
"6045",360,36000314,16,0,-1.6724,-0.21443910856395,402.2168,"0"
"6046",360,36000339,16,0,-1.0119,0.419715366506378,369.5424,"1"
"6047",360,36000330,16,0,-0.7156,0.7041967759891,459.5955,"0"
"6048",360,36000045,16,0,0.3042,1.68331976414462,488.0582,"0"
"6049",360,36000020,16,0,-0.6755,0.742697297488449,350.5184,"0"
"6050",360,36000042,16,1,0.1549,1.53997492973432,384.9845,"0"
"6051",360,36000388,16,1,-1.376,0.0701383121943321,368.7679,"1"
"6052",360,36000332,16,0,-0.8185,0.605401173438401,308.9995,"1"
"6053",360,36000096,16,0,-2.1377,-0.661179573742184,274.3978,"0"
"6054",360,36000336,16,0,-0.7341,0.686434690010597,262.0491,"1"
"6055",360,36000108,16,0,-0.8487,0.57640576821944,327.0972,"0"
"6056",360,36000119,16,0,-1.9844,-0.51399428830951,300.8468,"1"
"6057",360,36000028,16,0,0.3849,1.76080086352111,424.8161,"0"
"6058",360,36000355,16,0,-2.3839,-0.89755933416961,358.5876,"0"
"6059",360,36000284,16,0,0.2284,1.61054321727054,402.6906,"0"
"6060",360,36000056,16,1,-1.4351,0.0133956483386826,363.745,"0"
"6061",360,36000072,16,1,-0.3676,1.03831601493607,412.573,"0"
"6062",360,36000084,16,1,-2.9713,-1.46152956680596,375.2414,"0"
"6063",360,36000151,16,0,-0.6264,0.789838833788151,484.0753,"1"
"6064",360,36000159,16,0,0.5025,1.87371012357906,363.095,"0"
"6065",360,36000178,16,0,-1.8387,-0.374105859819356,382.9987,"1"
"6066",360,36000173,16,1,-1.565,-0.111322998613074,473.8816,"1"
"6067",360,36000155,16,0,-0.9078,0.51966310436379,298.6757,"0"
"6068",360,36000121,16,1,-0.9869,0.443718185396246,437.1542,"0"
"6069",360,36000105,16,1,-2.8232,-1.31933686770238,391.4745,"0"
"6070",360,36000294,16,1,-2.8523,-1.34727614889019,334.9673,"1"
"6071",360,36000074,16,1,-1.5439,-0.0910646194700254,341.3797,"0"
"6072",360,36000229,16,0,-0.5023,0.908988826757459,228.9667,"0"
"6073",360,36000372,16,1,-0.9088,0.518702991608196,320.6893,"0"
"6074",360,36000253,16,0,0.0672,1.45577304106866,430.3776,"0"
"6075",360,36000159,16,0,-1.4179,0.0299095877349123,420.3459,"0"
"6076",360,36000217,16,0,-1.2698,0.172102286838494,408.0209,"0"
"6077",360,36000257,16,0,-1.2324,0.208010503897737,405.0296,"1"
"6078",360,36000278,16,0,-2.2064,-0.727139320051542,310.9675,"0"
"6079",360,36000285,16,1,-1.9662,-0.496520236157685,366.8202,"0"
"6080",360,36000327,16,0,-2.6027,-1.10763200509374,387.796,"0"
"6081",360,36000124,16,1,-2.1875,-0.708993188970802,357.6303,"1"
"6082",360,36000345,16,0,-3.027,-1.51500784729259,370.8798,"0"
"6083",360,36000378,16,0,-2.4836,-0.993282575902405,274.9245,"0"
"6084",360,36000123,16,0,-2.9038,-1.39672195580332,414.8313,"1"
"6085",360,36000221,16,0,-2.817,-1.31338416861769,397.4925,"1"
"6086",360,36000264,16,1,-2.0584,-0.58504263222352,308.3095,"0"
"6087",360,36000231,16,0,-1.3352,0.109310912622598,346.0398,"0"
"6088",360,36000414,16,1,-2.4169,-0.929243055104236,455.1579,"1"
"6089",360,36000393,16,0,0.6506,2.01590282268264,495.5398,"1"
"6090",360,36000326,16,1,-1.3504,0.0947171987375573,356.6201,"0"
"6091",360,36000050,16,1,-0.8937,0.533200694217676,336.4502,"0"
"6092",360,36000287,16,1,-1.7317,-0.271373794970718,464.037,"0"
"6093",360,36000182,16,1,-0.7716,0.650430461675795,433.5035,"1"
"6094",360,36000008,16,0,-1.1793,0.258992491219818,421.801,"1"
"6095",360,36000177,16,0,-0.0555,1.33796720595719,424.428,"1"
"6096",360,36000349,16,0,-2.5017,-1.01066061677867,474.1242,"0"
"6097",360,36000344,16,1,-2.5761,-1.08209300579492,267.401,"0"
"6098",360,36000302,16,0,-2.0785,-0.604340898610975,339.5699,"0"
"6099",360,36000171,16,0,-3.1772,-1.65921678318292,382.65,"0"
"6100",360,36000066,16,0,-0.5219,0.890170616747802,443.3914,"0"
"6101",360,36000300,16,0,0.9468,2.3002882208898,424.2148,"0"
"6102",360,36000183,16,0,-1.4104,0.0371104334018727,379.3586,"0"
"6103",360,36000242,16,1,-1.8897,-0.423071610354687,351.9486,"0"
"6104",360,36000312,16,1,-1.2749,0.167205711784961,344.2575,"0"
"6105",360,36000117,16,1,-1.5865,-0.131965422858361,430.7824,"0"
"6106",360,36000295,16,1,-0.6524,0.764875902142688,443.1038,"1"
"6107",360,36000108,16,0,-2.8343,-1.32999411928948,308.7421,"1"
"6108",360,36000372,16,0,-1.9938,-0.5230193482121,366.1318,"1"
"6109",360,36000414,16,0,-2.0228,-0.550862618124348,415.9956,"1"
"6110",360,36000350,16,0,-1.8196,-0.355767706187496,420.3715,"1"
"6111",360,36000214,16,0,-2.2962,-0.81335744550395,392.6051,"0"
"6112",360,36000031,16,0,-1.9168,-0.449090666031305,320.699,"0"
"6113",360,36000212,16,1,-1.8952,-0.428352230510459,430.0756,"0"
"6114",360,36000383,16,0,-1.2069,0.232493379165403,362.2463,"1"
"6115",360,36000058,16,0,-1.7806,-0.318323308719301,421.5443,"1"
"6116",360,36000070,16,1,-1.1841,0.254383949992963,385.4871,"0"
"6117",360,36000353,16,0,-0.5918,0.823058735131729,412.4662,"0"
"6118",360,36000403,16,0,-2.631,-1.13480319607707,377.034,"1"
"6119",360,36000070,16,1,-0.9962,0.434789136769215,325.2808,"1"
"6120",360,36000011,16,0,-0.4552,0.954210137545971,397.2253,"0"
"6121",360,36000393,16,0,0.7249,2.08723920042333,483.2853,"1"
"6122",360,36000279,16,1,-1.0877,0.346938819632296,360.2944,"0"
"6123",360,36000017,16,0,-1.0279,0.404353562416862,402.5996,"1"
"6124",360,36000377,16,0,-3.3283,-1.80428982055328,317.3685,"1"
"6125",360,36000303,16,1,-3.8203,-2.2766652963059,366.3682,"0"
"6126",360,36000081,16,0,-2.0927,-0.61797449974042,350.3848,"0"
"6127",360,36000278,16,0,-3.2206,-1.70088567677573,454.339,"1"
"6128",360,36000076,16,0,-1.7016,-0.242474401027316,343.5381,"0"
"6129",360,36000249,16,1,-1.2659,0.175846726585313,388.9685,"1"
"6130",360,36000286,16,0,-2.0886,-0.614038037442482,368.0537,"0"
"6131",360,36000381,16,0,-0.4599,0.949697607594676,446.2048,"1"
"6132",360,36000329,16,1,-3.3986,-1.8717857472716,358.6344,"0"
"6133",360,36000282,16,1,-1.7472,-0.286255542682437,376.0344,"0"
"6134",360,36000095,16,1,-3.0153,-1.50377452805213,322.631,"1"
"6135",360,36000110,16,1,-1.92,-0.452163026849208,393.602,"0"
"6136",360,36000007,16,0,-2.8497,-1.34477985572564,349.6194,"0"
"6137",360,36000080,16,1,1.4677,2.8004109552791,452.1112,"0"
"6138",360,36000204,16,1,-2.0639,-0.590323252379292,395.0516,"0"
"6139",360,36000036,16,1,0.2111,1.59393326659875,370.3454,"1"
"6140",360,36000402,16,1,-1.8052,-0.341942082506932,308.2256,"0"
"6141",360,36000366,16,1,-0.7685,0.653406811218138,279.6341,"1"
"6142",360,36000108,16,0,-2.8577,-1.3524607577704,399.1614,"0"
"6143",360,36000234,16,1,-2.1947,-0.715906000811084,456.4832,"0"
"6144",360,36000325,16,0,-1.7801,-0.317843252341504,458.3358,"1"
"6145",360,36000094,16,0,-2.1529,-0.675773287627224,471.9372,"1"
"6146",360,36000267,16,0,-0.3,1.10321963721428,481.5622,"1"
"6147",360,36000240,16,0,-2.5008,-1.00979651529863,370.0647,"0"
"6148",360,36000403,16,1,-2.1893,-0.710721391930872,345.3279,"0"
"6149",360,36000109,16,1,-0.8843,0.542225754120267,415.4501,"1"
"6150",360,36000329,16,0,-3.3047,-1.78163115952125,391.4081,"1"
"6151",360,36000039,16,1,-1.892,-0.425279869692555,423.8948,"0"
"6152",360,36000081,16,0,-3.4755,-1.94561841817683,333.7639,"1"
"6153",360,36000073,16,0,-3.0448,-1.53209785434218,389.6124,"0"
"6154",360,36000077,16,1,-1.8371,-0.372569679410404,382.6379,"0"
"6155",360,36000334,16,0,-1.7916,-0.328884549030843,485.6616,"1"
"6156",360,36000249,16,0,-0.709,0.710533520176026,461.2112,"1"
"6157",360,36000031,16,1,-1.455,-0.0057105954976528,312.5142,"0"
"6158",360,36000384,16,1,-1.7926,-0.329844661786438,356.5863,"0"
"6159",360,36000375,16,1,-1.0677,0.366141074744191,310.1777,"0"
"6160",360,36000048,16,1,-1.8781,-0.411934302389789,492.0431,"1"
"6161",360,36000150,16,0,-1.1888,0.249871420041668,340.9333,"1"
"6162",360,36000131,16,1,-1.0386,0.394080355931998,438.4974,"1"
"6163",360,36000078,16,0,-2.0792,-0.605012977539891,350.9863,"0"
"6164",360,36000101,16,1,-2.3426,-0.857906677363547,380.3154,"0"
"6165",360,36000367,16,1,-0.4833,0.927230969113759,328.1156,"1"
"6166",360,36000350,16,1,-0.7069,0.712549756962774,298.0118,"0"
"6167",360,36000155,16,1,-2.2981,-0.81518165973958,323.8964,"0"
"6168",360,36000382,16,0,-1.5281,-0.0758948379316284,410.3063,"0"
"6169",360,36000110,16,0,-1.5035,-0.0522760641439978,391.9168,"1"
"6170",360,36000318,16,0,-1.1782,0.260048615250972,337.1753,"0"
"6171",360,36000319,16,1,-1.7052,-0.245930806947457,522.2496,"1"
"6172",360,36000194,16,0,0.4268,1.80102958798053,391.5396,"0"
"6173",360,36000327,16,1,-1.8278,-0.363640630783373,427.1293,"0"
"6174",360,36000028,16,0,-1.138,0.298645148025881,413.894,"0"
"6175",360,36000167,16,1,-1.2004,0.238734112076769,323.9076,"0"
"6176",360,36000334,16,0,-1.2041,0.235181694881068,402.8701,"0"
"6177",360,36000099,16,1,-0.3528,1.05252568371887,409.0333,"0"
"6178",360,36000218,16,1,-2.6973,-1.198458671773,330.0409,"0"
"6179",360,36000203,16,0,-2.2098,-0.730403703420565,351.6727,"0"
"6180",360,36000349,16,0,-1.3282,0.116031701911761,458.6709,"1"
"6181",360,36000272,16,1,0.4631,1.83588168100862,349.634,"0"
"6182",360,36000280,16,0,1.344,2.68164500741203,474.0581,"1"
"6183",360,36000025,16,0,0.0231,1.41343206854694,524.635,"1"
"6184",360,36000135,16,0,-1.68,-0.22173596550647,345.5124,"0"
"6185",360,36000325,16,0,-1.318,0.125824852018827,494.2362,"1"
"6186",360,36000181,16,0,-0.7885,0.634204556106243,456.6093,"1"
"6187",360,36000079,16,0,-2.8823,-1.37607953155803,326.2351,"0"
"6188",360,36000304,16,1,-2.866,-1.36042969364183,348.4298,"1"
"6189",360,36000022,16,0,-2.4518,-0.962750990274492,416.353,"1"
"6190",360,36000300,16,1,-0.3209,1.08315328062235,379.6818,"0"
"6191",360,36000179,16,1,-1.566,-0.112283111368669,341.3834,"0"
"6192",360,36000033,16,1,-1.4044,0.0428711099354412,375.7952,"0"
"6193",360,36000189,16,0,-1.3899,0.0567927448915651,361.3892,"0"
"6194",360,36000249,16,0,-1.0514,0.381790912660386,413.7306,"0"
"6195",360,36000373,16,1,-1.2781,0.164133350967057,474.5046,"1"
"6196",360,36000092,16,0,-1.4324,0.0159879527787886,349.7745,"0"
"6197",360,36000301,16,0,-2.131,-0.654746818279699,379.0622,"1"
"6198",360,36000395,16,1,-2.0542,-0.581010158650022,387.6569,"0"
"6199",360,36000368,16,0,-2.8641,-1.35860547940621,372.5546,"1"
"6200",360,36000225,16,0,-0.6151,0.800688107926372,406.3471,"0"
"6201",360,36000268,16,1,-3.1592,-1.64193475358221,370.5096,"0"
"6202",360,36000115,16,0,0.1515,1.5367105463653,489.3028,"1"
"6203",360,36000206,16,1,-1.9633,-0.493735909166461,341.8874,"1"
"6204",360,36000166,16,1,-2.4688,-0.979072907119603,340.5011,"0"
"6205",360,36000409,16,0,-2.652,-1.15496556394456,335.3243,"1"
"6206",360,36000359,16,1,-0.2444,1.15660190642534,425.2297,"1"
"6207",360,36000220,16,0,-2.2435,-0.762759503284108,407.4258,"1"
"6208",360,36000393,16,0,0.3539,1.73103736809768,462.5098,"1"
"6209",360,36000176,16,0,-0.4512,0.95805058856835,485.3104,"1"
"6210",360,36000200,16,1,-1.7351,-0.27463817833974,452.5955,"0"
"6211",360,36000375,16,1,-1.1189,0.31698330165774,288.4611,"0"
"6212",360,36000317,16,1,-1.7882,-0.325620165661821,375.0534,"1"
"6213",360,36000181,16,0,1.331,2.6691635415893,480.4139,"0"
"6214",360,36000153,16,0,-2.663,-1.1655268042561,365.9552,"0"
"6215",360,36000264,16,1,-1.5889,-0.134269693471789,350.7687,"0"
"6216",360,36000248,16,0,-2.4821,-0.991842406769013,380.1955,"0"
"6217",360,36000171,16,1,-0.6707,0.747305838715304,448.4375,"1"
"6218",360,36000279,16,1,0.2225,1.60487855201253,448.8639,"1"
"6219",360,36000302,16,1,-1.9479,-0.478950172730301,324.7974,"0"
"6220",360,36000054,16,1,-2.8233,-1.31943287897794,370.8713,"1"
"6221",360,36000274,16,0,-2.7715,-1.26969903823813,309.0478,"0"
"6222",360,36000387,16,0,-1.7354,-0.274926212166419,379.8258,"0"
"6223",360,36000225,16,1,-0.3135,1.09025811501375,455.6773,"1"
"6224",360,36000164,16,0,-0.8228,0.601272688589344,301.6881,"0"
"6225",360,36000026,16,1,-0.6451,0.77188472525853,345.703,"1"
"6226",360,36000150,16,1,-1.147,0.290004133225528,329.1754,"0"
"6227",360,36000229,16,1,-3.2386,-1.71816770637644,411.594,"0"
"6228",360,36000004,16,1,-1.0643,0.369405458113213,350.1778,"0"
"6229",360,36000152,16,0,-1.3424,0.102398100782315,429.6874,"1"
"6230",360,36000165,16,0,-2.4537,-0.964575204510122,326.5695,"0"
"6231",360,36000285,16,0,-2.9319,-1.42370112423553,457.9663,"1"
"6232",360,36000222,16,1,-2.1878,-0.709281222797481,327.9851,"0"
"6233",360,36000265,16,1,-3.0089,-1.49762980641632,348.5184,"1"
"6234",360,36000153,16,1,-1.9114,-0.443906057151093,355.0651,"0"
"6235",360,36000288,16,0,-3.0501,-1.53718645194683,350.3645,"1"
"6236",360,36000024,16,1,-2.6875,-1.18904956676817,313.065,"1"
"6237",360,36000176,16,0,-1.5709,-0.116987663871083,236.0973,"0"
"6238",360,36000212,16,0,-2.2117,-0.732227917656195,442.5471,"1"
"6239",360,36000035,16,0,-1.7364,-0.275886324922013,420.4858,"1"
"6240",360,36000265,16,0,-1.749,-0.287983745642507,398.0909,"1"
"6241",360,36000095,16,0,-2.3177,-0.833999869749237,358.9789,"0"
"6242",360,36000040,16,0,-2.0436,-0.570832963440718,342.7395,"0"
"6243",360,36000339,16,1,-0.4059,1.00154369639679,421.2857,"1"
"6244",360,36000158,16,1,-2.059,-0.585618699876878,339.2049,"0"
"6245",360,36000326,16,1,-1.7342,-0.273774076859705,359.7398,"0"
"6246",360,36000019,16,0,-1.6922,-0.233449341124726,377.9475,"1"
"6247",360,36000342,16,1,-0.6721,0.745961680857471,381.7033,"1"
"6248",360,36000375,16,1,-2.4893,-0.998755218609295,300.6167,"0"
"6249",360,36000331,16,1,-2.0554,-0.582162293956736,417.6674,"1"
"6250",360,36000350,16,1,-2.1091,-0.633720348932174,335.1459,"0"
"6251",360,36000215,16,0,-1.943,-0.474245620227887,347.2997,"0"
"6252",360,36000191,16,1,-0.5322,0.880281455365176,271.3956,"1"
"6253",360,36000012,16,1,-1.0007,0.430468629369039,467.6843,"1"
"6254",360,36000261,16,1,-3.099,-1.58413596569541,277.7241,"0"
"6255",360,36000136,16,0,-1.6185,-0.162689031037393,315.0522,"0"
"6256",360,36000142,16,0,-1.3374,0.107198664560289,423.4811,"0"
"6257",360,36000100,16,1,-1.4984,-0.0473794890904645,303.8834,"0"
"6258",360,36000374,16,0,-1.5015,-0.0503558386328083,286.8678,"1"
"6259",360,36000096,16,1,-0.5314,0.881049545569652,374.0058,"0"
"6260",360,36000211,16,0,-2.3294,-0.845233188989696,386.2574,"1"
"6261",360,36000323,16,1,-2.5169,-1.02525433066371,322.5575,"0"
"6262",360,36000187,16,1,0.7262,2.0884873470056,419.0994,"0"
"6263",360,36000319,16,1,0.649,2.01436664227369,379.9562,"0"
"6264",360,36000008,16,1,-1.4783,-0.0280812227030102,507.1485,"0"
"6265",360,36000368,16,1,-1.2153,0.224428432018407,362.6872,"0"
"6266",360,36000284,16,1,-0.6015,0.81374564140246,409.797,"0"
"6267",360,36000265,16,0,-1.3667,0.079067360821363,418.1566,"0"
"6268",360,36000200,16,1,-1.1732,0.264849179028946,386.7956,"0"
"6269",360,36000185,16,1,0.6577,2.02271962324736,436.9297,"1"
"6270",360,36000037,16,1,-2.5342,-1.0418642813355,325.9346,"0"
"6271",360,36000198,16,1,-1.2222,0.217803654004803,387.5103,"1"
"6272",360,36000396,16,0,-1.2603,0.181223358016644,338.969,"0"
"6273",360,36000253,16,0,0.5735,1.94187812922628,476.9202,"1"
"6274",360,36000074,16,0,-3.5688,-2.03519693827382,337.5329,"0"
"6275",360,36000391,16,0,-2.0638,-0.590227241103732,474.6855,"0"
"6276",360,36000074,16,0,-1.7519,-0.290768072633732,380.4055,"0"
"6277",360,36000290,16,1,-1.0463,0.386687487713919,411.7291,"0"
"6278",360,36000223,16,0,0.8967,2.2521865718345,490.9929,"0"
"6279",360,36000404,7,1,-3.6463,-2.10960567683241,295.3625,"0"
"6280",360,36000276,16,1,-2.3969,-0.910040799992341,351.4628,"0"
"6281",360,36000315,16,0,-1.0483,0.384767262202729,367.0959,"0"
"6282",360,36000356,16,1,-0.6801,0.738280778812713,320.4301,"1"
"6283",360,36000118,16,0,-3.0353,-1.52297678316402,344.7841,"0"
"6284",360,36000253,16,1,-1.0577,0.375742202300139,483.1849,"1"
"6285",360,36000060,16,0,-1.743,-0.282223069108939,359.6805,"1"
"6286",360,36000153,16,0,-1.9098,-0.442369876742142,363.2681,"1"
"6287",360,36000140,16,1,-0.8433,0.581590377099651,504.2953,"1"
"6288",360,36000091,16,1,-1.5317,-0.0793512438517696,316.252,"1"
"6289",360,36000187,16,0,0.7046,2.06774891148475,331.282,"1"
"6290",360,36000241,16,1,-0.5485,0.864631617448982,396.4891,"1"
"6291",360,36000390,16,0,0.4351,1.80899852385197,325.4016,"0"
"6292",360,36000351,16,0,0.8321,2.19016328782308,537.3815,"0"
"6293",360,36000411,16,0,-2.2813,-0.799051765445589,364.1484,"0"
"6294",360,36000381,16,0,-1.8621,-0.396572498300273,486.867,"0"
"6295",360,36000213,16,0,-1.7855,-0.323027861221715,369.2554,"0"
"6296",360,36000330,16,0,-1.369,0.0768591014834952,269.6344,"0"
"6297",360,36000082,16,0,0.272,1.65240413341447,470.0102,"0"
"6298",360,36000353,16,0,-1.5353,-0.0828076497719107,385.2888,"0"
"6299",360,36000251,16,1,-1.3124,0.131201483450158,354.3866,"0"
"6300",360,36000288,16,1,-2.697,-1.19817063794632,338.7824,"0"
"6301",360,36000191,16,0,-0.6917,0.727143470847814,287.4035,"0"
"6302",360,36000263,16,0,-1.8245,-0.36047225868991,443.8252,"0"
"6303",360,36000209,16,0,-1.4625,-0.0129114411646132,437.152,"1"
"6304",360,36000136,16,0,0.6003,1.96760915107622,460.3078,"1"
"6305",360,36000174,16,0,-0.4061,1.00135167384567,547.552,"1"
"6306",360,36000356,16,1,-1.0485,0.38457523965161,310.8961,"0"
"6307",360,36000176,16,1,-1.1895,0.249199341112751,283.8389,"0"
"6308",360,36000147,16,0,-1.5887,-0.13407767092067,354.1907,"0"
"6309",360,36000218,16,0,-1.9009,-0.433824873217349,268.1891,"0"
"6310",360,36000167,16,1,-2.2423,-0.761607367977394,356.5059,"0"
"6311",360,36000192,16,0,-2.4521,-0.963039024101171,383.6728,"1"
"6312",360,36000383,16,1,-0.932,0.496428375678398,423.2216,"0"
"6313",360,36000342,16,1,0.5289,1.89905710032676,430.8546,"0"
"6314",360,36000035,16,0,-3.102,-1.58701630396219,295.5128,"1"
"6315",360,36000036,16,0,-0.24,1.16082640254996,478.752,"0"
"6316",360,36000307,16,0,-3.2572,-1.7360258036305,356.6583,"0"
"6317",360,36000366,15,1,-1.2309,0.209450673031129,267.3595,"1"
"6318",360,36000030,16,1,-1.8239,-0.359896191036553,328.6225,"0"
"6319",360,36000381,16,1,-1.0511,0.382078946487064,449.011,"1"
"6320",360,36000261,16,0,-3.0848,-1.57050236456596,245.9567,"1"
"6321",360,36000371,16,0,-2.2379,-0.757382871852777,387.8003,"0"
"6322",360,36000261,16,1,-1.3305,0.113823442573893,319.0545,"1"
"6323",360,36000319,16,0,0.9441,2.29769591644969,522.0153,"1"
"6324",360,36000362,16,1,0.7434,2.10500128640183,392.0218,"1"
"6325",360,36000300,16,0,0.6812,2.04528227300384,409.1631,"1"
"6326",360,36000107,16,1,-2.1088,-0.633432315105496,285.872,"1"
"6327",360,36000210,16,1,-0.8493,0.575829700566083,311.6069,"1"
"6328",360,36000134,16,0,-1.5542,-0.100953780852651,386.2836,"1"
"6329",360,36000366,16,1,-1.4498,-0.00071800916856004,383.3935,"0"
"6330",360,36000012,16,0,-0.3305,1.07393619816864,500.7831,"1"
"6331",360,36000410,16,1,-1.2385,0.202153816088609,393.5294,"0"
"6332",360,36000214,16,1,-2.4521,-0.963039024101171,425.4162,"0"
"6333",360,36000148,16,1,-3.0153,-1.50377452805213,385.0965,"0"
"6334",360,36000143,16,0,-1.447,0.00197030654710515,315.3516,"0"
"6335",360,36000395,16,0,-1.1673,0.270513844286955,345.4325,"1"
"6336",360,36000106,17,1,-1.8539,-0.388699573704396,308.2373,"0"
"6337",360,36000072,16,0,-1.133,0.303445711803854,429.165,"0"
"6338",360,36000225,16,1,-0.3273,1.07700855898654,456.3459,"0"
"6339",360,36000335,16,1,-2.6857,-1.1873213638081,403.599,"1"
"6340",360,36000109,16,0,-1.0429,0.389951871082941,324.739,"0"
"6341",360,36000208,16,0,-2.9076,-1.40037038427458,404.3965,"0"
"6342",360,36000351,16,1,0.9748,2.32717137804645,566.283,"0"
"6343",360,36000183,16,0,-2.0817,-0.607413259428878,331.1781,"0"
"6344",360,36000208,16,1,-2.7704,-1.26864291420698,443.4499,"1"
"6345",360,36000404,16,0,-2.0525,-0.579377966965512,331.6767,"0"
"6346",360,36000414,16,0,-1.4723,-0.0223205461694417,410.0324,"1"
"6347",360,36000045,16,0,-1.8919,-0.425183858416996,339.3552,"0"
"6348",360,36000288,16,1,-1.4098,0.0376865010552297,319.6549,"1"
"6349",360,36000225,16,1,0.367,1.74361484519597,466.0253,"1"
"6350",360,36000116,16,0,-2.7456,-1.24483211786823,323.0368,"0"
"6351",360,36000024,16,1,-0.9265,0.501708995834169,393.6698,"0"
"6352",360,36000153,16,0,-0.7363,0.684322441948289,385.9776,"0"
"6353",360,36000387,16,0,-2.2404,-0.759783153741764,397.0298,"0"
"6354",360,36000171,16,1,-0.9749,0.455239538463383,371.1339,"1"
"6355",360,36000011,16,0,-1.0768,0.357404048668279,444.6934,"0"
"6356",360,36000033,16,1,0.3603,1.73718208973348,311.337,"0"
"6357",360,36000095,16,0,-2.8152,-1.31165596565762,347.2593,"0"
"6358",360,36000325,16,1,0.0023,1.39346172323057,426.1237,"1"
"6359",360,36000307,16,1,-3.002,-1.49100502840272,326.9073,"0"
"6360",360,36000381,16,1,-1.8372,-0.372665690685963,401.5888,"0"
"6361",360,36000148,16,1,-2.0553,-0.582066282681177,355.364,"0"
"6362",360,36000350,16,1,-2.5286,-1.03648764990417,365.1728,"0"
"6363",360,36000269,16,1,-1.5201,-0.0682139358868705,476.9875,"1"
"6364",360,36000178,16,1,-1.561,-0.107482547590695,348.9179,"0"
"6365",360,36000073,16,0,-1.6377,-0.181123195944812,352.6004,"1"
"6366",360,36000004,16,0,-0.7974,0.62565955258145,360.7565,"0"
"6367",360,36000217,16,0,-1.8022,-0.339061744240148,361.001,"0"
"6368",360,36000274,16,0,-2.4087,-0.921370130508359,314.9755,"1"
"6369",360,36000370,16,0,-1.7829,-0.320531568057169,299.4629,"0"
"6370",360,36000396,16,1,0.2688,1.64933177259657,348.9895,"1"
"6371",360,36000128,16,1,-1.9536,-0.484422815437192,373.5769,"0"
"6372",360,36000344,16,0,-2.478,-0.987905944471075,259.5595,"0"
"6373",360,36000017,16,0,-0.2852,1.11742930599708,403.4989,"0"
"6374",360,36000046,16,0,-2.1658,-0.688158742174396,383.0436,"1"
"6375",360,36000051,16,1,-2.308,-0.824686776019968,312.5676,"0"
"6376",360,36000002,16,0,-1.5928,-0.138014133218608,291.5832,"0"
"6377",360,36000264,16,0,-2.3166,-0.832943745718083,370.0452,"1"
"6378",360,36000240,16,0,-1.5487,-0.0956731606968801,402.8328,"1"
"6379",360,36000028,16,0,-0.2484,1.15276145540296,403.8156,"1"
"6380",360,36000203,16,1,-1.5803,-0.126012723773674,372.6794,"0"
"6381",360,36000149,16,0,-2.0588,-0.585426677325759,363.9499,"0"
"6382",360,36000379,16,1,-3.9605,-2.41127310464028,394.1919,"0"
"6383",360,36000069,16,0,-1.0783,0.355963879534887,450.2573,"0"
"6384",360,36000099,16,0,-1.2652,0.176518805514229,400.0632,"1"
"6385",360,36000281,16,0,-0.9844,0.446118467285233,360.2908,"0"
"6386",360,36000313,16,0,-1.5985,-0.143486775925498,366.9351,"1"
"6387",360,36000113,16,0,-1.8938,-0.427008072652626,404.016,"0"
"6388",360,36000354,16,0,-1.1968,0.24219051799691,400.1688,"0"
"6389",360,36000377,16,1,-1.0665,0.367293210050905,373.8975,"0"
"6390",360,36000128,16,0,-1.3015,0.14166671248614,346.5114,"0"
"6391",360,36000025,16,0,-0.8658,0.55998784009877,353.4022,"0"
"6392",360,36000017,16,0,-0.5968,0.818258171353756,436.3567,"0"
"6393",360,36000292,16,0,-1.603,-0.147807283325675,535.1071,"0"
"6394",360,36000249,16,0,-1.1292,0.307094140275115,346.9687,"0"
"6395",360,36000146,16,0,-1.3352,0.109310912622598,319.0214,"1"
"6396",360,36000255,16,0,-1.7313,-0.27098974986848,455.7328,"0"
"6397",360,36000249,16,1,-0.4002,1.00701633910368,433.8797,"0"
"6398",360,36000295,16,0,-1.957,-0.487687198806214,419.5363,"0"
"6399",360,36000196,16,1,-3.2215,-1.70174977825577,288.9866,"0"
"6400",360,36000329,16,1,-2.6039,-1.10878414040045,410.6534,"1"
"6401",360,36000414,16,1,-2.4389,-0.95036553572732,407.1323,"0"
"6402",360,36000095,1,0,-2.9374,-1.4289817443913,311.039,"1"
"6403",360,36000226,16,0,-0.935,0.493548037411614,536.956,"1"
"6404",360,36000234,3,1,-1.3024,0.140802611006105,326.6572,"0"
"6405",360,36000060,16,0,-3.6693,-2.13168827021109,329.0593,"0"
"6406",360,36000325,16,1,-1.6345,-0.178050835126909,341.7656,"1"
"6407",360,36000223,16,0,-0.1363,1.26039009530513,512.1458,"1"
"6408",360,36000173,16,0,-1.8773,-0.411166212185313,407.403,"1"
"6409",360,36000386,16,0,-1.5931,-0.138302167045287,360.7236,"0"
"6410",360,36000269,16,1,-1.7717,-0.309778305194508,455.5618,"1"
"6411",360,36000182,16,1,-0.6894,0.729351730185682,353.4096,"1"
"6412",360,36000223,16,1,0.9187,2.27330905245759,539.4833,"1"
"6413",360,36000122,16,1,-1.0537,0.379582653322518,402.022,"0"
"6414",360,36000090,16,0,-1.4478,0.00120221634262944,349.4735,"1"
"6415",360,36000131,17,1,-0.5369,0.875768925413881,262.7142,"1"
"6416",360,36000233,16,0,-0.5222,0.889882582921123,382.2803,"0"
"6417",360,36000161,16,0,0.108,1.49494564149693,335.1406,"0"
"6418",360,36000145,16,0,-1.1805,0.257840355913104,340.9852,"0"
"6419",360,36000284,16,1,-2.038,-0.565456332009388,353.0189,"0"
"6420",360,36000347,16,0,-2.4471,-0.958238460323197,315.0367,"1"
"6421",360,36000400,16,0,-1.91,-0.442561899293261,361.0699,"0"
"6422",360,36000177,16,0,-0.1001,1.29514617705766,441.0338,"1"
"6423",360,36000151,16,0,-0.9581,0.471369432757375,487.0514,"1"
"6424",360,36000191,16,1,-0.6631,0.754602695657824,323.2639,"0"
"6425",360,36000163,16,0,-1.6719,-0.213959052186152,358.2749,"0"
"6426",360,36000292,16,1,0.2551,1.63617822784492,452.1946,"0"
"6427",360,36000231,16,0,-0.836,0.588599200215493,436.6029,"0"
"6428",360,36000087,16,1,-1.6628,-0.20522202611024,404.1163,"0"
"6429",360,36000214,16,0,-1.2675,0.174310546176361,433.9691,"1"
"6430",360,36000301,16,1,0.0465,1.43589870702785,391.3221,"1"
"6431",360,36000271,16,1,-0.8789,0.547410363000479,419.8741,"0"
"6432",360,36000115,16,0,-0.2609,1.14076004595803,457.5416,"1"
"6433",360,36000019,16,0,-1.9627,-0.493159841513104,391.7616,"0"
"6434",360,36000116,16,0,-3.0437,-1.53104173031102,420.9301,"0"
"6435",360,36000037,16,0,-2.6836,-1.18530512702135,414.4457,"1"
"6436",360,36000263,16,0,-2.2454,-0.764583717519738,434.1584,"1"
"6437",360,36000364,16,0,-1.6133,-0.1576964447083,336.0901,"0"
"6438",360,36000025,16,0,-1.8266,-0.362488495476659,421.3593,"1"
"6439",360,36000123,16,0,-2.5177,-1.02602242086819,437.9239,"1"
"6440",360,36000200,16,1,-1.769,-0.307186000754402,407.8793,"0"
"6441",360,36000071,16,0,-3.3381,-1.81369892555811,259.0617,"1"
"6442",360,36000169,16,0,-2.9427,-1.43407034199595,347.2805,"0"
"6443",360,36000386,16,1,-0.1508,1.24646846034901,464.6919,"1"
"6444",360,36000294,16,0,-2.9451,-1.43637461260938,364.5614,"0"
"6445",360,36000150,16,0,-1.9659,-0.496232202331007,409.2156,"1"
"6446",360,36000340,16,0,-1.6919,-0.233161307298047,490.7269,"1"
"6447",360,36000282,16,1,-1.4351,0.0133956483386826,299.0768,"0"
"6448",360,36000299,16,0,-0.7576,0.663872040254121,371.0483,"0"
"6449",360,36000155,16,1,-0.8781,0.548178453204955,322.4354,"0"
"6450",360,36000115,16,1,-2.7194,-1.21967716367165,395.3107,"1"
"6451",360,36000035,16,0,-3.3121,-1.78873599391265,268.3324,"0"
"6452",360,36000393,16,1,0.2835,1.66344543010381,439.5624,"0"
"6453",360,36000341,16,0,0.7177,2.08032638858305,389.0308,"0"
"6454",360,36000408,16,0,-3.1548,-1.6377102574576,308.9729,"0"
"6455",360,36000095,16,0,-2.6009,-1.10590380213367,406.7711,"0"
"6456",360,36000092,16,1,0.3323,1.71029893257683,331.4579,"0"
"6457",360,36000407,16,1,-0.8313,0.593111730166788,403.2531,"1"
"6458",360,36000183,16,0,-1.4416,0.00715491542731683,295.9696,"0"
"6459",360,36000315,16,1,0.2218,1.60420647308361,393.0808,"0"
"6460",360,36000372,16,1,-2.0938,-0.619030623771574,390.9674,"0"
"6461",360,36000024,16,1,-3.9314,-2.38333382345247,354.0336,"1"
"6462",360,36000167,16,1,-2.003,-0.531852385563572,475.4643,"1"
"6463",360,36000093,16,0,-2.7242,-1.2242857048985,397.2044,"1"
"6464",360,36000193,16,0,-3.2294,-1.70933466902496,299.594,"0"
"6465",360,36000225,16,1,-0.1795,1.21891322426344,461.2386,"1"
"6466",360,36000187,16,0,-2.5159,-1.02429421790812,372.895,"0"
"6467",360,36000028,16,0,-1.4316,0.0167560429832643,337.1391,"0"
"6468",360,36000010,16,1,-1.3182,0.125632829467708,399.1379,"0"
"6469",360,36000223,16,0,0.681,2.04509025045272,404.3917,"0"
"6470",360,36000353,16,0,-2.2275,-0.747397699194592,400.5685,"1"
"6471",360,36000114,16,0,-2.2847,-0.802316148814611,405.1173,"0"
"6472",360,36000347,16,1,-1.7896,-0.326964323519654,363.016,"0"
"6473",360,36000114,16,0,-2.5581,-1.06481097619421,322.5604,"0"
"6474",360,36000364,16,0,-2.7044,-1.20527547233772,355.2134,"1"
"6475",360,36000217,16,0,-2.4355,-0.947101152358298,308.3362,"0"
"6476",360,36000187,16,0,-1.2881,0.15453222341111,464.7226,"1"
"6477",360,36000267,16,0,-1.7383,-0.277710539157643,461.9762,"1"
"6478",360,36000093,16,1,-1.1075,0.327928587071521,315.331,"0"
"6479",360,36000142,16,1,-1.2147,0.225004499671764,361.6904,"0"
"6480",360,36000185,16,1,-1.6566,-0.199269327025553,324.5959,"1"
"6481",360,36000102,16,0,-1.4577,-0.00830289993775853,430.2367,"0"
"6482",360,36000151,16,0,-2.6059,-1.11070436591164,365.2142,"0"
"6483",360,36000145,16,0,-1.3966,0.0503599894290802,379.3877,"0"
"6484",360,36000195,16,0,0.8374,2.19525188542774,446.7649,"1"
"6485",360,36000383,16,0,-1.1881,0.250543498970584,358.436,"1"
"6486",360,36000116,16,0,-1.8592,-0.393788171309048,428.103,"1"
"6487",360,36000188,16,1,-3.4599,-1.93064065918955,434.0447,"1"
"6488",360,36000340,16,1,-2.1299,-0.653690694248545,511.3885,"0"
"6489",360,36000195,16,0,0.0729,1.46124568377555,349.5409,"0"
"6490",360,36000268,16,1,-1.5163,-0.0645655074156105,362.4462,"0"
"6491",360,36000215,16,1,-0.8807,0.545682160040408,339.3174,"0"
"6492",360,36000107,16,0,-2.1727,-0.694783520188,300.2142,"0"
"6493",360,36000153,16,1,-2.9829,-1.47266687477086,363.265,"0"
"6494",360,36000205,16,0,0.5508,1.92008356967428,457.0797,"1"
"6495",360,36000018,16,0,-2.3789,-0.892758770391636,288.9899,"1"
"6496",360,36000169,16,1,-0.7894,0.633340454626208,348.8985,"1"
"6497",360,36000213,16,1,-0.9146,0.513134337625746,415.559,"1"
"6498",360,36000161,16,0,-0.9955,0.435461215698132,361.5712,"0"
"6499",360,36000239,16,1,-2.9913,-1.48073182191786,341.5363,"0"
"6500",360,36000024,16,1,-1.3207,0.123232547578721,341.6064,"0"
"6501",360,36000281,16,1,-0.7652,0.656575183311601,360.1252,"1"
"6502",360,36000149,16,0,-1.9292,-0.46099606420068,335.3663,"0"
"6503",360,36000034,16,1,-1.395,0.0518961698380318,292.5748,"0"
"6504",360,36000148,16,0,0.3766,1.75283192764968,354.068,"0"
"6505",360,36000103,16,0,-3.0345,-1.52220869295955,304.7109,"0"
"6506",360,36000109,16,1,0.3132,1.69196077894497,486.8504,"0"
"6507",360,36000293,16,0,-1.9523,-0.483174668854918,312.7825,"0"
"6508",360,36000295,16,0,-0.6549,0.762475620253701,444.9281,"0"
"6509",360,36000137,16,0,-2.7589,-1.25760161751764,378.9485,"1"
"6510",360,36000329,16,1,-3.0118,-1.50041413340755,263.8525,"0"
"6511",360,36000203,16,1,-1.7768,-0.314674880248041,374.294,"0"
"6512",360,36000105,16,0,-3.2214,-1.70165376698021,403.9541,"1"
"6513",360,36000136,16,1,-0.2929,1.110036437779,448.5408,"1"
"6514",360,36000080,16,0,-1.0995,0.335609489116278,299.535,"1"
"6515",360,36000209,16,0,0.8894,2.24517774871866,409.5616,"1"
"6516",360,36000051,16,0,-2.8324,-1.32816990505385,319.5187,"0"
"6517",360,36000263,16,0,-1.8861,-0.419615204434546,422.2856,"1"
"6518",360,36000374,16,0,-1.9663,-0.496616247433245,269.5787,"0"
"6519",360,36000234,16,0,-3.1604,-1.64308688888893,348.2736,"0"
"6520",360,36000101,16,1,-2.0136,-0.542029580772876,355.4997,"1"
"6521",360,36000209,16,0,-1.1418,0.294996719554621,399.2455,"0"
"6522",360,36000295,16,0,0.2556,1.63665828422271,506.2904,"1"
"6523",360,36000214,16,1,-0.7114,0.708229249562598,374.821,"1"
"6524",360,36000188,16,1,-2.0204,-0.54855834751092,323.0193,"0"
"6525",360,36000180,16,0,-3.1963,-1.67755493681478,334.9102,"0"
"6526",360,36000177,16,1,-0.9152,0.51255826997239,332.4068,"1"
"6527",360,36000102,16,1,1.076,2.42433478891264,467.9282,"1"
"6528",360,36000111,16,1,-0.2926,1.11032447160568,504.6914,"1"
"6529",360,36000261,16,0,-2.7593,-1.25798566261988,289.0226,"0"
"6530",360,36000124,16,1,-1.8287,-0.364504732263408,383.647,"0"
"6531",360,36000235,16,0,-0.9918,0.439013632893832,326.4148,"0"
"6532",360,36000193,16,1,-2.1559,-0.678653625894008,364.6314,"0"
"6533",360,36000170,16,0,-2.6083,-1.11300863652507,415.1244,"0"
"6534",360,36000391,16,1,-0.7128,0.706885091704765,442.2252,"1"
"6535",360,36000292,16,0,-0.2708,1.13125492967764,422.2112,"0"
"6536",360,36000312,16,0,-2.5893,-1.09476649416877,355.852,"0"
"6537",360,36000277,16,0,0.1243,1.51059547941312,303.1688,"0"
"6538",360,36000255,16,1,-1.9853,-0.514858389789545,415.6309,"1"
"6539",360,36000158,16,1,-2.0133,-0.541741546946198,299.0747,"1"
"6540",360,36000012,16,0,-0.4013,1.00596021507253,544.8617,"1"
"6541",360,36000382,16,1,-0.7164,0.703428685784624,430.4918,"0"
"6542",360,36000351,16,0,0.6866,2.05046688188405,509.7167,"0"
"6543",360,36000245,16,1,-1.1014,0.333785274880648,431.6402,"0"
"6544",360,36000204,16,0,-2.9601,-1.4507763039433,300.5943,"1"
"6545",360,36000258,16,0,-2.0985,-0.62354315372287,323.9178,"0"
"6546",360,36000120,16,0,-0.9459,0.483082808375631,433.4923,"1"
"6547",360,36000059,16,1,-2.362,-0.876532864822085,404.3782,"1"
"6548",360,36000227,16,1,1.2689,2.60954053946687,578.5828,"1"
"6549",360,36000393,16,0,-0.1731,1.22505794589925,473.6121,"1"
"6550",360,36000189,16,1,-0.6504,0.766796127653877,379.2792,"0"
"6551",360,36000334,16,0,-3.3702,-1.8445185450127,464.2446,"1"
"6552",360,36000138,16,1,-1.8261,-0.362008439098862,241.8759,"0"
"6553",360,36000313,16,1,-1.829,-0.364792766090087,342.2351,"0"
"6554",360,36000329,16,1,-2.6904,-1.1918338937594,352.5737,"0"
"6555",360,36000203,16,1,-0.9627,0.466952914081639,355.0714,"0"
"6556",360,36000002,16,1,-1.2487,0.192360665981543,302.7111,"0"
"6557",360,36000279,16,0,-0.9195,0.508429785123332,432.9866,"0"
"6558",360,36000177,16,1,-0.6083,0.807216874664416,406.0284,"0"
"6559",360,36000281,16,0,-0.8084,0.615098312269908,225.2836,"0"
"6560",360,36000184,16,1,-2.1316,-0.655322885933056,262.3207,"0"
"6561",360,36000302,16,1,-0.979,0.451303076165445,355.6643,"1"
"6562",360,36000026,16,0,-0.903,0.524271645590645,353.9425,"0"
"6563",360,36000239,16,1,-3.2374,-1.71701557106972,268.4357,"0"
"6564",360,36000349,16,0,-1.4663,-0.0165598696358733,429.2206,"0"
"6565",360,36000399,16,0,-3.2379,-1.71749562744752,389.5681,"1"
"6566",360,36000117,16,1,0.2782,1.65835683249916,417.631,"0"
"6567",360,36000025,16,0,-0.5102,0.90140393598826,554.4155,"1"
"6568",360,36000122,16,1,-1.3444,0.100477875271126,370.0726,"0"
"6569",360,36000120,16,0,-0.1077,1.28784932011514,427.1124,"1"
"6570",360,36000292,16,1,0.3182,1.69676134272295,467.3837,"1"
"6571",360,36000274,16,1,-1.6294,-0.173154260073376,370.7038,"0"
"6572",360,36000124,8,1,-1.1168,0.318999538444489,292.1861,"1"
"6573",360,36000148,16,0,-2.6116,-1.11617700861853,454.9639,"1"
"6574",360,36000107,16,0,-3.1954,-1.67669083533474,368.6605,"0"
"6575",360,36000326,16,0,-2.7573,-1.25606543710869,381.4227,"0"
"6576",360,36000267,16,0,-1.14,0.296724922514691,437.9529,"0"
"6577",360,36000052,16,1,-1.1529,0.284339467967519,346.6264,"0"
"6578",360,36000251,16,0,-1.5186,-0.0667737667534783,328.2034,"0"
"6579",360,36000223,16,0,0.645,2.01052619125131,542.3461,"0"
"6580",360,36000222,16,1,-1.3371,0.107486698386968,406.9042,"0"
"6581",360,36000069,16,1,-0.3383,1.066447318675,413.1324,"0"
"6582",360,36000063,16,0,-0.8769,0.549330588511668,324.6723,"0"
"6583",360,36000242,16,1,-1.4945,-0.043635049343645,346.7579,"0"
"6584",360,36000325,16,0,-1.181,0.257360299535307,363.2359,"0"
"6585",360,36000145,16,0,-2.0482,-0.575249482116454,380.8085,"0"
"6586",360,36000033,16,1,-0.1771,1.22121749487687,412.4592,"0"
"6587",360,36000294,16,1,-3.1113,-1.59594535258923,350.7298,"0"
"6588",360,36000386,16,0,-0.5543,0.859062963466532,399.2195,"0"
"6589",360,36000278,16,1,-3.6906,-2.15213867190526,284.3144,"0"
"6590",360,36000124,16,1,-0.3674,1.03850803748719,290.0554,"1"
"6591",360,36000343,16,1,-0.4675,0.942400750652156,301.1945,"0"
"6592",360,36000206,16,1,-2.0702,-0.596371962739538,400.9437,"1"
"6593",360,36000062,16,0,0.1576,1.54256723417443,424.1988,"0"
"6594",360,36000307,16,0,-1.3595,0.0859801726616453,354.8472,"1"
"6595",360,36000031,16,1,-0.8506,0.57458155398381,337.0218,"0"
"6596",360,36000269,16,0,-1.9838,-0.513418220656153,407.9679,"1"
"6597",360,36000243,16,1,-1.5225,-0.0705182065002978,309.9905,"0"
"6598",360,36000355,16,1,-2.0239,-0.551918742155502,308.8422,"1"
"6599",360,36000113,16,1,-0.9188,0.509101864052248,321.9638,"0"
"6600",360,36000026,16,1,-3.4003,-1.87341793895611,333.3982,"0"
"6601",360,36000234,16,0,-3.1385,-1.6220604195414,353.3222,"0"
"6602",360,36000151,16,0,-2.6703,-1.17253562737194,386.5749,"1"
"6603",360,36000195,16,0,0.8522,2.20946155421054,417.0451,"0"
"6604",360,36000111,16,1,0.4148,1.7895082349134,510.3726,"1"
"6605",360,36000100,16,0,-1.8283,-0.36412068716117,370.4565,"0"
"6606",360,36000056,16,1,-0.6092,0.806352773184381,471.3866,"0"
"6607",360,36000102,16,1,-1.0001,0.431044697022396,479.8096,"1"
"6608",360,36000291,16,1,-0.7495,0.671648953574438,436.2164,"0"
"6609",360,36000122,16,1,-0.2428,1.15813808683429,479.3951,"0"
"6610",360,36000094,16,1,-2.7966,-1.29379786840356,488.9264,"1"
"6611",360,36000044,16,0,-1.7924,-0.329652639235319,554.3988,"1"
"6612",360,36000385,16,0,-1.5339,-0.081463491914078,500.4353,"0"
"6613",360,36000361,16,0,-1.0232,0.408866092368157,366.5354,"0"
"6614",360,36000407,16,0,-1.5428,-0.0900084954388711,297.1786,"0"
"6615",360,36000150,16,1,-2.2833,-0.800971990956778,361.4817,"1"
"6616",360,36000302,16,0,-2.0677,-0.593971680850552,362.3948,"1"
"6617",360,36000253,16,1,0.5201,1.89060810807752,376.4059,"0"
"6618",360,36000357,16,0,-1.5339,-0.081463491914078,289.1261,"0"
"6619",360,36000069,16,1,-0.2066,1.19289416858682,456.4978,"1"
"6620",360,36000169,16,0,-2.8715,-1.36571031379761,347.9758,"1"
"6621",360,36000024,16,1,0.6424,2.00802989808676,324.0801,"1"
"6622",360,36000374,16,0,-4.0382,-2.48587386574999,342.9343,"0"
"6623",360,36000006,16,1,-1.9882,-0.51764271678077,357.787,"0"
"6624",360,36000215,16,1,-1.5843,-0.129853174796053,282.584,"0"
"6625",360,36000012,16,0,0.5431,1.9126907014562,487.9392,"1"
"6626",360,36000114,16,1,-2.6997,-1.20076294238643,353.013,"0"
"6627",360,36000145,16,1,-2.4181,-0.93039519041095,385.8685,"1"
"6628",360,36000300,16,0,0.3003,1.6795753243978,473.7841,"0"
"6629",360,36000158,16,0,-3.1191,-1.60343423208286,339.345,"0"
"6630",360,36000131,16,1,-1.8864,-0.419903238261225,294.359,"1"
"6631",360,36000394,16,1,-1.846,-0.381114682935197,388.1453,"0"
"6632",360,36000020,16,1,-1.6084,-0.152991892205886,368.0685,"0"
"6633",360,36000106,16,1,-2.2118,-0.732323928931754,320.7074,"0"
"6634",360,36000046,16,0,-2.7738,-1.271907297576,367.1001,"0"
"6635",360,36000323,16,1,-1.793,-0.330228706888676,337.4608,"0"
"6636",360,36000331,16,1,-1.808,-0.344630398222597,409.6031,"0"
"6637",360,36000178,16,1,-1.2672,0.17459858000304,394.1953,"0"
"6638",360,36000199,16,0,-0.1359,1.26077414040737,352.5901,"0"
"6639",360,36000351,16,0,-0.1608,1.23686733279306,546.3681,"0"
"6640",360,36000370,16,0,-2.9723,-1.46248967956156,357.5734,"1"
"6641",360,36000164,16,0,-2.7187,-1.21900508474273,372.361,"1"
"6642",360,36000347,16,1,-1.4154,0.0323098696238991,452.3161,"1"
"6643",360,36000096,16,1,-1.2702,0.171718241736256,322.1706,"0"
"6644",360,36000017,16,0,-0.6389,0.777837424343217,333.1174,"0"
"6645",360,36000093,16,1,-2.6678,-1.17013534548296,252.4827,"1"
"6646",360,36000353,16,0,-0.7148,0.704964866193576,414.9072,"1"
"6647",360,36000403,16,1,-1.3903,0.056408699789327,323.427,"0"
"6648",360,36000384,16,0,-1.016,0.415778904208439,303.7623,"0"
"6649",360,36000277,16,1,-2.7338,-1.23350278735221,297.8189,"1"
"6650",360,36000027,16,1,0.2778,1.65797278739692,404.8506,"1"
"6651",360,36000268,16,1,-2.0491,-0.57611358359649,423.339,"1"
"6652",360,36000287,16,1,-0.7269,0.69334750185088,561.4464,"0"
"6653",360,36000026,16,0,-1.7048,-0.24554676184522,296.4264,"0"
"6654",360,36000173,16,1,-1.9465,-0.477606014872469,326.3352,"1"
"6655",360,36000249,16,1,-0.8044,0.618938763292287,425.0239,"0"
"6656",360,36000117,16,1,-1.835,-0.370553442623655,322.6742,"1"
"6657",360,36000338,16,0,-1.2434,0.197449263586195,394.772,"1"
"6658",360,36000404,16,1,-2.47,-0.980225042426317,338.5078,"1"
"6659",360,36000110,16,1,-2.2611,-0.779657487782575,366.4893,"0"
"6660",360,36000006,16,0,-1.5738,-0.119771990862308,280.5635,"1"
"6661",360,36000310,16,0,-1.5689,-0.115067438359894,340.6439,"0"
"6662",360,36000202,16,1,-2.1379,-0.661371596293303,339.2257,"0"
"6663",360,36000156,16,1,-1.6909,-0.232201194542453,377.6798,"0"
"6664",360,36000181,16,0,-1.0421,0.390719961287417,546.3002,"1"
"6665",360,36000050,16,1,-1.1438,0.293076494043431,305.1279,"1"
"6666",360,36000249,16,1,-1.5825,-0.128124971835982,390.96,"0"
"6667",360,36000158,16,1,-1.1659,0.271858002144788,306.8039,"0"
"6668",360,36000312,16,1,-1.2657,0.176038749136432,370.7336,"0"
"6669",360,36000096,16,0,-1.0595,0.374013999340068,344.6851,"0"
"6670",360,36000313,16,1,-0.8327,0.591767572308956,323.1509,"0"
"6671",360,36000118,16,0,-2.2272,-0.747109665367913,369.4635,"0"
"6672",360,36000225,16,0,-0.756,0.665408220663073,424.7782,"1"
"6673",360,36000064,16,1,-1.7432,-0.282415091660058,281.5187,"1"
"6674",360,36000349,16,0,-0.6056,0.809809179104522,458.3816,"0"
"6675",360,36000145,16,0,0.7016,2.06486857321797,474.7128,"1"
"6676",360,36000034,16,1,-2.8165,-1.3129041122399,368.9938,"1"
"6677",360,36000296,16,1,-0.782,0.640445289017609,420.0344,"0"
"6678",360,36000017,16,0,-1.4482,0.00081817124039158,418.323,"1"
"6679",360,36000347,16,1,-0.9432,0.485675112815737,362.6044,"0"
"6680",360,36000215,16,0,-1.1017,0.33349724105397,294.793,"1"
"6681",360,36000237,16,0,-2.1072,-0.631896134696544,451.7469,"1"
"6682",360,36000148,16,0,-3.3387,-1.81427499321147,390.7038,"0"
"6683",360,36000408,16,1,-1.4359,0.0126275581342069,337.3845,"0"
"6684",360,36000167,16,1,-1.0488,0.384287205824932,473.6212,"1"
"6685",360,36000254,16,0,-2.4003,-0.913305183361363,265.1044,"0"
"6686",360,36000147,16,1,-1.7519,-0.290768072633732,394.7363,"0"
"6687",360,36000025,16,1,0.041,1.43061808687208,567.4865,"1"
"6688",360,36000347,16,0,-2.3148,-0.831215542758013,369.5324,"0"
"6689",360,36000259,16,1,-1.6748,-0.216743379177377,386.7011,"0"
"6690",360,36000283,16,0,-3.097,-1.58221574018422,300.012,"0"
"6691",360,36000391,16,1,-1.4033,0.0439272339665955,475.6455,"1"
"6692",360,36000074,16,1,-2.8784,-1.37233509181121,462.4449,"0"
"6693",360,36000265,16,1,-0.7509,0.670304795716606,351.0827,"0"
"6694",360,36000222,16,0,-1.5458,-0.0928888337056554,378.3151,"1"
"6695",360,36000203,16,0,-1.2499,0.191208530674829,397.8516,"0"
"6696",360,36000002,16,0,-1.8036,-0.34040590209798,357.4167,"0"
"6697",360,36000207,16,1,-2.7627,-1.2612500459889,377.8218,"0"
"6698",360,36000244,16,0,-1.2365,0.204074041599799,381.3191,"0"
"6699",360,36000105,16,0,-1.1347,0.301813520119343,293.8951,"1"
"6700",360,36000404,16,1,-3.1816,-1.66344127930754,384.6451,"1"
"6701",360,36000189,16,0,-2.2462,-0.765351807724213,316.2462,"0"
"6702",360,36000046,16,1,-1.5319,-0.0795432664028885,355.632,"0"
"6703",360,36000278,16,1,-0.7778,0.644477762591107,297.1656,"0"
"6704",360,36000057,16,0,-1.772,-0.310066339021186,421.6721,"1"
"6705",360,36000312,16,1,-1.5131,-0.0614931465977072,312.6186,"0"
"6706",360,36000037,16,1,-1.8901,-0.423455655456925,337.949,"0"
"6707",360,36000285,16,1,-1.7321,-0.271757840072956,457.8271,"1"
"6708",360,36000235,16,1,-1.622,-0.166049425681975,300.7032,"0"
"6709",360,36000334,16,1,-2.2103,-0.730883759798362,400.4494,"1"
"6710",360,36000400,16,1,-1.4809,-0.0305775158675567,360.0157,"0"
"6711",360,36000350,16,1,-3.3349,-1.81062656474021,376.4628,"1"
"6712",360,36000358,16,0,-3.5419,-2.00936990514832,413.2476,"0"
"6713",360,36000318,16,0,0.3821,1.75811254780545,424.2808,"0"
"6714",360,36000174,16,0,-0.0534,1.33998344274394,444.9004,"1"
"6715",360,36000257,16,1,-2.7217,-1.22188542300951,432.2843,"1"
"6716",360,36000164,16,1,-1.7604,-0.298929031056287,331.4387,"0"
"6717",360,36000163,16,0,-0.6536,0.763723766835974,387.0589,"1"
"6718",360,36000051,16,0,-1.6018,-0.146655148018961,363.2849,"0"
"6719",360,36000297,16,1,-1.562,-0.10844266034629,371.6778,"0"
"6720",360,36000370,16,0,-0.822,0.60204077879382,451.2678,"1"
"6721",360,36000016,16,0,-1.5339,-0.081463491914078,237.9898,"0"
"6722",360,36000104,16,1,-4.0691,-2.51554134989787,318.935,"0"
"6723",360,36000140,16,0,-1.8694,-0.403581321416114,415.7243,"1"
"6724",360,36000177,16,1,-1.2571,0.184295718834547,335.7255,"1"
"6725",360,36000392,16,0,-1.1129,0.322743978191309,396.8501,"1"
"6726",360,36000390,16,0,-0.3395,1.06529518336828,308.4147,"0"
"6727",360,36000184,16,1,-1.1048,0.330520891511626,333.6081,"0"
"6728",360,36000279,16,0,-1.728,-0.267821377775018,475.5673,"1"
"6729",360,36000170,16,0,-1.03,0.402337325630113,382.3036,"0"
"6730",360,36000243,16,0,-1.6383,-0.181699263598169,376.843,"1"
"6731",360,36000277,16,1,-2.6943,-1.19557833350622,276.3081,"0"
"6732",360,36000081,16,1,-1.8003,-0.337237530004517,327.5389,"0"
"6733",360,36000338,16,0,-2.7773,-1.27526769222058,400.0338,"0"
"6734",360,36000217,16,1,-1.1516,0.285587614549792,298.1757,"0"
"6735",360,36000042,16,0,0.3224,1.70079381629644,574.1168,"1"
"6736",360,36000022,16,0,-1.7304,-0.270125648388445,358.9353,"0"
"6737",360,36000241,16,1,-1.6087,-0.153279926032565,432.0475,"0"
"6738",360,36000048,16,1,-2.1918,-0.713121673819859,402.9228,"0"
"6739",360,36000177,16,0,0.0584,1.44732404881943,374.1145,"0"
"6740",360,36000078,16,0,-2.1392,-0.662619742875576,296.8476,"0"
"6741",360,36000230,16,0,-1.1153,0.320439707577881,362.7251,"0"
"6742",360,36000140,16,0,-1.6154,-0.159712681495049,414.4526,"0"
"6743",360,36000414,16,0,-1.9435,-0.474725676605685,458.6367,"0"
"6744",360,36000257,16,1,-2.1812,-0.702944478610555,343.4566,"1"
"6745",360,36000120,16,0,-0.014,1.37781188531437,493.3993,"0"
"6746",360,36000204,16,1,-2.0214,-0.549518460266515,282.7489,"0"
"6747",360,36000186,16,0,-2.5423,-1.04964119465582,357.4602,"0"
"6748",360,36000166,16,1,-1.7494,-0.288367790744745,309.2717,"0"
"6749",360,36000407,16,1,-1.7176,-0.257836205116832,350.8129,"0"
"6750",360,36000265,16,1,-1.2756,0.166533632856044,407.4227,"0"
"6751",360,36000207,16,0,-1.2088,0.230669164929773,308.9664,"0"
"6752",360,36000377,16,0,-3.6415,-2.10499713560556,386.3711,"0"
"6753",360,36000276,16,0,-2.0596,-0.586194767530234,315.1195,"0"
"6754",360,36000036,16,1,-0.9542,0.475113872504194,430.8263,"0"
"6755",360,36000362,16,1,-0.2481,1.15304948922964,328.1884,"1"
"6756",360,36000109,16,0,0.0203,1.41074375283127,314.2342,"0"
"6757",360,36000303,16,0,-1.9311,-0.46282027843631,397.4728,"1"
"6758",360,36000124,16,1,-2.7297,-1.22956632505427,320.5976,"0"
"6759",360,36000119,16,1,-0.0473,1.34584013055307,341.6603,"1"
"6760",360,36000387,16,1,-1.5669,-0.113147212848704,382.9509,"1"
"6761",360,36000035,16,0,-0.7447,0.676257494801293,424.1798,"1"
"6762",360,36000408,16,1,-1.2288,0.211466909817878,343.1681,"0"
"6763",360,36000252,16,0,-1.2479,0.193128756186019,325.1584,"0"
"6764",360,36000112,16,0,-2.0138,-0.542221603323995,315.226,"0"
"6765",360,36000202,16,0,-1.8843,-0.417887001474476,346.1294,"0"
"6766",360,36000281,16,1,-2.3489,-0.863955387723793,367.8638,"0"
"6767",360,36000310,16,1,-1.8392,-0.374585916197153,360.7397,"0"
"6768",360,36000320,16,0,0.396,1.77145811510822,359.1971,"0"
"6769",360,36000226,5,0,-0.5813,0.833139919065474,456.4449,"1"
"6770",360,36000081,16,1,-1.2844,0.15808464060681,313.9223,"0"
"6771",360,36000131,16,0,0.1251,1.5113635696176,393.1894,"0"
"6772",360,36000406,16,0,-1.4486,0.00043412613815351,356.2855,"0"
"6773",360,36000252,16,1,-2.0343,-0.561903914813687,314.3559,"0"
"6774",360,36000025,16,0,-0.3915,1.01536932007736,518.2466,"0"
"6775",360,36000171,16,1,-1.2896,0.153092054277718,333.6108,"0"
"6776",360,36000078,16,0,-1.6565,-0.199173315749994,356.9319,"0"
"6777",360,36000054,16,1,-2.263,-0.781481702018205,344.7418,"0"
"6778",360,36000397,16,0,-2.0346,-0.562191948640366,386.6707,"1"
"6779",360,36000156,16,0,-1.3879,0.0587129704027546,379.2287,"1"
"6780",360,36000205,16,0,-0.7661,0.655711081831566,435.4471,"0"
"6781",360,36000107,16,1,-3.5347,-2.00245709330804,318.6366,"0"
"6782",360,36000349,16,0,-1.9258,-0.457731680831658,484.645,"0"
"6783",360,36000042,16,1,-0.5736,0.840532787283554,383.2566,"1"
"6784",360,36000179,16,0,-1.741,-0.280302843597749,366.3361,"0"
"6785",360,36000087,16,1,-0.9688,0.461096226272511,342.6688,"0"
"6786",360,36000180,16,0,-1.2188,0.221068037373825,332.5486,"0"
"6787",360,36000321,16,0,-2.4834,-0.993090553351286,309.6832,"0"
"6788",360,36000037,16,1,-1.641,-0.184291568038275,476.2467,"1"
"6789",360,36000381,16,0,-0.612,0.803664457468716,370.9974,"0"
"6790",360,36000063,16,1,-3.3875,-1.86112849568449,296.3618,"0"
"6791",360,36000285,16,1,-2.4451,-0.956318234812008,391.0249,"0"
"6792",360,36000355,16,0,-1.494,-0.0431549929658477,382.8864,"0"
"6793",360,36000343,16,0,-4.1072,-2.55212164588603,346.2399,"0"
"6794",360,36000408,16,0,-2.6691,-1.17138349206523,318.6524,"0"
"6795",360,36000222,16,1,-0.0317,1.36081788954034,484.2022,"1"
"6796",360,36000241,16,1,-0.9076,0.51985512691491,393.2792,"1"
"6797",360,36000310,16,0,-1.7761,-0.314002801319125,337.4719,"0"
"6798",360,36000151,16,0,-1.9493,-0.480294330588134,407.5292,"0"
"6799",360,36000130,16,1,-1.7948,-0.331956909848746,435.0187,"1"
"6800",360,36000243,16,1,-1.0661,0.367677255153143,336.4253,"0"
"6801",360,36000392,16,0,-1.0112,0.420387445435294,424.8014,"1"
"6802",360,36000152,16,0,-0.6168,0.799055916241861,446.8835,"1"
"6803",360,36000066,16,1,-0.542,0.870872350360347,395.2611,"0"
"6804",360,36000257,16,1,-1.418,0.0298135764593528,471.5118,"1"
"6805",360,36000251,16,0,0.5122,1.88302321730833,371.7939,"1"
"6806",360,36000054,16,1,-2.4307,-0.942492611131443,300.5666,"0"
"6807",360,36000343,16,0,-3.1618,-1.64443104674676,322.4834,"0"
"6808",360,36000064,16,1,-1.8265,-0.3623924842011,295.4489,"0"
"6809",360,36000366,16,1,-1.0099,0.421635592017567,332.0885,"0"
"6810",360,36000332,16,0,-1.5897,-0.135037783676264,293.5851,"0"
"6811",360,36000327,16,1,-0.5464,0.866647854235731,320.3676,"0"
"6812",360,36000095,16,1,-2.3443,-0.859538869048058,412.4256,"1"
"6813",360,36000117,16,0,-0.7979,0.625179496203653,323.7745,"1"
"6814",360,36000246,16,1,0.5632,1.93198896784366,407.5715,"0"
"6815",360,36000137,16,1,-2.7188,-1.21910109601829,343.112,"0"
"6816",360,36000367,16,1,-1.7712,-0.309298248816711,306.9928,"1"
"6817",360,36000194,16,1,-1.1178,0.318039425688895,446.7066,"0"
"6818",360,36000069,16,1,0.3516,1.72882910875981,488.3673,"1"
"6819",360,36000276,16,1,-2.9417,-1.43311022924036,380.5583,"0"
"6820",360,36000265,16,1,-3.3096,-1.78633571202366,354.7391,"1"
"6821",360,36000044,16,0,0.7408,2.10250499323728,590.4309,"1"
"6822",360,36000158,16,1,-1.4791,-0.0288493129074861,328.5084,"0"
"6823",360,36000279,16,0,-2.2605,-0.779081420129218,368.8637,"1"
"6824",360,36000064,16,0,-2.0334,-0.561039813333652,307.285,"0"
"6825",360,36000215,16,1,0.1035,1.49062513409675,338.4326,"1"
"6826",360,36000241,16,0,-2.2656,-0.783977995182751,398.0997,"1"
"6827",360,36000097,16,0,-1.1057,0.329656790031591,316.5176,"0"
"6828",360,36000330,16,0,-1.7085,-0.24909917904092,364.3696,"0"
"6829",360,36000008,16,0,-1.1155,0.320247685026763,472.2264,"1"
"6830",360,36000065,16,0,-1.0132,0.418467219924105,365.8651,"0"
"6831",360,36000177,16,1,-1.5661,-0.112379122644229,386.5252,"0"
"6832",360,36000182,16,0,-2.3597,-0.874324605484217,440.3103,"1"
"6833",360,36000373,16,1,-1.0842,0.350299214276878,350.1319,"1"
"6834",360,36000170,16,0,-1.4058,0.0415269520776087,332.767,"0"
"6835",360,36000385,16,0,-1.5339,-0.081463491914078,520.7309,"0"
"6836",360,36000211,16,1,-1.531,-0.0786791649228531,312.9645,"0"
"6837",360,36000223,16,0,-0.1121,1.28362482399053,472.6866,"1"
"6838",360,36000089,16,0,-2.2942,-0.811437219992761,364.0104,"0"
"6839",360,36000241,16,1,-1.4898,-0.0391225193923498,445.2508,"0"
"6840",360,36000285,16,0,-1.5556,-0.102297938710484,389.9286,"1"
"6841",360,36000164,16,1,-1.5726,-0.118619855555594,365.7626,"1"
"6842",360,36000373,16,0,-2.0028,-0.531660363012453,398.639,"0"
"6843",360,36000164,16,0,-1.5631,-0.109498784377444,401.0372,"0"
"6844",360,36000039,16,0,-2.7217,-1.22188542300951,404.0524,"1"
"6845",360,36000265,16,0,-2.498,-1.00710819958297,406.3938,"1"
"6846",360,36000072,16,0,-1.2014,0.237773999321174,484.2557,"1"
"6847",360,36000355,16,1,-1.6167,-0.160960828077323,351.5116,"0"
"6848",360,36000221,16,0,-2.4205,-0.932699461024377,311.98,"0"
"6849",360,36000391,16,0,-0.1964,1.20268731869389,487.0466,"1"
"6850",360,36000358,16,1,-0.8558,0.569588967654717,353.4069,"0"
"6851",360,36000173,16,0,-1.1342,0.302293576497141,417.8589,"0"
"6852",360,36000073,16,1,-1.0532,0.380062709700315,447.8918,"1"
"6853",360,36000087,16,0,-1.9714,-0.501512822486778,372.312,"0"
"6854",360,36000065,16,0,1.018,2.36864824908815,294.1171,"0"
"6855",360,36000260,16,1,1.0669,2.41559776283673,519.0199,"1"
"6856",360,36000300,16,0,-0.1029,1.292457861342,382.5135,"0"
"6857",360,36000372,16,1,-1.1608,0.276754577198321,261.9719,"0"
"6858",360,36000299,16,0,-1.6607,-0.203205789323491,389.0284,"0"
"6859",360,36000151,16,1,-2.5586,-1.06529103257201,294.6808,"1"
"6860",360,36000242,16,1,-1.5334,-0.0809834355362807,425.1514,"0"
"6861",360,36000315,16,1,0.7142,2.07696599393846,379.4795,"1"
"6862",360,36000115,16,0,-1.2984,0.144643062028484,432.8545,"0"
"6863",360,36000347,16,1,-2.6575,-1.16024618410033,376.8426,"0"
"6864",360,36000189,16,0,-1.9414,-0.472709439818936,411.9623,"0"
"6865",360,36000079,16,1,-1.7607,-0.299217064882966,374.8596,"1"
"6866",360,36000200,16,1,-0.4825,0.927999059318235,404.8906,"1"
"6867",360,36000050,16,1,-3.7245,-2.18468649431992,356.4123,"1"
"6868",360,36000219,16,1,-1.8112,-0.3477027590405,311.5498,"1"
"6869",360,36000141,16,0,-3.1309,-1.61476356259888,367.8912,"1"
"6870",360,36000179,16,0,0.6879,2.05171502846632,473.2384,"1"
"6871",360,36000408,16,0,-2.354,-0.868851962777327,436.12,"1"
"6872",360,36000175,16,0,-1.7217,-0.261772667414771,364.7109,"0"
"6873",360,36000343,16,0,-1.5976,-0.142622674445463,367.468,"0"
"6874",360,36000153,16,0,-3.0183,-1.50665486631891,351.3248,"0"
"6875",360,36000033,16,1,-2.7947,-1.29197365416793,320.4262,"0"
"6876",360,36000339,16,1,-2.4416,-0.952957840167426,383.0752,"0"
"6877",360,36000241,16,1,-2.0415,-0.56881672665397,440.0242,"1"
"6878",360,36000190,16,0,0.3308,1.70885876344344,454.661,"1"
"6879",360,36000073,16,1,0.8497,2.20706127232155,364.2901,"0"
"6880",360,36000026,16,0,-1.1314,0.304981892212806,345.4317,"1"
"6881",360,36000281,16,1,-1.4881,-0.0374903277078387,324.0792,"0"
"6882",360,36000049,16,0,-2.2142,-0.734628199545181,397.1858,"0"
"6883",360,36000075,16,1,-0.9195,0.508429785123332,338.0077,"0"
"6884",360,36000224,16,1,0.4148,1.7895082349134,394.0466,"0"
"6885",360,36000085,16,0,-1.9323,-0.463972413743023,422.9975,"1"
"6886",360,36000171,16,0,-1.1106,0.324952237529177,331.2846,"0"
"6887",360,36000375,16,1,-0.8952,0.531760525084284,262.8941,"1"
"6888",360,36000237,16,0,-0.8654,0.560371885201008,343.4654,"1"
"6889",360,36000265,16,0,-1.6787,-0.220487818924197,336.4419,"1"
"6890",360,36000152,16,1,-1.4029,0.0443112790688333,264.4476,"0"
"6891",360,36000326,16,0,-0.4781,0.932223555442852,424.6164,"0"
"6892",360,36000188,16,1,-3.3581,-1.83290118067001,377.1196,"0"
"6893",360,36000245,16,0,-1.1658,0.271954013420347,369.3087,"0"
"6894",360,36000282,16,1,-1.8644,-0.398780757638141,289.33,"1"
"6895",360,36000174,16,0,0.2107,1.59354922149651,478.9204,"1"
"6896",360,36000110,16,0,0.1602,1.54506352733898,318.4278,"1"
"6897",360,36000116,16,1,-0.7387,0.682018171334862,455.9675,"0"
"6898",360,36000017,16,0,-0.7037,0.715622117780678,409.0057,"0"
"6899",360,36000257,16,1,0.8572,2.21426211798851,341.986,"0"
"6900",360,36000058,16,1,-2.7945,-1.29178163161681,392.2508,"0"
"6901",360,36000375,16,0,-3.0004,-1.48946884799377,330.3397,"0"
"6902",360,36000118,16,0,-2.846,-1.34122743852994,365.549,"0"
"6903",360,36000408,16,0,-0.3364,1.06827153291063,321.1572,"0"
"6904",360,36000094,16,1,-1.4953,-0.0444031395481209,434.8926,"0"
"6905",360,36000052,16,1,-1.4151,0.0325979034505775,349.181,"1"
"6906",360,36000161,16,0,-1.8157,-0.352023266440677,350.8301,"0"
"6907",360,36000303,16,1,-1.6867,-0.228168720968955,460.7239,"0"
"6908",360,36000188,16,0,-1.8082,-0.344822420773716,381.776,"0"
"6909",360,36000048,16,1,-2.0594,-0.586002744979115,422.4094,"1"
"6910",360,36000301,16,1,-2.3128,-0.829295317246823,351.9341,"1"
"6911",360,36000174,16,0,-0.0112,1.38050020103004,441.5081,"1"
"6912",360,36000149,16,0,-2.0353,-0.562864027569282,397.2315,"0"
"6913",360,36000245,16,0,0.2536,1.63473805871152,449.4405,"0"
"6914",360,36000229,16,1,-1.5919,-0.137150031738573,312.9521,"0"
"6915",360,36000217,16,1,-2.0989,-0.623927198825108,265.4406,"0"
"6916",360,36000294,16,0,-1.9788,-0.508617656878179,311.5939,"0"
"6917",360,36000217,16,0,-0.648,0.769100398267305,371.0856,"0"
"6918",360,36000124,16,1,-2.3008,-0.817773964179686,306.4476,"1"
"6919",360,36000116,16,1,-2.394,-0.907256473001116,352.9308,"1"
"6920",360,36000373,16,0,-1.0504,0.38275102541598,387.8041,"0"
"6921",360,36000408,16,1,-0.6882,0.730503865492396,312.061,"0"
"6922",360,36000246,16,1,-1.3094,0.134081821716942,376.3237,"0"
"6923",360,36000178,16,0,-0.5927,0.822194633651694,470.0035,"1"
"6924",360,36000381,16,0,-1.3513,0.0938530972575222,498.0656,"0"
"6925",360,36000199,16,1,0.7988,2.15819153306178,339.7761,"0"
"6926",360,36000340,16,1,-0.3538,1.05156557096328,533.7549,"0"
"6927",360,36000075,16,0,-1.6993,-0.240266141689448,362.2328,"1"
"6928",360,36000354,16,0,-0.5668,0.847061554021598,410.3993,"1"
"6929",360,36000040,16,1,-1.5187,-0.0668697780290378,452.8813,"0"
"6930",360,36000042,16,1,-1.8378,-0.37324175833932,473.628,"1"
"6931",360,36000242,16,1,0.0881,1.4758393976606,329.8165,"0"
"6932",360,36000165,16,1,-1.7679,-0.306129876723248,335.9969,"0"
"6933",360,36000381,16,0,-0.9593,0.470217297450661,464.9468,"1"
"6934",360,36000059,16,1,-2.748,-1.24713638848166,409.5268,"1"
"6935",360,36000140,16,0,-1.6713,-0.213382984532796,475.9074,"1"
"6936",360,36000398,16,1,-0.618,0.797903780935147,542.626,"1"
"6937",360,36000007,16,1,-0.0506,1.3426717584596,401.2001,"1"
"6938",360,36000001,16,0,0.7849,2.14484596575901,539.0684,"1"
"6939",360,36000318,16,0,-1.7573,-0.295952681513944,458.6202,"0"
"6940",360,36000227,16,0,-0.446,0.963043174897443,471.8478,"0"
"6941",360,36000255,16,1,-0.773,0.649086303817962,311.8061,"1"
"6942",360,36000320,16,1,-1.7023,-0.243146479956233,381.7701,"0"
"6943",360,36000020,16,1,-1.6511,-0.193988706869782,364.4448,"0"
"6944",360,36000215,16,0,-2.0738,-0.599828368659679,314.9833,"1"
"6945",360,36000253,16,0,0.7467,2.10816965849529,412.2658,"1"
"6946",360,36000292,16,0,-0.9717,0.458311899281287,446.3504,"1"
"6947",360,36000194,16,0,0.9654,2.31814631814386,369.6856,"0"
"6948",360,36000107,16,1,-3.2197,-1.7000215752957,396.7137,"1"
"6949",360,36000335,16,0,-1.767,-0.305265775243212,467.7594,"1"
"6950",360,36000136,16,0,0.1876,1.57137061684227,397.4019,"0"
"6951",360,36000409,16,1,0.2708,1.65125199810775,341.9167,"0"
"6952",360,36000252,16,0,-2.1759,-0.697855881005903,344.0409,"1"
"6953",360,36000217,16,0,-0.872,0.554035141014082,353.8284,"1"
"6954",360,36000218,16,0,-1.4224,0.0255890803347358,391.3949,"0"
"6955",360,36000269,16,1,-2.4351,-0.94671710725606,473.0516,"0"
"6956",360,36000001,16,0,-0.9743,0.45581560611674,502.9933,"1"
"6957",360,36000381,16,0,-1.0353,0.397248728025461,457.445,"0"
"6958",360,36000032,16,0,-0.4051,1.00231178660127,506.5313,"1"
"6959",360,36000148,16,1,-1.9338,-0.465412582876416,358.3835,"0"
"6960",360,36000371,16,0,-0.2087,1.19087793180008,488.2587,"1"
"6961",360,36000019,16,1,-2.3884,-0.901879841569786,470.8173,"1"
"6962",360,36000375,16,1,-0.055,1.33844726233499,324.76,"0"
"6963",360,36000395,16,1,-2.5586,-1.06529103257201,337.402,"1"
"6964",360,36000195,16,1,0.7278,2.09002352741455,507.1747,"1"
"6965",360,36000274,16,0,-1.2796,0.162693181833665,356.529,"1"
"6966",360,36000170,16,0,-2.4264,-0.938364126282386,349.5695,"1"
"6967",360,36000159,16,0,-1.5881,-0.133501603267313,416.1742,"0"
"6968",360,36000182,16,1,-1.569,-0.115163449635453,443.7988,"1"
"6969",360,36000152,16,1,-2.1594,-0.68201402053859,357.2229,"1"
"6970",360,36000093,16,1,-2.8777,-1.37166301288229,328.904,"0"
"6971",360,36000011,16,0,-0.7737,0.648414224889046,565.7359,"1"
"6972",360,36000131,16,1,-2.2745,-0.792522998707545,324.0128,"0"
"6973",360,36000221,16,0,0.3974,1.77280227296605,456.3468,"0"
"6974",360,36000213,16,0,-0.4234,0.984741723173884,318.2074,"0"
"6975",360,36000234,16,1,-1.982,-0.511690017696082,362.9146,"1"
"6976",360,36000081,16,0,-1.5392,-0.08655208951873,358.5711,"0"
"6977",360,36000205,16,1,-0.1521,1.24522031376674,421.4153,"1"
"6978",360,36000327,16,1,-2.6944,-1.19567434478178,331.1185,"0"
"6979",360,36000378,16,0,-0.6178,0.798095803486266,268.9443,"0"
"6980",360,36000097,16,0,-1.0273,0.404929630070219,419.8563,"0"
"6981",360,36000001,16,0,-1.1408,0.295956832310215,448.1316,"1"
"6982",360,36000118,16,1,-3.3583,-1.83309320322113,394.9863,"0"
"6983",360,36000237,16,0,-0.2152,1.18463719888871,350.1571,"1"
"6984",360,36000268,16,0,-1.6294,-0.173154260073376,308.635,"1"
"6985",360,36000071,16,0,-0.1803,1.21814513405897,235.0008,"0"
"6986",360,36000364,16,1,-2.6219,-1.12606617000116,309.0015,"1"
"6987",360,36000280,16,1,-0.3572,1.04830118759426,499.9999,"1"
"6988",360,36000374,16,0,-1.1256,0.310550546195256,303.1053,"0"
"6989",360,36000137,16,0,-3.1938,-1.67515465492579,360.6214,"0"
"6990",360,36000179,16,1,-0.984,0.446502512387471,307.8114,"0"
"6991",360,36000070,16,0,-1.9287,-0.460516007822883,345.3503,"0"
"6992",360,36000387,16,0,-0.9836,0.446886557489709,338.8362,"0"
"6993",360,36000014,16,1,-2.6084,-1.11310464780063,362.5763,"1"
"6994",360,36000209,16,0,0.344,1.72153225181729,478.9958,"0"
"6995",360,36000085,16,0,-1.5069,-0.0555404475130198,295.722,"0"
"6996",360,36000371,16,0,-2.0403,-0.567664591347256,431.2613,"1"
"6997",360,36000110,16,1,-1.995,-0.524171483518814,312.0657,"0"
"6998",360,36000335,16,1,-2.8847,-1.37838380217146,371.1192,"0"
"6999",360,36000295,16,0,-1.1315,0.304885880937247,439.7106,"0"
"7000",360,36000001,16,0,0.8826,2.23864898198062,565.331,"1"
"7001",360,36000315,16,1,-0.426,0.982245430009338,396.6299,"0"
"7002",360,36000060,16,0,-0.3707,1.03533966539373,346.9331,"0"
"7003",360,36000058,16,0,-1.951,-0.481926522272645,311.7605,"1"
"7004",360,36000233,16,0,-0.8967,0.530320355950892,391.6656,"1"
"7005",360,36000414,16,0,-1.308,0.135425979574774,361.3431,"0"
"7006",360,36000035,16,1,-0.5651,0.848693745706109,288.9274,"0"
"7007",360,36000308,16,0,-2.3027,-0.819598178415316,316.0069,"0"
"7008",360,36000403,16,1,-2.2397,-0.759111074812847,381.4105,"0"
"7009",360,36000347,16,1,-2.1186,-0.642841420110324,375.5145,"0"
"7010",360,36000329,16,1,-2.967,-1.4574010819569,431.6319,"1"
"7011",360,36000250,16,0,-2.9038,-1.39672195580332,467.0171,"0"
"7012",360,36000315,16,0,0.3941,1.76963390087259,410.683,"0"
"7013",360,36000080,16,1,-1.409,0.0384545912597054,314.0163,"0"
"7014",360,36000077,16,1,-1.6885,-0.229896923929025,365.7307,"1"
"7015",360,36000042,16,0,-2.5936,-1.09889497901783,384.7655,"0"
"7016",360,36000288,16,1,-1.8352,-0.370745465174774,358.2213,"0"
"7017",360,36000182,9,0,-2.2673,-0.785610186867262,334.9753,"0"
"7018",360,36000144,16,1,-0.799,0.624123372172499,422.4993,"0"
"7019",360,36000185,16,0,-0.641,0.775821187556468,367.6343,"0"
"7020",360,36000118,16,0,-3.21,-1.69070848156643,368.2156,"1"
"7021",360,36000409,16,1,-0.9119,0.515726642065852,301.6597,"0"
"7022",360,36000220,16,1,-1.415,0.0326939147261369,380.4265,"1"
"7023",360,36000286,16,1,-0.2264,1.17388393602605,407.6791,"0"
"7024",360,36000003,16,0,-1.4484,0.00062614868927265,349.9693,"0"
"7025",360,36000297,16,1,-2.8626,-1.35716531027281,352.1604,"0"
"7026",360,36000002,16,0,-2.4625,-0.973024196759356,333.966,"0"
"7027",360,36000051,16,1,0.4024,1.77760283674402,298.8558,"0"
"7028",360,36000240,16,1,0.729,2.09117566272127,368.9958,"0"
"7029",360,36000223,16,1,0.3978,1.77318631806829,492.0996,"1"
"7030",360,36000078,16,1,-2.2307,-0.750470060012495,421.4757,"0"
"7031",360,36000393,16,0,-2.3744,-0.888438262991459,448.8751,"1"
"7032",360,36000057,16,0,-1.66,-0.202533710394575,418.8231,"0"
"7033",360,36000400,16,1,-1.096,0.33896988376086,364.2395,"1"
"7034",360,36000257,16,1,-2.5653,-1.0717237880345,356.2592,"0"
"7035",360,36000004,16,0,-2.6056,-1.11041633208496,343.9058,"0"
"7036",360,36000186,16,0,-2.6632,-1.16571882680722,415.7449,"0"
"7037",360,36000212,16,1,-2.5846,-1.09025396421747,337.0958,"0"
"7038",360,36000270,16,0,0.2544,1.635506148916,399.3802,"1"
"7039",360,36000173,16,1,-0.3698,1.03620376687376,298.7823,"1"
"7040",360,36000344,16,1,0.0851,1.47295905939381,347.3438,"1"
"7041",360,36000080,16,1,-0.0621,1.33163046177026,346.7325,"1"
"7042",360,36000302,16,0,-1.8534,-0.388219517326598,415.7667,"0"
"7043",360,36000102,16,1,-0.6961,0.722918974723198,513.1297,"0"
"7044",360,36000295,16,0,-1.7579,-0.2965287491673,511.7059,"1"
"7045",360,36000344,16,0,-3.2916,-1.76905368242296,304.4279,"1"
"7046",360,36000158,16,1,-2.4614,-0.971968072728202,324.2595,"1"
"7047",360,36000335,16,1,-1.6348,-0.178338868953588,430.9315,"0"
"7048",360,36000122,16,0,0.2924,1.6719904336286,449.4632,"1"
"7049",360,36000105,16,0,-2.9438,-1.43512646602711,340.8342,"1"
"7050",360,36000019,16,0,0.5697,1.93822970075502,393.8693,"1"
"7051",360,36000244,16,1,-0.9429,0.485963146642415,388.4691,"0"
"7052",360,36000050,16,0,-0.7655,0.656287149484923,389.755,"1"
"7053",360,36000236,16,1,-1.2125,0.227116747734073,386.9594,"0"
"7054",360,36000402,16,0,-1.9893,-0.518698840811924,333.0055,"0"
"7055",360,36000247,16,1,-1.5339,-0.081463491914078,449.8839,"0"
"7056",360,36000073,16,0,-1.9075,-0.440161617404274,388.6609,"0"
"7057",360,36000029,16,1,-0.3502,1.05502197688342,525.054,"0"
"7058",360,36000122,16,0,0.071,1.45942146953992,533.6558,"1"
"7059",360,36000344,16,0,-1.5435,-0.0906805743677876,279.1884,"1"
"7060",360,36000312,16,0,-1.1498,0.287315817509863,353.6689,"0"
"7061",360,36000331,16,0,-0.1132,1.28256869995937,390.7969,"1"
"7062",360,36000169,16,0,-1.5055,-0.0541962896551873,304.3417,"0"
"7063",360,36000402,16,0,-3.1475,-1.63070143434175,335.0156,"0"
"7064",360,36000174,16,0,1.4231,2.75758992637958,590.6896,"1"
"7065",360,36000014,16,1,-2.2522,-0.771112484257782,317.0111,"0"
"7066",360,36000400,16,1,-1.6875,-0.22893681117343,400.9516,"1"
"7067",360,36000135,16,0,-1.2877,0.154916268513348,474.5181,"0"
"7068",360,36000027,16,0,-0.5818,0.832659862687677,387.2668,"1"
"7069",360,36000011,16,1,0.2143,1.59700562741665,397.7539,"1"
"7070",360,36000339,16,0,0.174,1.55831308336618,449.5899,"1"
"7071",360,36000070,16,1,-1.8911,-0.42441576821252,438.5267,"1"
"7072",360,36000121,16,1,-2.0825,-0.608181349633354,355.178,"0"
"7073",360,36000350,16,0,-1.4904,-0.0396985870457066,366.7014,"0"
"7074",360,36000010,16,0,-1.9356,-0.467140785836486,383.6921,"1"
"7075",360,36000278,16,1,-3.319,-1.79536077192625,334.2012,"0"
"7076",360,36000052,16,0,-1.7314,-0.27108576114404,412.3539,"1"
"7077",360,36000158,16,1,-2.5835,-1.08919784018632,344.1829,"0"
"7078",360,36000033,16,0,-1.7757,-0.313618756216887,384.5638,"0"
"7079",360,36000215,16,0,-3.3194,-1.79574481702849,297.8434,"0"
"7080",360,36000180,16,0,-1.1316,0.304789869661687,406.037,"0"
"7081",360,36000213,16,0,-1.1583,0.279154859087307,385.47,"0"
"7082",360,36000003,16,0,-0.5027,0.908604781655221,474.1337,"1"
"7083",360,36000380,16,0,-1.8773,-0.411166212185313,361.7111,"1"
"7084",360,36000041,16,1,-2.4111,-0.923674401121786,386.8567,"0"
"7085",360,36000075,16,1,-1.8321,-0.36776911563243,315.7729,"1"
"7086",360,36000115,16,1,-0.7098,0.70976542997155,290.7357,"0"
"7087",360,36000106,16,0,-1.6567,-0.199365338301112,358.4758,"0"
"7088",360,36000410,16,0,-1.8626,-0.39705255467807,360.4264,"1"
"7089",360,36000336,16,1,-2.5506,-1.05761013052725,342.2504,"1"
"7090",360,36000382,16,1,0.043,1.43253831238327,351.5162,"0"
"7091",360,36000243,16,0,-1.6448,-0.187939996509535,352.1592,"1"
"7092",360,36000244,16,1,-1.6661,-0.208390398203703,390.462,"0"
"7093",360,36000109,16,0,-1.8717,-0.405789580753982,358.9357,"1"
"7094",360,36000253,16,0,0.0364,1.42620156819635,437.8526,"1"
"7095",360,36000349,16,0,-0.6313,0.785134281285737,436.2401,"1"
"7096",360,36000326,16,1,-4.0477,-2.49499493692814,348.694,"0"
"7097",360,36000375,16,0,-2.4616,-0.972160095279321,355.8477,"0"
"7098",360,36000259,16,0,-3.0464,-1.53363403475113,347.2385,"0"
"7099",360,36000076,16,1,-2.4092,-0.921850186886156,365.5984,"1"
"7100",360,36000212,16,0,-2.6941,-1.1953863109551,352.621,"0"
"7101",360,36000206,16,1,0.0592,1.44809213902391,448.3576,"0"
"7102",360,36000399,16,1,-2.4575,-0.968223632981382,369.6479,"0"
"7103",360,36000350,16,1,-0.7195,0.700452336242281,370.3107,"0"
"7104",360,36000192,16,1,-3.213,-1.69358881983321,349.6056,"1"
"7105",360,36000214,16,1,-3.3385,-1.81408297066035,445.4423,"1"
"7106",360,36000296,16,1,-1.5756,-0.121500193822379,316.5123,"1"
"7107",360,36000173,16,0,-0.7915,0.631324217839459,421.9657,"1"
"7108",360,36000345,16,0,-2.2837,-0.801356036059016,491.5891,"1"
"7109",360,36000325,16,0,-3.3675,-1.8419262405726,337.3295,"0"
"7110",360,36000047,16,1,-2.2678,-0.78609024324506,303.4305,"1"
"7111",360,36000356,16,1,-2.5386,-1.04608877746012,382.2583,"0"
"7112",360,36000092,16,1,-1.5704,-0.116507607493286,418.1778,"0"
"7113",360,36000114,16,1,-2.7328,-1.23254267459662,334.8363,"0"
"7114",360,36000293,16,1,-0.6397,0.777069334138741,304.2702,"0"
"7115",360,36000158,16,1,-2.4234,-0.935483788015602,289.8082,"0"
"7116",360,36000252,16,1,-2.3237,-0.839760546282806,280.4956,"0"
"7117",360,36000166,16,0,-1.4416,0.00715491542731683,318.6329,"1"
"7118",360,36000321,16,1,-1.894,-0.427200095203745,360.4609,"0"
"7119",360,36000207,16,0,-2.5335,-1.04119220240658,347.2465,"0"
"7120",360,36000347,16,1,-2.5764,-1.0823810396216,318.2733,"0"
"7121",360,36000370,16,0,-1.4923,-0.0415228012813366,373.383,"1"
"7122",360,36000140,16,0,-1.9886,-0.518026761883007,430.7584,"0"
"7123",360,36000408,16,0,-2.862,-1.35658924261946,327.4232,"0"
"7124",360,36000225,16,1,-1.9163,-0.448610609653508,383.6787,"0"
"7125",360,36000356,16,1,-2.6658,-1.16821511997177,345.0305,"1"
"7126",360,36000249,16,1,-0.5714,0.842645035345862,406.6298,"1"
"7127",360,36000231,16,1,-1.6961,-0.237193780871545,297.4443,"0"
"7128",360,36000058,16,1,-0.0907,1.30417123696025,401.9385,"0"
"7129",360,36000067,16,0,-0.4656,0.944224964887786,368.5381,"1"
"7130",360,36000284,16,0,0.5325,1.9025135062469,475.8305,"0"
"7131",360,36000020,16,1,-1.1928,0.246030969019289,377.2227,"1"
"7132",360,36000174,16,0,-0.6164,0.799439961344099,457.8778,"0"
"7133",360,36000375,16,0,-2.7941,-1.29139758651457,359.4325,"1"
"7134",360,36000320,16,0,-1.7948,-0.331956909848746,284.9984,"0"
"7135",360,36000176,16,0,-1.5368,-0.0842478189053026,352.7419,"0"
"7136",360,36000212,16,0,-3.0072,-1.49599761473181,344.9774,"0"
"7137",360,36000278,16,1,-0.853,0.572277283370383,358.6988,"1"
"7138",360,36000118,16,0,-1.9301,-0.461860165680715,380.1349,"1"
"7139",360,36000142,16,1,-2.6741,-1.1761840558432,348.0853,"1"
"7140",360,36000384,16,1,-1.0398,0.392928220625284,350.2377,"0"
"7141",360,36000059,16,1,-0.6367,0.779949672405525,425.752,"0"
"7142",360,36000132,16,1,-1.1496,0.287507840060982,389.7677,"0"
"7143",360,36000179,16,0,0.0902,1.47785563444734,367.1462,"0"
"7144",360,36000280,16,0,0.0583,1.44722803754387,494.2001,"1"
"7145",360,36000195,16,0,-0.1346,1.26202228698965,479.0892,"0"
"7146",360,36000047,16,0,-2.7637,-1.26221015874449,380.0061,"0"
"7147",360,36000247,16,0,-1.5339,-0.081463491914078,435.2677,"0"
"7148",360,36000181,16,1,0.0427,1.43225027855659,394.2593,"0"
"7149",360,36000173,16,0,-0.4231,0.985029757000562,452.7535,"0"
"7150",360,36000136,16,1,-1.1991,0.239982258659042,344.9266,"1"
"7151",360,36000045,16,0,-2.6193,-1.12356987683661,447.2228,"0"
"7152",360,36000338,16,1,-1.1414,0.295380764656859,444.1028,"1"
"7153",360,36000130,16,0,-3.2322,-1.71202298474063,247.8142,"0"
"7154",360,36000249,16,1,-0.8822,0.544241990907016,367.9948,"0"
"7155",360,36000340,16,0,0.4146,1.78931621236228,512.7208,"1"
"7156",360,36000086,16,1,-1.4447,0.00417856588497303,414.2506,"1"
"7157",360,36000202,16,1,-1.9009,-0.433824873217349,390.8193,"1"
"7158",360,36000236,16,0,-0.3483,1.05684619111905,373.6769,"0"
"7159",360,36000185,16,0,-2.4462,-0.957374358843162,392.5478,"0"
"7160",360,36000077,16,0,-0.1397,1.25712571193611,370.4985,"0"
"7161",360,36000234,16,0,-1.983,-0.512650130451677,405.2437,"0"
"7162",360,36000406,16,0,-1.594,-0.139166268525322,370.2572,"0"
"7163",360,36000294,16,1,-2.2559,-0.774664901453482,292.8453,"0"
"7164",360,36000408,16,0,-1.5099,-0.0584207857798041,342.1204,"0"
"7165",360,36000166,16,0,0.6899,2.05363525397751,378.0263,"1"
"7166",360,36000078,16,0,-1.1848,0.253711871064047,377.349,"0"
"7167",360,36000290,16,1,-0.3811,1.02535449273554,411.1517,"0"
"7168",360,36000335,16,1,-1.627,-0.170849989459949,427.2791,"1"
"7169",360,36000123,16,0,-1.0376,0.395040468687593,308.9452,"0"
"7170",360,36000342,16,1,-1.1964,0.242574563099148,439.3237,"0"
"7171",360,36000329,16,1,-3.2821,-1.75993261124481,413.2625,"0"
"7172",360,36000213,16,0,-1.5339,-0.081463491914078,318.533,"0"
"7173",360,36000370,16,1,-1.8736,-0.407613794989612,300.3156,"0"
"7174",360,36000255,16,0,-0.9884,0.442278016262854,430.8202,"0"
"7175",360,36000033,16,1,-1.6444,-0.187555951407297,330.8241,"1"
"7176",360,36000217,16,1,-1.9861,-0.515626479994021,351.8621,"0"
"7177",360,36000076,16,1,-0.5835,0.831027671003166,373.0403,"0"
"7178",360,36000028,16,0,-2.4786,-0.988482012124432,339.7281,"0"
"7179",360,36000214,16,1,-1.2114,0.228172871765227,353.986,"0"
"7180",360,36000340,16,0,-1.0229,0.409154126194836,523.8118,"1"
"7181",360,36000060,16,1,-3.1352,-1.61889204744794,340.6225,"1"
"7182",360,36000285,16,0,-1.7767,-0.314578868972481,431.2128,"1"
"7183",360,36000078,16,0,0.1739,1.55821707209062,363.7158,"0"
"7184",360,36000034,16,0,-3.4895,-1.95905999675516,316.17,"0"
"7185",360,36000237,16,1,-0.5676,0.846293463817122,341.7641,"0"
"7186",360,36000305,16,1,0.3967,1.77213019403713,309.9799,"1"
"7187",360,36000025,16,0,-0.8925,0.53435282952439,439.9126,"1"
"7188",360,36000315,16,0,-1.6698,-0.211942815399403,354.6078,"0"
"7189",360,36000261,16,1,-0.4457,0.963331208724121,252.6134,"1"
"7190",360,36000246,16,1,-1.1831,0.255344062748558,375.4072,"1"
"7191",360,36000257,16,1,-1.5394,-0.0867441120698491,415.343,"1"
"7192",360,36000286,16,0,-0.3827,1.02381831232659,391.1887,"0"
"7193",360,36000188,16,0,-2.5816,-1.08737362595069,375.9061,"1"
"7194",360,36000344,16,1,-2.3152,-0.83159958786025,280.9575,"0"
"7195",360,36000369,16,1,0.8758,2.23212021524257,519.3898,"1"
"7196",360,36000347,16,1,-3.6435,-2.10691736111675,328.9592,"1"
"7197",360,36000234,16,0,-1.415,0.0326939147261369,420.7631,"0"
"7198",360,36000330,16,0,-0.9455,0.483466853477869,448.5246,"1"
"7199",360,36000096,16,0,-1.8788,-0.412606381318705,331.3814,"1"
"7200",360,36000010,16,1,-1.1062,0.329176733653794,381.2506,"0"
"7201",360,36000149,16,1,-1.9216,-0.45369920725816,391.3214,"0"
"7202",360,36000220,13,0,-2.8829,-1.37665559921139,331.0332,"0"
"7203",360,36000242,16,1,0.0943,1.48179209674528,389.4613,"1"
"7204",360,36000394,16,0,-1.4501,-0.00100604299523844,441.2842,"1"
"7205",360,36000056,16,0,-0.3833,1.02324224467323,431.0698,"1"
"7206",360,36000117,16,1,-1.399,0.0480557188156528,439.1893,"1"
"7207",360,36000255,16,1,-2.7024,-1.20335524682653,384.5202,"0"
"7208",360,36000298,16,0,-1.5357,-0.0831916948741485,356.664,"0"
"7209",360,36000335,16,0,-2.6184,-1.12270577535658,350.2508,"1"
"7210",360,36000017,16,1,-1.8383,-0.373721814717118,328.0506,"0"
"7211",360,36000127,16,0,-2.4674,-0.97772874926177,337.094,"0"
"7212",360,36000222,16,0,-1.6566,-0.199269327025553,331.6117,"1"
"7213",360,36000021,16,0,-2.3544,-0.869236007879565,328.4123,"0"
"7214",360,36000117,16,0,0.8447,2.20226070854358,391.7089,"0"
"7215",360,36000025,16,0,0.5059,1.87697450694808,523.4546,"1"
"7216",360,36000078,16,0,-1.7316,-0.271277783695159,374.5908,"0"
"7217",360,36000261,16,1,-4.6384,-3.06213354165796,324.9535,"0"
"7218",360,36000276,16,1,-1.5148,-0.0631253382822183,362.131,"0"
"7219",360,36000391,16,0,-0.5805,0.83390800926995,507.9063,"1"
"7220",360,36000325,16,1,-1.668,-0.210214612439333,451.024,"0"
"7221",360,36000188,16,0,-3.6303,-2.0942438727429,312.1851,"1"
"7222",360,36000044,16,0,0.971,2.32352294957519,544.7874,"1"
"7223",360,36000373,16,0,-1.0993,0.335801511667397,391.2051,"0"
"7224",360,36000074,16,0,-1.7528,-0.291632174113767,366.0429,"0"
"7225",360,36000196,16,1,-1.8029,-0.339733823169064,270.2248,"0"
"7226",360,36000357,16,0,-3.3538,-1.82877269582095,343.264,"0"
"7227",360,36000392,16,0,-2.6432,-1.14651657169533,417.8718,"1"
"7228",360,36000021,16,1,-1.5053,-0.0540042671040684,399.7509,"0"
"7229",360,36000280,16,1,0.3146,1.6933049368028,400.4468,"1"
"7230",360,36000206,16,1,-2.2782,-0.796075415903245,319.5965,"0"
"7231",360,36000204,16,1,-3.6672,-2.12967203342434,285.9789,"1"
"7232",360,36000039,16,1,-3.0489,-1.53603431664011,341.1833,"0"
"7233",360,36000387,16,1,-1.307,0.136386092330369,430.5229,"1"
"7234",360,36000213,16,1,-0.7905,0.632284330595054,389.5532,"0"
"7235",360,36000371,16,0,-1.6757,-0.217607480657412,410.3194,"1"
"7236",360,36000137,16,0,-2.6606,-1.16322253364267,382.2578,"1"
"7237",360,36000059,16,0,-1.5559,-0.102585972537162,364.1581,"1"
"7238",360,36000356,16,1,-1.967,-0.497288326362161,325.3031,"0"
"7239",360,36000321,16,0,-1.1331,0.303349700528295,371.6729,"1"
"7240",360,36000220,16,1,-1.5711,-0.117179686422202,352.3246,"0"
"7241",360,36000200,16,1,-1.7511,-0.289999982429256,426.5743,"1"
"7242",360,36000282,16,1,-1.9973,-0.526379742856682,415.4032,"0"
"7243",360,36000014,16,0,0.0449,1.4343625266189,323.7311,"1"
"7244",360,36000312,16,0,-2.6082,-1.11291262524951,293.1828,"0"
"7245",360,36000085,16,1,-2.6673,-1.16965528910516,398.8477,"1"
"7246",360,36000046,9,1,-2.844,-1.33930721301875,318.7719,"1"
"7247",360,36000167,16,0,-2.2917,-0.809036938103774,374.7727,"0"
"7248",360,36000398,16,1,-1.3886,0.0580408914738381,495.5356,"1"
"7249",360,36000028,16,0,-0.8934,0.533488728044355,350.4366,"0"
"7250",360,36000398,16,1,-1.2692,0.17267835449185,453.3011,"1"
"7251",360,36000072,16,0,-1.3203,0.123616592680959,428.9265,"0"
"7252",360,36000257,16,1,-1.5633,-0.109690806928563,293.3599,"0"
"7253",360,36000256,16,1,-1.5008,-0.0496837597038919,421.9524,"0"
"7254",360,36000206,16,0,-2.2224,-0.742501124141058,361.7218,"1"
"7255",360,36000064,16,1,-1.7318,-0.271469806246278,284.4015,"0"
"7256",360,36000399,16,0,-3.2718,-1.75004344986218,359.5685,"0"
"7257",360,36000067,16,0,-2.032,-0.559695655475819,453.6897,"1"
"7258",360,36000221,16,1,-0.7356,0.684994520877205,323.3635,"0"
"7259",360,36000180,16,0,-2.868,-1.36234991915302,290.87,"1"
"7260",360,36000137,16,0,-2.2808,-0.798571709067792,367.8291,"0"
"7261",360,36000146,16,0,-1.7729,-0.310930440501221,384.5548,"0"
"7262",360,36000057,16,0,-2.1719,-0.694015429983524,364.7656,"1"
"7263",360,36000323,16,0,-1.171,0.266961427091254,345.0201,"0"
"7264",360,36000147,16,1,-1.5937,-0.138878234698643,430.2161,"0"
"7265",360,36000111,16,1,1.0785,2.42673507080163,329.1091,"1"
"7266",360,36000345,16,1,-2.5574,-1.0641388972653,352.0431,"0"
"7267",360,36000268,16,1,-2.8877,-1.38126414043824,315.3709,"1"
"7268",360,36000352,16,0,-1.6509,-0.193796684318663,322.7628,"0"
"7269",360,36000048,16,1,-2.3368,-0.852338023381097,345.7155,"1"
"7270",360,36000243,16,0,-1.8462,-0.381306705486316,379.333,"0"
"7271",360,36000281,16,1,-2.3174,-0.833711835922559,340.3773,"1"
"7272",360,36000067,16,0,-1.2696,0.172294309389613,321.9649,"0"
"7273",360,36000266,16,0,-1.0074,0.424035873906554,301.2185,"0"
"7274",360,36000296,16,1,-0.8382,0.586486952153185,327.4066,"0"
"7275",360,36000114,16,1,-1.4901,-0.0394105532190282,318.2821,"1"
"7276",360,36000345,16,0,-2.115,-0.639385014190183,444.6619,"1"
"7277",360,36000060,16,1,-1.3585,0.0869402854172399,349.9139,"1"
"7278",360,36000165,16,1,-3.0542,-1.54112291424477,297.3494,"1"
"7279",360,36000151,16,0,-2.6884,-1.18991366824821,397.2075,"0"
"7280",360,36000029,16,0,0.2831,1.66306138500157,520.4733,"1"
"7281",360,36000198,16,1,-1.6395,-0.182851398904883,332.4165,"0"
"7282",360,36000183,16,0,-2.7204,-1.22063727642724,306.0077,"0"
"7283",360,36000148,16,0,-1.4352,0.0132996370631231,416.4006,"0"
"7284",360,36000373,16,1,-0.5077,0.903804217877247,446.591,"1"
"7285",360,36000186,16,0,-2.8587,-1.35342087052599,367.4321,"0"
"7286",360,36000131,16,0,-1.9415,-0.472805451094495,480.2128,"1"
"7287",360,36000339,16,0,0.2534,1.63454603616041,400.5224,"1"
"7288",360,36000272,16,1,-1.7387,-0.278094584259881,439.4517,"1"
"7289",360,36000339,16,0,-1.4768,-0.026641053569618,421.2768,"1"
"7290",360,36000189,16,1,-0.4262,0.982053407458219,365.7585,"0"
"7291",360,36000259,16,1,-1.7139,-0.254283787921132,404.9896,"1"
"7292",360,36000186,16,0,-3.2917,-1.76914969369852,397.6798,"0"
"7293",360,36000180,16,0,-2.9664,-1.45682501430355,340.1772,"0"
"7294",360,36000283,16,0,-3.0897,-1.57520691706838,376.2227,"1"
"7295",360,36000217,16,1,-1.7893,-0.326676289692975,341.5016,"1"
"7296",360,36000035,16,1,-1.4918,-0.0410427449035393,460.7025,"1"
"7297",360,36000241,16,1,-2.2368,-0.756326747821623,358.083,"0"
"7298",360,36000207,16,1,-2.5194,-1.0276546125527,316.0136,"0"
"7299",360,36000283,16,1,-2.3059,-0.822670539233219,404.4158,"0"
"7300",360,36000182,16,0,-1.7155,-0.255819968330083,371.0908,"1"
"7301",360,36000394,16,0,-0.6493,0.767852251685032,333.4385,"1"
"7302",360,36000366,16,0,-3.0426,-1.52998560627987,291.452,"0"
"7303",360,36000210,16,0,-3.0287,-1.5166400389771,360.7861,"0"
"7304",360,36000327,16,0,-2.6808,-1.18261681130569,362.9455,"1"
"7305",360,36000214,16,1,0.061,1.44982034198398,365.198,"0"
"7306",360,36000391,16,1,-0.2389,1.16188252658111,556.6473,"1"
"7307",360,36000041,16,1,-1.8693,-0.403485310140555,345.9294,"0"
"7308",360,36000134,16,0,-1.8244,-0.360376247414351,364.2218,"0"
"7309",360,36000152,16,1,0.676,2.04028968667474,489.1993,"1"
"7310",360,36000323,16,1,-2.8071,-1.3038790523373,401.5129,"1"
"7311",360,36000239,16,1,-0.7351,0.685474577255003,312.8466,"0"
"7312",360,36000391,16,1,0.539,1.90875423915826,455.0455,"0"
"7313",360,36000259,16,1,-1.9136,-0.446018305213402,364.1805,"0"
"7314",360,36000101,16,1,-1.4935,-0.0426749365880504,365.1438,"0"
"7315",360,36000353,16,0,-1.5218,-0.0698461275713816,342.8521,"0"
"7316",360,36000080,16,0,-0.0365,1.35620934831349,376.8171,"0"
"7317",360,36000354,16,1,-1.4856,-0.0350900458188519,386.936,"0"
"7318",360,36000279,16,1,-0.3336,1.07095984862629,409.1142,"0"
"7319",360,36000072,16,1,-1.5965,-0.141566550414309,427.9324,"0"
"7320",360,36000333,16,1,-1.4036,0.0436392001399171,355.336,"1"
"7321",360,36000235,16,1,-1.7247,-0.264653005681555,350.5913,"0"
"7322",360,36000006,16,0,-2.036,-0.563536106498198,264.8482,"1"
"7323",360,36000410,16,0,-1.4444,0.00446659971165163,415.8932,"1"
"7324",360,36000282,16,1,-2.2838,-0.801452047334576,311.8725,"0"
"7325",360,36000171,16,1,-2.0592,-0.585810722427996,390.5125,"1"
"7326",360,36000278,16,1,-0.9456,0.483370842202309,350.6762,"1"
"7327",360,36000265,16,1,-0.3724,1.03370747370922,292.3392,"0"
"7328",360,36000338,16,0,-1.4793,-0.029041335458605,417.369,"1"
"7329",360,36000212,16,1,-2.8558,-1.35063654353477,438.0496,"0"
"7330",360,36000149,16,1,-2.3767,-0.890646522329327,398.1243,"1"
"7331",360,36000011,16,1,0.0246,1.41487223768033,339.7537,"0"
"7332",360,36000339,16,1,-1.0689,0.364988939437478,339.6777,"1"
"7333",360,36000195,16,1,0.126,1.51222767109764,442.8269,"1"
"7334",360,36000399,16,0,-2.0571,-0.583794485641248,378.508,"0"
"7335",360,36000319,16,1,-0.2459,1.15516173729195,504.9977,"1"
"7336",360,36000286,16,0,-1.9073,-0.439969594853155,340.015,"0"
"7337",360,36000279,16,0,-1.9812,-0.510921927491606,413.4036,"0"
"7338",360,36000230,16,1,-1.5413,-0.0885683263054789,376.4349,"0"
"7339",360,36000034,16,1,-2.1544,-0.677213456760616,337.1808,"0"
"7340",360,36000019,16,0,-1.6382,-0.18160325232261,345.4991,"0"
"7341",360,36000293,16,0,-1.6824,-0.224040236119897,398.5244,"0"
"7342",360,36000172,16,1,-1.2784,0.163845317140379,369.6199,"0"
"7343",360,36000145,16,0,-2.0789,-0.604724943713213,309.1849,"1"
"7344",360,36000256,16,1,-2.0227,-0.550766606848788,420.6074,"1"
"7345",360,36000167,16,0,-1.7181,-0.25831626149463,365.0189,"0"
"7346",360,36000181,16,0,0.6598,2.02473586003411,419.3854,"0"
"7347",360,36000080,16,0,0.4612,1.83405746677299,406.4649,"1"
"7348",360,36000352,16,0,-2.7172,-1.21756491560934,308.9716,"0"
"7349",360,36000267,16,0,-1.2135,0.226156634978478,468.5453,"0"
"7350",360,36000224,16,0,-1.3461,0.0988456835866147,469.9934,"1"
"7351",360,36000064,16,0,-2.1847,-0.706304873255136,361.5382,"0"
"7352",360,36000220,16,0,-2.5577,-1.06442693109198,502.6992,"0"
"7353",360,36000085,16,1,-2.6445,-1.1477647182776,377.0903,"0"
"7354",360,36000091,16,1,-1.4039,0.0433511663132387,393.6803,"1"
"7355",360,36000165,16,0,-2.6088,-1.11348869290287,309.9915,"0"
"7356",360,36000301,16,0,-1.7431,-0.282319080384498,421.6175,"0"
"7357",360,36000121,16,1,-2.5746,-1.08065283666153,348.1692,"0"
"7358",360,36000057,16,0,-0.5913,0.823538791509527,322.0064,"0"
"7359",360,36000239,16,1,-2.2914,-0.808748904277096,350.9339,"0"
"7360",360,36000055,16,0,-2.5399,-1.04733692404239,361.4183,"1"
"7361",360,36000182,16,1,-1.8074,-0.34405433056924,370.9254,"0"
"7362",360,36000278,16,1,-2.84,-1.33546676199637,388.3151,"1"
"7363",360,36000327,16,0,-2.869,-1.36331003190862,432.0097,"1"
"7364",360,36000218,16,1,-2.299,-0.816045761219616,324.1422,"0"
"7365",360,36000283,16,1,-1.0192,0.412706543390536,294.3991,"1"
"7366",360,36000071,16,0,0.1695,1.55399257596601,301.1711,"0"
"7367",360,36000203,16,1,-1.8572,-0.391867945797858,419.8201,"0"
"7368",360,36000017,16,0,-2.5326,-1.04032810092655,363.821,"1"
"7369",360,36000385,16,0,-1.5339,-0.081463491914078,548.732,"0"
"7370",360,36000211,16,1,-1.7198,-0.259948453179141,334.2367,"0"
"7371",360,36000142,16,0,-1.1594,0.278098735056153,353.358,"0"
"7372",360,36000180,16,1,-2.1891,-0.710529369379753,384.9526,"1"
"7373",360,36000095,16,0,-2.9091,-1.40181055340797,365.4795,"0"
"7374",360,36000017,16,1,-1.1699,0.268017551122409,385.5233,"0"
"7375",360,36000194,16,1,-0.9022,0.525039735795121,469.3423,"1"
"7376",360,36000106,16,0,-1.3498,0.0952932663909141,335.0929,"0"
"7377",360,36000042,16,0,-1.8376,-0.373049735788201,413.9332,"0"
"7378",360,36000027,16,0,-0.7189,0.701028403895637,397.5135,"1"
"7379",360,36000131,16,1,-1.0235,0.408578058541479,379.2422,"0"
"7380",360,36000197,16,1,-1.5504,-0.0973053523813912,349.7107,"0"
"7381",360,36000137,16,1,-1.4829,-0.0324977413787462,284.8762,"1"
"7382",360,36000255,16,0,-0.6144,0.801360186855288,449.8512,"0"
"7383",360,36000218,16,1,-1.2841,0.158372674433489,336.7317,"0"
"7384",360,36000031,16,1,0.1228,1.50915531027973,257.4533,"0"
"7385",360,36000062,16,1,-0.8937,0.533200694217676,417.5529,"0"
"7386",360,36000133,16,0,-1.1057,0.329656790031591,333.9876,"1"
"7387",360,36000065,16,0,0.0696,1.45807731168209,351.5273,"0"
"7388",360,36000109,16,0,-0.8637,0.562004076885519,369.5213,"0"
"7389",360,36000176,16,1,-2.1128,-0.637272766127875,373.4912,"0"
"7390",360,36000067,16,0,-0.4132,0.99453487328095,374.0075,"0"
"7391",360,36000345,16,0,-3.6198,-2.08416268880915,354.4072,"0"
"7392",360,36000122,16,0,0.173,1.55735297061059,386.1596,"0"
"7393",360,36000226,16,0,-0.6401,0.776685289036503,461.554,"0"
"7394",360,36000094,16,0,-2.4169,-0.929243055104236,418.9746,"1"
"7395",360,36000295,16,0,0.3169,1.69551319614067,481.4323,"0"
"7396",360,36000377,16,0,-1.0972,0.337817748454146,338.7379,"0"
"7397",360,36000045,16,1,-1.3768,0.0693702219898561,408.4482,"1"
"7398",360,36000230,16,0,-0.8245,0.599640496904833,426.5655,"1"
"7399",360,36000372,16,0,-3.5487,-2.01589867188637,385.0054,"0"
"7400",360,36000227,16,0,-0.5133,0.898427586445917,492.8847,"0"
"7401",360,36000299,16,1,-1.4407,0.008019016907352,321.5274,"0"
"7402",360,36000299,16,0,-1.113,0.322647966915749,343.5661,"0"
"7403",360,36000004,16,1,-0.3259,1.07835271684437,324.4865,"1"
"7404",360,36000267,16,0,-1.5421,-0.0893364165099549,440.9472,"1"
"7405",360,36000325,16,0,-2.7632,-1.2617301023667,370.897,"0"
"7406",360,36000108,16,1,-1.0941,0.34079409799649,307.1473,"1"
"7407",360,36000382,16,1,-1.0658,0.367965288979821,281.8775,"0"
"7408",360,36000200,16,0,-0.9036,0.523695577937288,366.4605,"0"
"7409",360,36000217,16,1,-0.0852,1.30945185711603,394.2459,"0"
"7410",360,36000257,16,1,-1.5781,-0.123900475711366,374.9016,"0"
"7411",360,36000334,16,0,-1.4204,0.0275093058459253,448.2414,"0"
"7412",360,36000412,16,1,-1.43,0.0182922233922159,346.2297,"1"
"7413",360,36000243,16,1,0.2392,1.62091243503096,488.9163,"1"
"7414",360,36000373,16,0,0.2558,1.63685030677383,498.3398,"1"
"7415",360,36000140,16,0,-0.7992,0.62393134962138,410.7949,"1"
"7416",360,36000340,16,1,0.1839,1.56781819964657,527.333,"1"
"7417",360,36000338,16,0,-1.3859,0.0606331959139441,416.9587,"1"
"7418",360,36000234,16,0,-0.8302,0.594167854197943,349.3579,"0"
"7419",360,36000209,16,1,0.2195,1.60199821374574,402.3738,"1"
"7420",360,36000221,16,1,-2.7933,-1.2906294963101,338.7958,"0"
"7421",360,36000338,16,0,-2.0436,-0.570832963440718,461.9556,"0"
"7422",360,36000221,16,0,-2.1762,-0.698143914832581,410.0108,"0"
"7423",360,36000368,16,0,-1.8993,-0.432288692808397,303.9675,"0"
"7424",360,36000116,16,0,-3.1122,-1.59680945406926,314.5776,"0"
"7425",360,36000011,16,0,-2.5581,-1.06481097619421,377.5404,"1"
"7426",360,36000104,16,0,-3.0887,-1.57424680431278,371.6726,"1"
"7427",360,36000108,16,0,-1.0731,0.36095646586398,381.9173,"0"
"7428",360,36000301,16,0,-2.0589,-0.585522688601318,314.8683,"0"
"7429",360,36000113,16,1,-1.2363,0.204266064150918,319.6904,"0"
"7430",360,36000052,16,1,-1.9039,-0.436705211484133,347.5456,"0"
"7431",360,36000079,16,1,-2.1032,-0.628055683674165,372.8982,"1"
"7432",360,36000082,16,0,-0.4284,0.97994115939591,489.5971,"1"
"7433",360,36000278,16,0,-3.1296,-1.61351541601661,297.5046,"0"
"7434",360,36000221,16,0,-1.6948,-0.235945634289272,381.9743,"0"
"7435",360,36000291,16,0,0.1619,1.54669571902349,343.2721,"0"
"7436",360,36000181,16,0,-1.1711,0.266865415815695,344.746,"0"
"7437",360,36000107,16,1,-2.4981,-1.00720421085853,394.3121,"0"
"7438",360,36000297,16,1,-1.1681,0.269745754082479,313.6828,"1"
"7439",360,36000045,16,1,-1.6066,-0.151263689245816,383.8645,"0"
"7440",360,36000136,16,0,-0.6098,0.805776705531024,423.8138,"0"
"7441",360,36000322,16,0,-1.1148,0.320919763955679,283.2864,"0"
"7442",360,36000003,16,0,-1.2887,0.153956155757753,432.5956,"0"
"7443",360,36000272,16,0,-1.22,0.219915902067112,339.9731,"0"
"7444",360,36000225,16,0,-0.6377,0.778989559649931,446.3606,"0"
"7445",360,36000341,16,0,-0.3733,1.03284337222918,422.6355,"1"
"7446",360,36000243,16,0,-0.6378,0.778893548374371,360.4993,"0"
"7447",360,36000168,16,1,-0.5597,0.853878354586321,260.4317,"1"
"7448",360,36000342,16,1,-1.2417,0.199081455270706,476.9565,"0"
"7449",360,36000378,16,0,-1.3464,0.0985576497599363,343.2735,"0"
"7450",360,36000327,16,1,-2.5199,-1.02813466893049,304.8958,"1"
"7451",360,36000149,16,1,-1.5847,-0.130237219898291,353.7765,"1"
"7452",360,36000353,16,0,-1.7336,-0.273198009206348,413.1872,"1"
"7453",360,36000227,16,0,0.385,1.76089687479667,595.1848,"1"
"7454",360,36000147,16,0,-0.987,0.443622174120687,455.8617,"0"
"7455",360,36000003,16,0,-0.5042,0.907164612521829,483.9723,"0"
"7456",360,36000020,16,1,-1.6566,-0.199269327025553,346.0554,"0"
"7457",360,36000033,16,1,-2.3581,-0.872788425075265,414.5425,"1"
"7458",360,36000174,16,0,-0.0166,1.37531559214983,485.3368,"0"
"7459",360,36000108,16,0,-2.431,-0.942780644958122,430.0431,"0"
"7460",360,36000045,16,1,-1.4881,-0.0374903277078387,409.1341,"1"
"7461",360,36000215,16,1,-0.7549,0.666464344694227,327.304,"0"
"7462",360,36000400,16,0,-0.8374,0.58725504235766,365.0156,"0"
"7463",360,36000261,16,0,-3.0029,-1.49186912988276,346.369,"1"
"7464",360,36000104,16,0,-0.7515,0.669728728063249,272.0602,"0"
"7465",360,36000256,16,0,-2.9466,-1.43781478174277,492.551,"1"
"7466",360,36000094,16,1,-1.3684,0.0774351691368519,405.4291,"0"
"7467",360,36000101,16,1,-1.3647,0.0809875863325525,325.87,"0"
"7468",360,36000383,16,0,-2.5364,-1.04397652939781,414.9752,"1"
"7469",360,36000290,16,1,-1.235,0.205514210733191,363.4955,"1"
"7470",360,36000136,16,0,-1.8546,-0.389371652633312,408.7574,"0"
"7471",360,36000008,16,1,0.0434,1.43292235748551,387.7843,"1"
"7472",360,36000054,16,0,-2.5147,-1.0231420826014,280.9499,"0"
"7473",360,36000201,16,0,-2.5426,-1.0499292284825,393.0747,"0"
"7474",360,36000353,16,0,-2.5815,-1.08727761467513,349.8324,"1"
"7475",360,36000218,16,1,-1.1854,0.25313580341069,292.2459,"1"
"7476",360,36000386,16,0,-1.1888,0.249871420041668,545.0673,"1"
"7477",360,36000288,16,0,-2.7469,-1.2460802644505,379.9801,"0"
"7478",360,36000075,16,0,-2.521,-1.02919079296165,412.0972,"0"
"7479",360,36000330,16,1,-0.1549,1.24253199805107,501.2823,"1"
"7480",360,36000132,16,1,0.465,1.83770589524425,358.4231,"0"
"7481",360,36000154,16,0,-2.2218,-0.741925056487702,355.6572,"0"
"7482",360,36000010,16,1,-1.6571,-0.19974938340335,391.6972,"0"
"7483",360,36000120,16,1,-0.0444,1.34862445754429,430.5016,"0"
"7484",360,36000063,16,0,-2.7851,-1.28275657171422,317.509,"0"
"7485",360,36000100,16,1,-1.1919,0.246895070499324,346.4316,"1"
"7486",360,36000403,16,1,-1.7293,-0.269069524357291,379.1952,"0"
"7487",360,36000382,16,1,-1.1543,0.282995310109686,306.6681,"0"
"7488",360,36000325,16,1,-0.834,0.590519425726683,492.6872,"1"
"7489",360,36000156,16,1,-0.639,0.777741413067657,373.0198,"0"
"7490",360,36000237,16,0,-0.9394,0.489323541286997,341.7787,"0"
"7491",360,36000312,16,0,-1.6896,-0.230953047960179,316.6334,"0"
"7492",360,36000031,16,0,-0.8549,0.570453069134752,348.4815,"1"
"7493",360,36000081,16,0,-2.8378,-1.33335451393406,392.3173,"0"
"7494",360,36000259,16,1,-1.2705,0.171430207909577,367.7009,"1"
"7495",360,36000371,16,0,-1.504,-0.0527561205217951,342.1811,"0"
"7496",360,36000277,16,0,-3.053,-1.53997077893805,333.378,"0"
"7497",360,36000330,16,0,0.7132,2.07600588118287,446.2457,"0"
"7498",360,36000288,16,0,-1.7737,-0.311698530705697,359.846,"0"
"7499",360,36000078,16,0,-1.8581,-0.392732047277894,377.2313,"0"
"7500",360,36000069,16,1,-0.7744,0.647742145960129,413.1441,"1"
"7501",360,36000056,16,1,-1.7355,-0.275022223441978,419.4251,"0"
"7502",360,36000372,16,1,-3.0457,-1.53296195582221,287.8972,"0"
"7503",360,36000012,16,0,-0.0923,1.3026350565513,444.211,"0"
"7504",360,36000267,16,0,-0.9696,0.460328136068035,368.7152,"0"
"7505",360,36000090,16,1,-1.2034,0.235853773809985,540.1625,"1"
"7506",360,36000129,16,1,-1.8736,-0.407613794989612,412.8599,"0"
"7507",360,36000187,16,0,-0.5649,0.848885768257228,360.933,"1"
"7508",360,36000245,16,1,0.3679,1.744478946676,442.8758,"1"
"7509",360,36000148,16,0,-1.471,-0.0210723995871687,482.5032,"0"
"7510",360,36000343,16,1,-1.7563,-0.294992568758349,266.4403,"1"
"7511",360,36000059,16,1,-2.5157,-1.024102195357,348.2199,"0"
"7512",360,36000093,16,0,-2.1443,-0.667516317929109,338.7705,"0"
"7513",360,36000222,16,0,-0.3479,1.05723023622129,416.8874,"0"
"7514",360,36000237,16,1,0.6375,2.00332534558435,324.5174,"0"
"7515",360,36000225,16,1,-0.6477,0.769388432093983,391.0769,"0"
"7516",360,36000383,16,0,-2.5086,-1.01728539479227,392.1539,"0"
"7517",360,36000079,16,0,-0.7687,0.653214788667019,296.8183,"1"
"7518",360,36000023,16,1,-2.6705,-1.17272764992306,415.5638,"0"
"7519",360,36000368,16,1,-0.4901,0.920702202375715,345.103,"0"
"7520",360,36000137,16,0,-2.909,-1.40171454213241,297.4993,"0"
"7521",360,36000188,16,1,-3.1646,-1.64711936246243,359.7319,"0"
"7522",360,36000342,16,0,-1.6298,-0.173538305175614,430.5523,"1"
"7523",360,36000313,16,1,-0.742,0.678849799241399,335.231,"0"
"7524",360,36000312,16,1,-1.6565,-0.199173315749994,324.9073,"1"
"7525",360,36000325,16,1,-0.642,0.774861074800873,374.8339,"0"
"7526",360,36000093,16,1,-2.5871,-1.09265424610646,321.2525,"0"
"7527",360,36000023,16,0,-2.5827,-1.08842974998184,390.428,"1"
"7528",360,36000277,16,1,-2.4712,-0.981377177733031,326.9811,"1"
"7529",360,36000023,16,1,-2.3997,-0.912729115708007,408.5332,"0"
"7530",360,36000136,16,0,-0.9981,0.432964922533585,494.8468,"0"
"7531",360,36000366,16,1,-1.6467,-0.189764210745165,301.7278,"0"
"7532",360,36000173,16,0,-0.4247,0.983493576591611,482.1835,"0"
"7533",360,36000039,16,0,-2.3374,-0.852914091034454,337.9294,"0"
"7534",360,36000279,2,0,-1.8129,-0.349334950725011,453.0079,"0"
"7535",360,36000187,16,0,-1.6775,-0.219335683617483,404.5115,"1"
"7536",360,36000191,16,1,-1.3548,0.0904927026129405,285.3906,"0"
"7537",360,36000385,16,0,-1.5339,-0.081463491914078,518.5499,"0"
"7538",360,36000406,16,0,-1.8203,-0.356439785116412,334.4521,"0"
"7539",360,36000230,16,0,-2.1283,-0.652154513839593,355.8102,"1"
"7540",360,36000347,16,1,-2.302,-0.8189260994864,302.9061,"1"
"7541",360,36000063,16,0,-2.6158,-1.12020948219203,305.8597,"0"
"7542",360,36000063,16,0,-2.6672,-1.1695592778296,364.8831,"0"
"7543",360,36000209,16,0,1.3243,2.66273078612682,416.7501,"1"
"7544",360,36000077,16,1,-1.2585,0.182951560976714,403.7311,"0"
"7545",360,36000117,16,1,-1.5696,-0.11573951728881,340.5224,"0"
"7546",360,36000108,16,1,-0.6937,0.725223245336625,337.0664,"1"
"7547",360,36000188,16,0,-1.444,0.00485064481388949,337.9856,"0"
"7548",360,36000261,16,1,-2.8672,-1.36158182894855,246.9201,"0"
"7549",360,36000246,16,1,-0.8098,0.613754154412075,328.6665,"0"
"7550",360,36000241,16,1,-1.9652,-0.495560123402091,394.1032,"1"
"7551",360,36000066,16,0,0.1305,1.51654817849781,398.5137,"1"
"7552",360,36000117,16,0,-1.8486,-0.383610976099744,320.0084,"0"
"7553",360,36000056,16,0,0.37,1.74649518346275,401.9788,"0"
"7554",360,36000146,16,1,-1.8605,-0.395036317891321,297.939,"0"
"7555",360,36000278,16,1,-1.1138,0.321879876711274,331.2514,"0"
"7556",360,36000281,16,1,-2.5797,-1.08554941171506,348.2459,"0"
"7557",360,36000215,16,0,-1.4792,-0.0289453241830456,304.7905,"0"
"7558",360,36000068,16,0,-1.8166,-0.352887367920712,334.5086,"1"
"7559",360,36000314,16,0,-1.3483,0.0967334355243063,502.0649,"1"
"7560",360,36000390,16,1,-3.6021,-2.06716869303513,336.2398,"0"
"7561",360,36000032,16,0,-1.1202,0.315735155075467,313.1511,"0"
"7562",360,36000297,16,1,-3.5284,-1.99640838294779,340.3133,"0"
"7563",360,36000077,16,0,-2.573,-1.07911665625258,336.5987,"0"
"7564",360,36000295,16,1,-1.0389,0.39379232210532,378.4662,"1"
"7565",360,36000101,16,0,-2.2143,-0.734724210820741,399.7778,"0"
"7566",360,36000122,16,1,-1.0905,0.344250503916631,552.1943,"1"
"7567",360,36000208,16,0,-2.4171,-0.929435077655355,403.4292,"1"
"7568",360,36000204,16,0,-2.1309,-0.654650807004139,353.6053,"0"
"7569",360,36000215,16,0,-2.0902,-0.615574217851433,310.7884,"1"
"7570",360,36000048,16,1,-1.7202,-0.260332498281378,355.4931,"1"
"7571",360,36000305,16,0,-0.5183,0.893627022667943,334.4984,"0"
"7572",360,36000096,16,1,-0.0784,1.31598062385407,392.115,"0"
"7573",360,36000080,16,1,-0.5854,0.829203456767536,394.1506,"0"
"7574",360,36000184,16,1,-0.6826,0.735880496923727,390.7984,"1"
"7575",360,36000099,16,0,-1.6062,-0.150879644143578,378.9823,"0"
"7576",360,36000270,16,1,-0.0878,1.30695556395148,322.8413,"0"
"7577",360,36000042,16,0,-1.3829,0.0635135341807282,408.5915,"1"
"7578",360,36000086,16,0,-2.2024,-0.723298869029164,315.8712,"0"
"7579",360,36000121,16,1,-1.9427,-0.473957586401209,490.4383,"1"
"7580",360,36000052,16,0,-1.5161,-0.0643734848644915,380.7625,"0"
"7581",360,36000214,16,1,-0.5945,0.820466430691624,361.1461,"0"
"7582",360,36000155,16,1,0.3361,1.71394736104809,353.6929,"0"
"7583",360,36000186,16,0,-2.369,-0.883253654111248,418.461,"0"
"7584",360,36000368,16,1,-0.0857,1.30897180073823,384.1526,"1"
"7585",360,36000340,16,1,-0.3704,1.03562769922041,478.284,"1"
"7586",360,36000167,16,1,0.3179,1.69647330889627,383.5504,"1"
"7587",360,36000313,16,1,-1.5163,-0.0645655074156105,328.107,"0"
"7588",360,36000256,16,0,-0.1724,1.22573002482816,500.8945,"1"
"7589",360,36000004,16,0,-2.0564,-0.583122406712331,423.0363,"1"
"7590",360,36000117,16,0,-1.8182,-0.354423548329663,436.5336,"0"
"7591",360,36000199,16,0,-1.1175,0.318327459515573,326.5429,"1"
"7592",360,36000278,16,1,-0.7089,0.710629531451585,481.275,"1"
"7593",360,36000034,16,1,-3.3172,-1.79363256896618,346.1493,"0"
"7594",360,36000189,16,1,-1.0243,0.407809968337003,484.9739,"1"
"7595",360,36000234,16,1,-0.5077,0.903804217877247,420.0251,"1"
"7596",360,36000190,16,0,-1.5461,-0.0931768675323338,420.9083,"0"
"7597",360,36000181,16,1,0.2139,1.59662158231441,410.9004,"1"
"7598",360,36000270,16,1,0.0064,1.3973981855285,328.6257,"1"
"7599",360,36000394,16,0,-1.4551,-0.00580660677321226,442.5238,"1"
"7600",360,36000089,16,1,-1.0623,0.371325683624403,378.1754,"0"
"7601",360,36000363,16,1,-0.7418,0.679041821792518,318.0583,"0"
"7602",360,36000078,16,0,-0.6081,0.807408897215535,361.8394,"0"
"7603",360,36000174,16,0,-1.2863,0.15626042637118,435.5077,"0"
"7604",360,36000072,16,1,-0.6193,0.796655634352874,509.6365,"1"
"7605",360,36000189,16,0,-1.9753,-0.505257262233597,386.9859,"0"
"7606",360,36000048,16,1,-1.9606,-0.491143604726355,421.5809,"0"
"7607",360,36000092,16,1,-1.1487,0.288371941541017,408.1697,"1"
"7608",360,36000089,16,0,-1.6013,-0.146175091641164,346.3466,"0"
"7609",360,36000046,16,1,-0.6126,0.803088389815359,272.965,"0"
"7610",360,36000282,16,0,-2.4093,-0.921946198161716,326.14,"0"
"7611",360,36000301,16,1,-0.3622,1.04350062381628,341.1425,"0"
"7612",360,36000052,16,0,-2.5788,-1.08468531023502,388.3687,"1"
"7613",360,36000193,2,1,-0.1546,1.24282003187775,254.5788,"0"
"7614",360,36000286,16,1,-0.3074,1.09611480282287,311.2215,"0"
"7615",360,36000396,16,1,-0.7776,0.644669785142226,352.6388,"0"
"7616",360,36000007,16,1,-2.186,-0.70755301983741,299.7092,"1"
"7617",360,36000230,16,0,-0.1884,1.21036822073865,464.4499,"0"
"7618",360,36000398,16,0,-0.2823,1.1202136329883,439.2594,"0"
"7619",360,36000019,16,1,-0.4613,0.948353449736843,331.7689,"0"
"7620",360,36000333,16,1,-1.4526,-0.00340632488422524,320.6884,"0"
"7621",360,36000406,16,0,-1.3072,0.13619406977925,390.3035,"0"
"7622",360,36000016,1,1,0.9086,2.26361191362608,261.1891,"0"
"7623",360,36000175,16,1,-2.68,-1.18184872110121,366.8822,"1"
"7624",360,36000144,16,1,-1.3223,0.12169636716977,358.9537,"0"
"7625",360,36000056,16,0,0.0705,1.45894141316213,358.6947,"1"
"7626",360,36000385,16,0,-1.5339,-0.081463491914078,576.5134,"0"
"7627",360,36000212,16,1,-3.3821,-1.85594388680428,356.2968,"0"
"7628",360,36000253,16,0,0.2646,1.64529929902307,459.9307,"1"
"7629",360,36000186,16,0,-2.6413,-1.1446923574597,509.4373,"1"
"7630",360,36000410,16,0,-1.9621,-0.492583773859747,384.7121,"0"
"7631",360,36000321,16,1,-1.948,-0.479046184005861,349.0588,"1"
"7632",360,36000041,16,1,0.3954,1.77088204745486,272.4061,"0"
"7633",360,36000060,16,0,0.6668,2.03145664932327,397.6129,"1"
"7634",360,36000230,16,0,-2.7665,-1.26489847446016,360.9419,"1"
"7635",360,36000098,16,0,-3.2146,-1.69512500024216,364.1566,"1"
"7636",360,36000117,16,0,-1.5878,-0.133213569440635,380.9211,"0"
"7637",360,36000327,16,0,-2.8695,-1.36379008828642,335.7518,"0"
"7638",360,36000118,16,1,-0.8603,0.565268460254541,353.0205,"0"
"7639",360,36000017,16,0,-1.0306,0.401761257976756,380.528,"0"
"7640",360,36000179,16,0,0.9304,2.28454237169805,298.766,"0"
"7641",360,36000305,16,1,-1.6541,-0.196869045136566,360.5959,"1"
"7642",360,36000037,16,1,-2.4339,-0.945564971949347,473.4578,"1"
"7643",360,36000195,16,1,0.6727,2.03712131458128,443.8696,"1"
"7644",360,36000022,16,0,-1.0563,0.377086360157971,333.0678,"1"
"7645",360,36000406,16,0,-1.3837,0.0627454439762525,374.1427,"0"
"7646",360,36000073,16,1,-1.8747,-0.408669919020766,487.0635,"1"
"7647",360,36000033,16,1,-0.7522,0.669056649134333,442.8689,"0"
"7648",360,36000187,16,1,-0.2412,1.15967426724325,389.1673,"1"
"7649",360,36000381,16,1,-0.1366,1.26010206147846,551.9377,"1"
"7650",360,36000414,16,0,-1.9757,-0.505641307335835,359.2586,"0"
"7651",360,36000305,16,0,-1.9776,-0.507465521571465,360.096,"0"
"7652",360,36000133,16,0,-0.4165,0.991366501187488,447.8746,"0"
"7653",360,36000028,16,0,0.4404,1.81408712145662,435.8554,"0"
"7654",360,36000253,16,1,-0.1272,1.26912712138105,445.834,"0"
"7655",360,36000023,16,0,-2.5812,-1.08698958084845,352.1347,"1"
"7656",360,36000295,16,1,-1.7429,-0.282127057833379,419.8527,"1"
"7657",360,36000321,16,0,-1.0182,0.413666656146131,317.1674,"1"
"7658",360,36000268,16,1,-1.8363,-0.371801589205928,329.5812,"0"
"7659",360,36000358,16,1,-1.4537,-0.00446244891537956,397.1838,"0"
"7660",360,36000030,16,0,0.4494,1.82272813625698,396.3251,"0"
"7661",360,36000070,16,0,-1.6996,-0.240554175516127,312.3909,"0"
"7662",360,36000102,16,0,-0.3607,1.04494079294967,510.9003,"1"
"7663",360,36000312,16,0,-2.2008,-0.721762688620212,300.9552,"0"
"7664",360,36000034,16,0,-1.6458,-0.18890010926513,337.1111,"0"
"7665",360,36000406,16,0,-0.9802,0.450150940858731,345.2747,"0"
"7666",360,36000099,16,0,-0.7516,0.669632716787689,364.4715,"0"
"7667",360,36000180,16,0,-3.0018,-1.4908130058516,391.2227,"0"
"7668",360,36000106,16,0,-1.499,-0.0479555567438215,284.1043,"0"
"7669",360,36000278,16,0,-2.6476,-1.15074106781994,382.7006,"0"
"7670",360,36000201,16,0,-2.4754,-0.985409651306528,352.669,"0"
"7671",360,36000074,16,1,-2.2206,-0.740772921180988,425.3968,"0"
"7672",360,36000370,16,0,-2.0655,-0.591859432788243,386.0772,"0"
"7673",360,36000340,16,0,-0.4917,0.919166021966763,470.1711,"1"
"7674",360,36000233,16,0,-0.8951,0.531856536359844,418.6148,"0"
"7675",360,36000411,16,0,-1.0154,0.416354971861796,280.5274,"0"
"7676",360,36000192,16,1,-1.191,0.247759171979359,330.0569,"1"
"7677",360,36000371,16,0,-1.9763,-0.506217374989192,381.7621,"0"
"7678",360,36000381,16,0,0.9528,2.30604889742337,464.0337,"0"
"7679",360,36000390,16,1,-3.6516,-2.11469427443707,330.7064,"1"
"7680",360,36000398,16,1,-0.68,0.738376790088273,391.0267,"0"
"7681",360,36000158,16,1,-0.5105,0.901115902161582,309.9993,"1"
"7682",360,36000120,16,1,-0.5215,0.89055466185004,502.8674,"1"
"7683",360,36000236,16,0,-0.4626,0.94710530315457,383.8855,"0"
"7684",360,36000398,16,1,-1.7446,-0.28375924951789,469.1367,"1"
"7685",360,36000237,16,1,-1.1707,0.267249460917933,389.8532,"1"
"7686",360,36000231,16,0,-0.9388,0.489899608940354,349.7547,"1"
"7687",360,36000414,16,0,-0.2156,1.18425315378647,319.5569,"0"
"7688",360,36000123,16,0,-1.0554,0.377950461638007,416.0286,"1"
"7689",360,36000170,16,1,-1.5715,-0.11756373152444,322.9253,"0"
"7690",360,36000100,16,0,-1.9504,-0.481350454619288,300.7201,"0"
"7691",360,36000278,16,0,0.1148,1.50147440823497,335.2026,"0"
"7692",360,36000407,16,1,-2.1264,-0.650330299603963,300.3256,"1"
"7693",360,36000400,16,1,-0.7481,0.672993111432271,324.3229,"0"
"7694",360,36000397,16,0,-2.8822,-1.37598352028247,411.5877,"1"
"7695",360,36000244,16,0,-0.7381,0.682594238988218,306.1809,"0"
"7696",360,36000391,16,1,-0.6437,0.773228883116362,364.479,"1"
"7697",360,36000318,16,0,-1.9381,-0.469541067725473,438.761,"0"
"7698",360,36000152,16,0,-0.734,0.686530701286157,344.939,"0"
"7699",360,36000166,16,1,-2.4233,-0.935387776740042,303.9083,"0"
"7700",360,36000042,16,0,-0.6078,0.807696931042213,486.8685,"0"
"7701",360,36000131,16,1,0.5867,1.95455161760013,366.8016,"0"
"7702",360,36000376,16,1,-2.125,-0.64898614174613,369.7153,"0"
"7703",360,36000330,16,0,0.6789,2.04307401366597,402.7492,"1"
"7704",360,36000217,16,0,-1.3442,0.100669897822245,267.0634,"0"
"7705",360,36000203,16,1,0.254,1.63512210381376,352.233,"0"
"7706",360,36000292,16,0,-0.1554,1.24205194167328,405.2363,"1"
"7707",360,36000278,16,0,-1.8604,-0.394940306615762,354.4421,"0"
"7708",360,36000086,16,1,-2.1123,-0.636792709750077,366.0954,"1"
"7709",360,36000066,16,0,-1.4814,-0.031057572245354,400.462,"0"
"7710",360,36000293,16,0,-1.3898,0.0568887561671246,385.0703,"0"
"7711",360,36000353,16,0,-1.9161,-0.448418587102389,409.127,"0"
"7712",360,36000406,16,0,-1.0369,0.395712547616509,401.2841,"0"
"7713",360,36000265,16,1,0.1241,1.51040345686201,399.449,"0"
"7714",360,36000407,16,0,-1.4175,0.0302936328371501,346.2303,"1"
"7715",360,36000008,16,0,-8e-04,1.39048537368822,366.6878,"0"
"7716",360,36000355,16,0,-0.8015,0.621723090283512,352.9344,"0"
"7717",360,36000183,16,0,-1.718,-0.25822025021907,372.0599,"0"
"7718",360,36000232,16,1,-0.8626,0.563060200916673,325.3289,"1"
"7719",360,36000021,16,0,-0.158,1.23955564850873,371.6266,"0"
"7720",360,36000023,16,0,-2.5286,-1.03648764990417,328.188,"1"
"7721",360,36000089,16,1,-3.2493,-1.7284409128613,363.52,"1"
"7722",360,36000194,16,0,0.2961,1.6755428508243,455.1114,"1"
"7723",360,36000241,16,0,-1.3966,0.0503599894290802,429.9898,"1"
"7724",360,36000353,16,0,-1.1842,0.254287938717404,384.5042,"1"
"7725",360,36000323,16,1,-2.1341,-0.657723167822043,310.3425,"0"
"7726",360,36000115,16,1,0.0598,1.44866820667726,425.0657,"0"
"7727",360,36000161,16,1,-2.2014,-0.722338756273569,423.1962,"0"
"7728",360,36000045,16,1,-1.5311,-0.0787751761984126,406.845,"0"
"7729",360,36000224,16,0,-0.992,0.438821610342713,436.8545,"0"
"7730",360,36000169,16,1,-2.2449,-0.76410366114194,356.9828,"0"
"7731",360,36000057,16,0,-1.9605,-0.491047593450795,330.3069,"0"
"7732",360,36000174,16,1,-1.1531,0.2841474454164,472.7028,"0"
"7733",360,36000193,16,0,-2.661,-1.16360657874491,330.0921,"0"
"7734",360,36000235,16,0,-2.149,-0.672028847880404,330.1822,"1"
"7735",360,36000300,16,1,0.1192,1.50569890435959,434.4816,"1"
"7736",360,36000106,16,1,-2.3259,-0.841872794345114,379.5705,"1"
"7737",360,36000239,16,1,-0.8289,0.595416000780216,303.4422,"0"
"7738",360,36000075,16,1,-1.0226,0.409442160021514,339.2273,"0"
"7739",360,36000023,16,0,-2.3164,-0.832751723166964,432.0607,"0"
"7740",360,36000366,16,1,0.0801,1.46815849561584,404.8272,"1"
"7741",360,36000303,16,1,-1.4432,0.0056187350183652,297.1936,"0"
"7742",360,36000107,16,0,-3.4036,-1.87658631104957,321.6098,"0"
"7743",360,36000231,16,0,-0.6419,0.774957086076433,410.2358,"0"
"7744",360,36000060,16,1,-0.5406,0.87221650821818,294.0721,"1"
"7745",360,36000386,16,1,0.1801,1.56416977117531,482.0984,"1"
"7746",360,36000351,16,1,-0.0886,1.306187473747,607.1695,"1"
"7747",360,36000147,16,1,-0.4408,0.968035761226535,320.1916,"1"
"7748",360,36000390,16,1,-0.9347,0.493836071238292,354.6131,"0"
"7749",360,36000349,16,0,-2.1277,-0.651578446186236,416.2331,"0"
"7750",360,36000339,16,1,-1.5063,-0.054964379859663,326.9047,"0"
"7751",360,36000095,16,0,-2.1527,-0.675581265076105,327.5111,"0"
"7752",360,36000318,16,1,-2.6968,-1.1979786153952,386.5313,"1"
"7753",360,36000046,16,1,-1.3666,0.0791633720969225,303.3182,"0"
"7754",360,36000414,16,1,-2.3719,-0.886037981102473,355.7362,"0"
"7755",360,36000077,16,1,-1.3117,0.131873562379074,336.1646,"0"
"7756",360,36000096,16,1,-1.9684,-0.498632484219994,266.1713,"0"
"7757",360,36000253,16,0,-0.6403,0.776493266485384,463.6427,"1"
"7758",360,36000115,16,1,0.2865,1.66632576837059,339.3513,"0"
"7759",360,36000074,16,0,-2.6654,-1.16783107486953,363.8886,"0"
"7760",360,36000290,16,0,-1.4205,0.0274132945703658,350.1534,"0"
"7761",360,36000349,16,0,-1.5475,-0.0945210253901665,448.6647,"1"
"7762",360,36000144,16,1,-0.4639,0.945857156572297,353.3042,"0"
"7763",360,36000095,16,0,0.4078,1.78278744562423,388.7399,"0"
"7764",360,36000338,16,1,-1.1542,0.283091321385246,453.1852,"0"
"7765",360,36000089,16,0,-2.7593,-1.25798566261988,449.7452,"0"
"7766",360,36000276,16,0,-1.676,-0.217895514484091,381.1167,"0"
"7767",360,36000215,16,1,-2.1641,-0.686526550489885,297.5262,"0"
"7768",360,36000192,16,0,-2.311,-0.827567114286753,351.7173,"1"
"7769",360,36000398,16,1,0.186,1.56983443643332,430.8623,"0"
"7770",360,36000123,16,1,-1.8968,-0.42988841091941,356.7408,"0"
"7771",360,36000314,16,0,-1.0619,0.371709728726641,453.1499,"1"
"7772",360,36000182,16,0,-0.9526,0.476650052913146,300.8152,"1"
"7773",360,36000098,16,0,-1.2725,0.169509982398388,354.4354,"0"
"7774",360,36000122,16,0,0.6036,1.97077752316968,484.5398,"1"
"7775",360,36000173,16,1,-0.567,0.846869531470479,459.7025,"0"
"7776",360,36000070,16,1,-0.9465,0.482506740722274,418.8588,"0"
"7777",360,36000265,16,0,-1.3848,0.0616893199450982,401.1952,"0"
"7778",360,36000302,16,0,-1.762,-0.300465211465239,377.2798,"1"
"7779",360,36000095,16,1,-1.6669,-0.209158488408179,334.895,"0"
"7780",360,36000123,16,1,-3.2753,-1.75340384450676,412.448,"0"
"7781",360,36000116,16,0,-2.1819,-0.703616557539471,313.8654,"0"
"7782",360,36000027,16,1,-1.713,-0.253419686441096,455.1966,"0"
"7783",360,36000076,16,0,-0.8685,0.557395535658664,347.0091,"0"
"7784",360,36000356,16,0,-2.3668,-0.881141406048939,359.6711,"0"
"7785",360,36000347,16,1,-2.0267,-0.554607057871167,372.2983,"1"
"7786",360,36000207,16,1,-3.1519,-1.63492593046637,330.7327,"1"
"7787",360,36000030,16,0,-1.9132,-0.445634260111164,427.5323,"0"
"7788",360,36000189,16,1,-0.4257,0.982533463836016,349.8667,"1"
"7789",360,36000106,16,1,-0.9989,0.432196832329109,355.9289,"0"
"7790",360,36000131,16,1,-1.514,-0.0623572480777426,293.442,"1"
"7791",360,36000144,16,1,-0.5416,0.871256395462585,327.6428,"0"
"7792",360,36000197,16,1,-1.945,-0.476165845739077,339.7269,"0"
"7793",360,36000250,16,0,-1.9886,-0.518026761883007,344.2951,"0"
"7794",360,36000310,16,0,-1.6076,-0.15222380200141,358.8457,"0"
"7795",360,36000022,16,1,-1.523,-0.0709982628780952,439.1892,"1"
"7796",360,36000263,16,1,-2.5228,-1.03091899592172,491.5998,"0"
"7797",360,36000188,16,1,-3.0306,-1.51846425321273,300.0105,"0"
"7798",360,36000355,16,1,-1.558,-0.104602209323911,458.0496,"1"
"7799",360,36000124,16,0,-1.2961,0.146851321366352,241.9218,"0"
"7800",360,36000339,16,0,-2.1361,-0.659643393333232,370.7217,"1"
"7801",360,36000251,16,0,0.3395,1.71721174441711,334.2146,"0"
"7802",360,36000372,16,0,-2.8811,-1.37492739625132,316.0415,"0"
"7803",360,36000059,16,1,-2.3606,-0.875188706964252,439.4169,"1"
"7804",360,36000121,16,0,-1.9035,-0.436321166381895,441.5289,"0"
"7805",360,36000091,16,1,-2.6027,-1.10763200509374,317.3404,"0"
"7806",360,36000106,16,0,-1.5103,-0.058804830882042,347.4038,"0"
"7807",360,36000283,16,0,-2.8185,-1.31482433775108,333.8605,"0"
"7808",360,36000398,16,1,0.0312,1.42120898186725,450.3367,"0"
"7809",360,36000193,16,1,0.3855,1.76137693117447,327.3601,"0"
"7810",360,36000174,16,1,-0.2969,1.10619598675662,394.0531,"0"
"7811",360,36000008,16,1,0.0377,1.42744971477862,464.7449,"0"
"7812",360,36000006,16,0,0.0528,1.4419474173881,350.1903,"0"
"7813",360,36000150,16,0,-2.6738,-1.17589602201653,317.4526,"0"
"7814",360,36000403,16,1,0.1231,1.50944334410641,441.8303,"1"
"7815",360,36000163,16,1,-0.4639,0.945857156572297,328.3839,"0"
"7816",360,36000284,16,1,-2.2297,-0.7495099472569,436.7423,"0"
"7817",360,36000276,16,1,-1.7657,-0.304017628660939,354.226,"0"
"7818",360,36000225,16,0,-0.2326,1.16793123694136,465.5345,"0"
"7819",360,36000283,16,0,-1.8546,-0.389371652633312,333.1983,"0"
"7820",360,36000115,16,1,-1.9574,-0.488071243908452,388.8809,"0"
"7821",360,36000206,16,1,-1.8875,-0.420959362292379,389.0906,"0"
"7822",360,36000382,16,1,-1.5529,-0.099705634270378,476.1218,"0"
"7823",360,36000195,16,0,-0.3855,1.02112999661092,364.3438,"0"
"7824",360,36000293,16,0,-2.7051,-1.20594755126664,328.5465,"1"
"7825",360,36000198,16,1,0.3225,1.700889827572,338.6806,"0"
"7826",360,36000352,16,0,-3.5847,-2.05046273108778,275.2219,"0"
"7827",360,36000310,16,0,-1.0172,0.414626768901726,299.4737,"1"
"7828",360,36000403,16,1,-0.0088,1.38280447164346,332.1274,"0"
"7829",360,36000237,16,1,-1.8958,-0.428928298163815,414.8291,"1"
"7830",360,36000231,16,0,-1.4586,-0.00916700141779371,395.1954,"0"
"7831",360,36000076,16,0,-2.1999,-0.720898587140177,321.6179,"0"
"7832",360,36000017,16,0,-0.0799,1.31454045472068,370.4434,"0"
"7833",360,36000313,16,0,-1.9894,-0.518794852087483,444.2293,"0"
"7834",360,36000030,16,0,0.9693,2.32189075789068,559.3134,"1"
"7835",360,36000120,16,0,-1.0851,0.349435112796843,484.3286,"0"
"7836",360,36000071,16,0,-2.2649,-0.783305916253835,268.1136,"0"
"7837",360,36000161,16,0,-3.22,-1.70030960912237,311.8187,"0"
"7838",360,36000359,16,0,-2.365,-0.879413203088869,448.7387,"1"
"7839",360,36000345,16,1,-1.738,-0.277422505330965,439.5275,"1"
"7840",360,36000220,16,1,-1.469,-0.0191521740759792,343.2164,"0"
"7841",360,36000239,16,1,-1.4344,0.0140677272675991,283.9304,"1"
"7842",360,36000078,16,1,-2.7215,-1.22169340045839,419.3366,"0"
"7843",360,36000356,16,1,-2.8041,-1.30099871407052,304.7097,"0"
"7844",360,36000282,16,0,-1.9073,-0.439969594853155,345.3993,"0"
"7845",360,36000044,16,0,0.5703,1.93880576840838,491.3444,"1"
"7846",360,36000336,16,1,-0.9088,0.518702991608196,298.9418,"0"
"7847",360,36000181,16,1,-0.5431,0.869816226329193,515.9794,"1"
"7848",360,36000350,16,0,-2.3071,-0.823822674539933,345.3468,"0"
"7849",360,36000352,16,0,-1.8905,-0.423839700559163,443.4169,"1"
"7850",360,36000211,16,1,-0.9398,0.488939496184759,450.5483,"0"
"7851",360,36000283,16,1,-0.9117,0.515918664616971,345.777,"0"
"7852",360,36000264,16,1,-1.3748,0.0712904475010456,353.9331,"0"
"7853",360,36000291,16,1,-1.222,0.217995676555922,336.1668,"0"
"7854",360,36000315,16,0,-1.5763,-0.122172272751295,423.5172,"0"
"7855",360,36000151,16,1,-1.6576,-0.200229439781148,420.9734,"0"
"7856",360,36000357,16,1,-2.3765,-0.890454499778208,366.5264,"0"
"7857",360,36000394,16,0,-1.5905,-0.13580587388074,345.1628,"1"
"7858",360,36000230,16,1,-2.9767,-1.46671417568617,338.2656,"0"
"7859",360,36000329,16,0,-3.0649,-1.55139612072963,365.0346,"0"
"7860",360,36000071,16,0,0.6103,1.97721027863217,272.5521,"0"
"7861",360,36000243,16,1,-1.8788,-0.412606381318705,339.0566,"0"
"7862",360,36000144,16,1,-0.8227,0.601368699864903,345.7963,"0"
"7863",360,36000366,16,1,-0.6141,0.801648220681967,325.1917,"0"
"7864",360,36000204,16,0,-2.3337,-0.849361673838753,368.935,"0"
"7865",360,36000243,16,0,-1.8612,-0.395708396820237,357.2093,"0"
"7866",360,36000313,16,0,-3.366,-1.84048607143921,363.58,"0"
"7867",360,36000011,16,0,-0.2066,1.19289416858682,447.0322,"0"
"7868",360,36000280,16,0,-0.01,1.38165233633675,498.1912,"1"
"7869",360,36000109,16,0,-0.5329,0.87960937643626,400.9852,"1"
"7870",360,36000276,16,0,-1.6092,-0.153759982410362,285.2152,"0"
"7871",360,36000064,16,0,-2.7268,-1.22678199806305,349.4108,"0"
"7872",360,36000065,16,0,-0.0121,1.37963609955,395.7674,"0"
"7873",360,36000359,16,0,-1.5965,-0.141566550414309,413.6546,"0"
"7874",360,36000035,16,0,-2.6566,-1.1593820826203,365.2478,"0"
"7875",360,36000348,16,1,-0.9552,0.4741537597486,306.2096,"0"
"7876",360,36000214,16,0,-1.3926,0.0542004404514592,417.2195,"0"
"7877",360,36000381,16,1,-0.7367,0.683938396846051,476.8498,"1"
"7878",360,36000127,16,1,-2.7474,-1.2465603208283,274.9634,"0"
"7879",360,36000096,16,0,-1.0928,0.342042244578763,342.2924,"1"
"7880",360,36000111,16,0,0.9557,2.30883322441459,470.4469,"1"
"7881",360,36000336,16,0,-2.3662,-0.880565338395582,325.914,"0"
"7882",360,36000022,16,1,-1.6453,-0.188420052887332,384.1827,"0"
"7883",360,36000056,16,1,-1.7087,-0.249291201592039,381.3313,"0"
"7884",360,36000319,16,1,-0.4839,0.926654901460402,521.5655,"1"
"7885",360,36000325,16,0,-1.7473,-0.286351553957996,471.8358,"1"
"7886",360,36000159,16,0,-0.3855,1.02112999661092,424.6009,"0"
"7887",360,36000049,16,0,-1.4213,0.0266452043658901,480.7638,"0"
"7888",360,36000073,16,0,0.2331,1.61505574722183,408.0448,"0"
"7889",360,36000008,16,0,-0.5667,0.847157565297157,421.3856,"0"
"7890",360,36000360,16,1,-3.1315,-1.61533963025224,278.7782,"0"
"7891",360,36000193,16,0,-2.6835,-1.18520911574579,364.7927,"0"
"7892",360,36000334,16,0,0.1577,1.54266324544999,460.5883,"1"
"7893",360,36000070,16,1,-2.3611,-0.875668763342049,341.1993,"0"
"7894",360,36000234,16,1,-0.2419,1.15900218831433,448.8181,"0"
"7895",360,36000080,16,0,0.2909,1.67055026449521,401.8432,"1"
"7896",360,36000225,16,1,-1.0329,0.399552998638888,372.6013,"1"
"7897",360,36000280,16,0,0.5453,1.91480294951851,465.5987,"0"
"7898",360,36000251,16,1,-0.951,0.478186233322098,316.6764,"0"
"7899",360,36000198,16,1,-0.7787,0.643613661111072,337.2549,"0"
"7900",360,36000027,16,0,-0.0931,1.30186696634683,384.9388,"1"
"7901",360,36000064,16,0,-1.5194,-0.0675418569579543,335.3893,"0"
"7902",360,36000198,16,1,-1.8371,-0.372569679410404,363.8519,"0"
"7903",360,36000074,16,1,-2.4915,-1.0008674666716,377.7624,"0"
"7904",360,36000267,16,0,0.101,1.48822485220777,425.1409,"1"
"7905",360,36000149,16,1,-0.9013,0.525903837275156,372.6836,"0"
"7906",360,36000202,16,0,-2.6383,-1.14181201919291,353.0386,"0"
"7907",360,36000385,16,0,-1.5339,-0.081463491914078,534.2518,"0"
"7908",360,36000244,16,0,-1.6878,-0.229224845000109,401.6856,"1"
"7909",360,36000301,16,0,-1.7597,-0.298256952127371,441.7304,"1"
"7910",360,36000080,16,1,-0.1407,1.25616559918052,440.2768,"1"
"7911",360,36000244,16,1,-2.0873,-0.612789890860209,343.2454,"1"
"7912",360,36000036,16,0,-2.3383,-0.853778192514489,431.5168,"1"
"7913",360,36000140,16,1,-1.0963,0.338681849934181,420.977,"0"
"7914",360,36000395,16,1,-2.5408,-1.04820102552242,311.2644,"0"
"7915",360,36000070,16,0,-1.8229,-0.358936078280959,383.6247,"0"
"7916",360,36000239,16,0,-1.9874,-0.516874626576294,353.1352,"0"
"7917",360,36000102,16,0,-1.7629,-0.301329312945274,418.5266,"1"
"7918",360,36000337,16,1,-1.0972,0.337817748454146,340.5596,"0"
"7919",360,36000082,16,0,0.8078,2.16683254786213,462.1477,"0"
"7920",360,36000307,16,0,-3.071,-1.55725280853876,336.1452,"0"
"7921",360,36000224,16,0,-1.7829,-0.320531568057169,434.4017,"0"
"7922",360,36000336,16,0,-2.6468,-1.14997297761547,306.9717,"0"
"7923",360,36000369,16,1,1.1748,2.5191939291654,424.8206,"0"
"7924",360,36000074,16,1,-2.4725,-0.982625324315304,370.2563,"1"
"7925",360,36000165,16,0,-0.7883,0.634396578657362,324.5532,"0"
"7926",360,36000109,16,1,-0.2267,1.17359590219937,301.2801,"0"
"7927",360,36000376,16,1,-0.8791,0.54721834044936,365.0098,"0"
"7928",360,36000281,16,0,-2.1568,-0.679517727374043,320.3555,"0"
"7929",360,36000315,16,0,0.2563,1.63733036315163,418.4463,"1"
"7930",360,36000079,16,0,-1.5588,-0.105370299528387,365.6223,"0"
"7931",360,36000129,16,1,-2.42,-0.93221940464658,462.1339,"0"
"7932",360,36000314,16,1,-0.7215,0.698532110731091,400.1735,"0"
"7933",360,36000110,16,1,-0.8046,0.618746740741168,358.0672,"0"
"7934",360,36000104,16,1,-1.3662,0.0795474171991604,271.7216,"0"
"7935",360,36000198,16,1,-2.004,-0.532812498319167,381.1059,"1"
"7936",360,36000376,16,1,-2.3546,-0.869428030430684,330.1896,"1"
"7937",360,36000116,16,1,-3.6657,-2.12823186429095,330.0973,"0"
"7938",360,36000369,16,1,-0.7207,0.699300200935567,414.926,"1"
"7939",360,36000285,16,0,-1.3008,0.142338791415057,382.9379,"1"
"7940",360,36000414,16,0,-2.2649,-0.783305916253835,347.3219,"1"
"7941",360,36000092,16,1,-1.1996,0.239502202281245,479.5179,"0"
"7942",360,36000346,16,0,-2.4225,-0.934619686535566,254.06,"1"
"7943",360,36000172,16,0,-2.6303,-1.13413111714815,389.9185,"0"
"7944",360,36000155,16,1,-2.2119,-0.732419940207314,395.6628,"1"
"7945",360,36000384,16,1,-1.9426,-0.473861575125649,384.2185,"1"
"7946",360,36000116,16,1,-3.7577,-2.21656223780567,281.8924,"1"
"7947",360,36000021,6,1,-1.2567,0.184679763936785,370.7091,"0"
"7948",360,36000321,16,1,-1.447,0.00197030654710515,423.274,"1"
"7949",360,36000326,16,1,-1.3282,0.116031701911761,285.6133,"0"
"7950",360,36000265,16,0,-2.8381,-1.33364254776074,400.0564,"0"
"7951",360,36000182,16,1,-0.3373,1.06740743143059,310.0868,"0"
"7952",360,36000119,16,0,-2.4656,-0.9760005463017,329.1349,"0"
"7953",360,36000251,16,1,-2.209,-0.729635613216089,314.5892,"0"
"7954",360,36000017,16,1,-0.904,0.523311532835051,348.3014,"0"
"7955",360,36000329,16,1,-1.6333,-0.176898699820195,435.526,"0"
"7956",360,36000296,16,1,-1.4644,-0.0147356554002432,263.017,"0"
"7957",360,36000370,16,0,-0.0267,1.36561845331832,310.9632,"0"
"7958",360,36000163,16,1,-3.4318,-1.90366149075734,346.3625,"0"
"7959",360,36000023,16,0,-1.5339,-0.081463491914078,369.7732,"0"
"7960",360,36000144,16,1,0.6754,2.03971361902139,344.2034,"1"
"7961",360,36000111,16,0,-0.3455,1.05953450683471,479.3414,"1"
"7962",360,36000321,16,0,-2.1817,-0.703424534988353,326.3401,"1"
"7963",360,36000120,16,0,-1.3652,0.0805075299547552,474.0103,"1"
"7964",360,36000161,16,0,0.1738,1.55812106081506,354.8343,"0"
"7965",360,36000184,16,1,-0.6941,0.724839200234387,344.775,"1"
"7966",360,36000320,16,1,0.5408,1.91048244211834,428.9361,"0"
"7967",360,36000049,16,1,0.547,1.91643514120302,482.7546,"0"
"7968",360,36000142,16,0,-0.9676,0.462248361579225,456.6785,"1"
"7969",360,36000225,16,0,-0.8004,0.622779214314666,428.3671,"0"
"7970",360,36000382,16,1,-1.4026,0.0445993128955117,504.1612,"1"
"7971",360,36000267,16,1,-1.9688,-0.499016529322232,422.3652,"0"
"7972",360,36000240,16,0,0.7097,2.07264548653829,469.9328,"1"
"7973",360,36000071,16,0,-0.7915,0.631324217839459,272.304,"0"
"7974",360,36000285,16,0,-0.2699,1.13211903115768,397.7025,"1"
"7975",360,36000178,16,1,-2.0466,-0.573713301707503,386.6582,"1"
"7976",360,36000220,16,1,-1.5539,-0.100665747025973,462.718,"0"
"7977",360,36000288,16,1,-3.2991,-1.77625452808992,346.0418,"0"
"7978",360,36000284,16,1,-1.1037,0.331577015542781,381.5015,"0"
"7979",360,36000091,16,1,-1.7657,-0.304017628660939,318.4511,"0"
"7980",360,36000089,16,1,0.4198,1.79430879869137,345.3606,"1"
"7981",360,36000255,16,0,-1.3043,0.138978396770475,286.3224,"0"
"7982",360,36000187,16,0,0.1309,1.51693222360005,399.47,"0"
"7983",360,36000257,16,1,-1.3522,0.0929889957774868,337.4049,"1"
"7984",360,36000226,16,0,-1.0038,0.427492279826695,471.2559,"0"
"7985",360,36000292,16,1,1.1715,2.51602555707194,449.8571,"1"
"7986",360,36000212,16,0,-0.9248,0.50334118751868,391.7857,"0"
"7987",360,36000026,16,1,-2.4445,-0.955742167158651,309.1103,"1"
"7988",360,36000279,16,0,0.7454,2.10692151191302,430.6578,"0"
"7989",360,36000090,16,1,-1.7489,-0.287887734366948,393.094,"1"
"7990",360,36000049,16,0,0.5403,1.91000238574054,461.8757,"0"
"7991",360,36000032,16,0,-2.988,-1.47756344982439,374.2536,"0"
"7992",360,36000007,16,1,-2.4099,-0.922522265815073,373.4753,"0"
"7993",360,36000302,16,1,-0.6951,0.723879087478792,355.8672,"1"
"7994",360,36000057,16,0,-1.7383,-0.277710539157643,457.3004,"1"
"7995",360,36000297,16,1,0.2247,1.60699080007484,321.8052,"0"
"7996",360,36000074,16,1,-1.6985,-0.239498051484973,379.5323,"0"
"7997",360,36000131,16,1,-0.3733,1.03284337222918,317.0313,"0"
"7998",360,36000070,16,0,-1.4617,-0.0121433509601375,377.987,"0"
"7999",360,36000257,16,1,-1.5208,-0.0688860148157868,334.8946,"1"
"8000",360,36000070,16,0,-1.4804,-0.0300974594897591,350.8195,"0"
"8001",360,36000350,16,0,-2.4085,-0.92117810795724,443.3348,"0"
"8002",360,36000183,16,1,-2.5179,-1.02621444341931,324.5237,"1"
"8003",360,36000300,16,0,-0.9715,0.458503921832405,403.2948,"1"
"8004",360,36000221,16,0,-0.6331,0.783406078325666,390.7653,"1"
"8005",360,36000394,16,0,-0.9385,0.490187642767032,366.2083,"0"
"8006",360,36000220,16,1,0.304,1.6831277415935,335.2631,"1"
"8007",360,36000104,16,0,-1.9904,-0.519754964843078,350.5639,"1"
"8008",360,36000396,16,0,-1.4214,0.0265491930903306,411.533,"0"
"8009",360,36000085,16,0,-1.6852,-0.226728551835563,274.9349,"0"
"8010",360,36000198,16,0,-0.9758,0.454375436983348,346.5828,"1"
"8011",360,36000004,16,0,-2.0379,-0.565360320733828,442.3574,"0"
"8012",360,36000352,16,0,-2.0779,-0.603764830957618,445.6237,"0"
"8013",360,36000390,16,1,-2.6638,-1.16629489446058,318.6109,"0"
"8014",360,36000193,16,0,-2.2673,-0.785610186867262,366.2953,"1"
"8015",360,36000137,16,1,-1.806,-0.342710172711408,330.8046,"1"
"8016",360,36000186,16,1,-1.4523,-0.00311829105754685,374.7005,"0"
"8017",360,36000062,16,1,-0.4362,0.972452279902271,355.2684,"0"
"8018",360,36000325,16,1,-2.8695,-1.36379008828642,370.6858,"0"
"8019",360,36000111,16,1,-0.4091,0.998471335578889,428.5819,"1"
"8020",360,36000105,16,1,-1.9251,-0.457059601902741,378.066,"0"
"8021",360,36000150,16,1,-1.4731,-0.0230886363739177,335.95,"1"
"8022",360,36000106,16,1,-2.8367,-1.33229838990291,325.605,"0"
"8023",360,36000071,16,1,-1.0132,0.418467219924105,273.808,"0"
"8024",360,36000213,16,1,-1.0253,0.406849855581408,428.6978,"0"
"8025",360,36000174,16,1,-0.178,1.22035339339683,391.5332,"1"
"8026",360,36000360,16,0,-1.16,0.277522667402797,267.1352,"1"
"8027",360,36000187,16,0,-0.8289,0.595416000780216,458.8551,"1"
"8028",360,36000367,16,1,-2.7147,-1.21516463372035,379.3479,"0"
"8029",360,36000395,16,1,-2.0062,-0.534924746381475,344.8925,"0"
"8030",360,36000079,16,1,-1.6347,-0.178242857678028,346.9843,"0"
"8031",360,36000179,16,0,-0.9915,0.439301666720511,484.3619,"1"
"8032",360,36000052,16,1,-2.4454,-0.956606268638686,321.0546,"0"
"8033",360,36000339,16,1,0.2643,1.64501126519639,427.699,"1"
"8034",360,36000269,16,0,-1.2822,0.160196888669119,489.7891,"1"
"8035",360,36000101,16,0,-2.0502,-0.577169707627644,436.5837,"0"
"8036",360,36000072,16,0,0.1903,1.57396292128238,529.9714,"1"
"8037",360,36000041,16,0,-1.5593,-0.105850355906184,376.2818,"0"
"8038",360,36000145,16,1,-1.1611,0.276466543371642,319.15,"0"
"8039",360,36000322,16,1,-0.8956,0.531376479982047,323.164,"1"
"8040",360,36000368,16,0,-2.4259,-0.937884069904589,399.7016,"0"
"8041",360,36000226,16,0,-1.2567,0.184679763936785,508.8251,"0"
"8042",360,36000378,16,1,-0.1112,1.28448892547056,389.7258,"0"
"8043",360,36000237,16,1,-1.0551,0.378238495464685,317.7036,"0"
"8044",360,36000059,16,1,-1.7921,-0.329364605408641,350.9884,"0"
"8045",360,36000034,16,1,-1.3923,0.0544884742781376,263.8745,"0"
"8046",360,36000278,16,0,-2.5374,-1.0449366421534,416.2137,"1"
"8047",360,36000241,16,1,-0.9352,0.493356014860495,291.2065,"1"
"8048",360,36000120,16,1,-0.4044,1.00298386553018,558.7238,"1"
"8049",360,36000151,16,0,0.1858,1.5696424138822,378.2506,"1"
"8050",360,36000348,16,1,-0.846,0.578998072659546,352.1754,"1"
"8051",360,36000230,16,0,-1.9318,-0.463492357365226,429.0918,"1"
"8052",360,36000217,16,1,-2.1875,-0.708993188970802,283.5596,"1"
"8053",360,36000235,16,1,-1.9331,-0.464740503947499,322.3603,"0"
"8054",360,36000363,16,0,-2.3781,-0.89199068018716,378.6139,"1"
"8055",360,36000229,16,0,-2.075,-0.600980503966393,314.8561,"1"
"8056",360,36000210,16,1,-3.3613,-1.83597354148791,341.5163,"0"
"8057",360,36000019,16,0,-1.5366,-0.0840557963541837,502.4645,"0"
"8058",360,36000267,16,0,-2.7968,-1.29398989095468,379.3788,"0"
"8059",360,36000255,16,0,-1.0814,0.352987529992543,440.7201,"1"
"8060",360,36000132,16,1,-0.7452,0.675777438423496,370.6846,"0"
"8061",360,36000041,16,0,-2.3833,-0.896983266516253,330.2978,"0"
"8062",360,36000318,16,0,-0.7503,0.670880863369963,439.1082,"1"
"8063",360,36000376,16,1,-1.676,-0.217895514484091,321.4374,"0"
"8064",360,36000260,16,0,-0.5906,0.824210870438443,415.3705,"0"
"8065",360,36000117,16,0,-0.1442,1.25280520453594,306.4296,"0"
"8066",360,36000152,16,1,-1.1418,0.294996719554621,398.1259,"0"
"8067",360,36000180,16,0,-2.1023,-0.62719158219413,376.6382,"0"
"8068",360,36000183,16,1,-2.0718,-0.59790814314849,309.8427,"0"
"8069",360,36000228,16,1,-1.9395,-0.470885225583306,386.6542,"0"
"8070",360,36000002,16,1,-3.0827,-1.56848612777922,324.9041,"0"
"8071",360,36000065,16,0,-1.8584,-0.393020081104572,345.9626,"0"
"8072",360,36000373,16,0,-2.6276,-1.13153881270805,433.2918,"1"
"8073",360,36000260,16,0,-1.1865,0.252079679379536,462.272,"1"
"8074",360,36000065,16,0,-1.9006,-0.43353683939067,318.618,"0"
"8075",360,36000190,16,0,-0.4975,0.913597367984314,450.4436,"1"
"8076",360,36000384,16,0,-1.6949,-0.236041645564832,347.232,"1"
"8077",360,36000158,16,0,-2.1718,-0.693919418707965,295.6914,"0"
"8078",360,36000192,16,1,-1.2327,0.207722470071059,322.0083,"0"
"8079",360,36000320,16,1,-2.3282,-0.844081053682982,327.6277,"1"
"8080",360,36000098,16,0,-2.285,-0.80260418264129,350.0033,"0"
"8081",360,36000261,17,1,-1.3972,0.0497839217757234,256.2991,"1"
"8082",360,36000204,16,0,-1.8555,-0.390235754113347,407.6353,"0"
"8083",360,36000230,16,0,0.0808,1.46883057454475,347.8982,"0"
"8084",360,36000036,16,0,-2.3548,-0.869620052981802,385.2746,"1"
"8085",360,36000255,16,0,-1.4346,0.0138757047164799,414.2069,"0"
"8086",360,36000041,16,0,-1.3975,0.049495887949045,384.2875,"1"
"8087",360,36000037,16,1,-2.3912,-0.904568157285451,414.8762,"1"
"8088",360,36000251,16,1,-0.495,0.9159976498733,315.757,"1"
"8089",360,36000048,16,1,-2.1226,-0.646681871132703,412.2431,"0"
"8090",360,36000344,16,0,-3.2726,-1.75081154006666,285.6727,"0"
"8091",360,36000086,16,0,-2.507,-1.01574921438332,343.9467,"0"
"8092",360,36000150,16,1,-2.0197,-0.547886268582004,382.8612,"1"
"8093",360,36000142,16,0,-1.4828,-0.0324017301031865,317.4526,"1"
"8094",360,36000409,16,0,-1.4256,0.0225167195168327,355.1323,"0"
"8095",360,36000201,16,0,-1.9776,-0.507465521571465,389.9039,"1"
"8096",360,36000318,16,1,-0.574,0.840148742181316,419.8447,"0"
"8097",360,36000001,16,1,-1.4118,0.0357662755440402,448.8135,"1"
"8098",360,36000149,16,1,-1.7151,-0.255435923227845,377.9276,"1"
"8099",360,36000171,16,1,-0.1858,1.2128645139032,401.0971,"0"
"8100",360,36000108,16,0,-1.5924,-0.13763008811637,300.2439,"0"
"8101",360,36000280,16,1,0.0325,1.42245712844953,433.161,"0"
"8102",360,36000260,16,0,-0.2444,1.15660190642534,414.4664,"0"
"8103",360,36000120,16,1,-0.3633,1.04244449978513,396.783,"1"
"8104",360,36000394,16,0,0.2015,1.58471618414504,512.1068,"0"
"8105",360,36000091,16,1,-1.9115,-0.444002068426653,329.738,"0"
"8106",360,36000117,16,1,-0.7402,0.680578002201469,359.3517,"0"
"8107",360,36000227,16,0,0.4503,1.82359223773701,523.0853,"1"
"8108",360,36000001,16,1,0.3871,1.76291311158342,414.4944,"0"
"8109",360,36000134,16,0,-1.684,-0.225576416528849,284.439,"0"
"8110",360,36000158,16,1,-2.9034,-1.39633791070108,301.9667,"1"
"8111",360,36000026,16,1,-2.3645,-0.878933146711071,425.5587,"0"
"8112",360,36000260,16,1,-1.7186,-0.258796317872427,481.8799,"1"
"8113",360,36000114,16,0,-0.2825,1.12002161043718,330.0468,"0"
"8114",360,36000243,16,0,-1.9473,-0.478374105076945,338.2694,"0"
"8115",360,36000256,16,0,-1.1656,0.272146035971466,392.6979,"1"
"8116",360,36000313,16,1,-2.9832,-1.47295490859754,345.1766,"0"
"8117",360,36000044,16,1,0.6696,2.03414496503894,544.0639,"1"
"8118",360,36000049,16,1,-0.9148,0.512942315074627,375.9904,"1"
"8119",360,36000165,16,1,-2.1169,-0.641209228425813,321.1349,"0"
"8120",360,36000255,16,1,-1.8169,-0.35317540174739,445.419,"1"
"8121",360,36000414,16,1,-0.6774,0.740873083252819,406.5244,"1"
"8122",360,36000144,16,0,-0.6797,0.738664823914951,341.6001,"0"
"8123",360,36000045,16,0,-1.5948,-0.139934358729798,385.3834,"1"
"8124",360,36000414,16,1,-3.2164,-1.69685320320223,415.8475,"0"
"8125",360,36000066,16,1,0.221,1.60343838287914,313.4076,"1"
"8126",360,36000169,16,0,-1.6253,-0.169217797775437,361.0258,"1"
"8127",360,36000079,16,0,-1.977,-0.506889453918109,354.1972,"0"
"8128",360,36000006,16,0,-1.5054,-0.0541002783796278,355.4101,"0"
"8129",360,36000282,16,0,-3.1594,-1.64212677613333,330.7143,"0"
"8130",360,36000307,16,1,-0.8546,0.570741102961431,378.0318,"0"
"8131",360,36000030,16,1,-0.4028,1.00452004593914,362.2044,"0"
"8132",360,36000196,16,0,-3.3876,-1.86122450696005,354.5397,"1"
"8133",360,36000408,16,0,-3.2195,-1.69982955274458,364.026,"0"
"8134",360,36000029,16,1,-0.3811,1.02535449273554,375.8838,"0"
"8135",360,36000013,16,1,-1.5339,-0.081463491914078,415.4811,"0"
"8136",360,36000131,16,0,-1.3583,0.0871323079683588,352.983,"1"
"8137",360,36000039,16,1,-1.8095,-0.346070567355989,350.0156,"0"
"8138",360,36000283,16,1,-3.4912,-1.96069218843967,336.6995,"0"
"8139",360,36000198,16,0,-1.6752,-0.217127424279615,328.9564,"0"
"8140",360,36000353,16,0,-1.8698,-0.403965366518352,376.0217,"1"
"8141",360,36000264,16,1,-1.5834,-0.128989073316018,330.5575,"0"
"8142",360,36000205,16,0,-1.5819,-0.127548904182626,460.8191,"1"
"8143",360,36000124,16,0,-1.9638,-0.494215965544258,329.1824,"0"
"8144",360,36000022,16,1,-1.5804,-0.126108735049234,384.6856,"1"
"8145",360,36000338,16,1,-0.1175,1.27844021511032,487.6126,"1"
"8146",360,36000114,16,1,-2.3276,-0.843504986029625,365.8061,"0"
"8147",360,36000049,16,0,-0.8863,0.540305528609078,395.0143,"0"
"8148",360,36000104,16,1,-3.0282,-1.5161599825993,327.9042,"0"
"8149",360,36000323,16,1,0.3625,1.73929433779579,384.5061,"0"
"8150",360,36000073,16,0,-1.331,0.113343386196095,393.8727,"0"
"8151",360,36000259,16,1,-1.7812,-0.318899376372658,341.4897,"0"
"8152",360,36000293,16,0,-1.9111,-0.443618023324415,327.0978,"0"
"8153",360,36000003,16,0,-2.0074,-0.536076881688189,366.611,"1"
"8154",360,36000049,16,0,0.3957,1.77117008128154,576.1823,"0"
"8155",360,36000282,16,1,-0.9008,0.526383893652954,341.1203,"1"
"8156",360,36000139,16,0,-0.1699,1.22813030671715,289.3965,"1"
"8157",360,36000156,16,0,-1.5387,-0.0860720331409327,391.2455,"0"
"8158",360,36000157,16,1,-1.9091,-0.441697797813225,370.9571,"1"
"8159",360,36000048,16,1,-1.8688,-0.403005253762757,404.6505,"0"
"8160",360,36000410,16,1,-0.1852,1.21344058155655,432.9873,"1"
"8161",360,36000234,16,1,0.0787,1.466814337758,274.6561,"0"
"8162",360,36000199,16,0,-1.0289,0.403393449661267,288.9046,"0"
"8163",360,36000179,16,0,-0.3567,1.04878124397205,323.7025,"0"
"8164",360,36000164,16,0,-0.4741,0.936064006465231,429.8038,"1"
"8165",360,36000132,16,0,-2.298,-0.815085648464021,348.0907,"0"
"8166",360,36000198,16,1,-1.5568,-0.103450074017198,330.6822,"1"
"8167",360,36000322,16,1,-1.1056,0.329752801307151,317.7128,"1"
"8168",360,36000265,16,1,-0.4502,0.959010701323945,399.8085,"1"
"8169",360,36000211,16,1,-2.6247,-1.12875448571682,394.5432,"1"
"8170",360,36000392,16,1,-2.6256,-1.12961858719686,377.7357,"0"
"8171",360,36000005,16,0,-2.5819,-1.08766165977737,357.0603,"0"
"8172",360,36000082,16,0,-0.4449,0.964099298928597,477.4035,"0"
"8173",360,36000260,16,0,-0.801,0.622203146661309,399.818,"1"
"8174",360,36000340,16,0,0.2918,1.67141436597524,492.9895,"1"
"8175",360,36000209,16,0,-0.9209,0.507085627265499,378.738,"1"
"8176",360,36000003,16,0,-1.5871,-0.132541490511718,456.2116,"1"
"8177",360,36000010,16,1,-0.8488,0.57630975694388,308.2361,"1"
"8178",360,36000090,16,0,-0.6578,0.759691293262476,425.1458,"0"
"8179",360,36000146,16,0,-3.0647,-1.55120409817851,321.9667,"1"
"8180",360,36000260,16,0,-0.4171,0.990790433534131,402.1673,"0"
"8181",360,36000012,16,0,-1.0705,0.363452759028526,438.7587,"0"
"8182",360,36000206,16,1,-1.6967,-0.237769848524902,323.4901,"0"
"8183",360,36000220,16,1,-0.8975,0.529552265746416,367.9333,"0"
"8184",360,36000174,16,0,-1.3605,0.0850200599060504,454.9198,"0"
"8185",360,36000293,16,0,-1.4829,-0.0324977413787462,292.8423,"1"
"8186",360,36000178,16,0,-1.989,-0.518410806985246,389.0117,"1"
"8187",360,36000111,16,1,0.9016,2.25689112433692,417.626,"1"
"8188",360,36000155,16,1,-0.7543,0.667040412347584,343.1476,"0"
"8189",360,36000027,16,0,-1.9967,-0.525803675203325,426.1281,"0"
"8190",360,36000409,16,1,-1.8804,-0.414142561727656,381.5703,"1"
"8191",360,36000191,16,1,0.1354,1.52125273100023,345.1776,"0"
"8192",360,36000280,16,1,0.0161,1.40671127925777,547.9766,"1"
"8193",360,36000247,16,1,-1.5339,-0.081463491914078,412.5081,"0"
"8194",360,36000008,16,0,-0.2999,1.10331564848983,525.0991,"1"
"8195",360,36000063,1,0,-2.0269,-0.554799080422286,287.5179,"0"
"8196",360,36000076,16,1,-1.5329,-0.0805033791584831,356.9802,"0"
"8197",360,36000091,16,1,-1.6308,-0.174498417931209,374.3694,"0"
"8198",360,36000406,16,0,-2.7884,-1.28592494380768,353.6163,"1"
"8199",360,36000069,16,0,-0.3033,1.10005126512081,507.1585,"1"
"8200",360,36000304,16,0,-0.3132,1.09054614884042,342.626,"0"
"8201",360,36000070,16,1,0.2769,1.65710868591688,354.5406,"0"
"8202",360,36000102,16,0,-1.0782,0.356059890810446,436.2429,"0"
"8203",360,36000193,16,1,-2.822,-1.31818473239567,388.1739,"0"
"8204",360,36000091,16,1,-1.735,-0.274542167064181,421.6926,"0"
"8205",360,36000203,16,0,-1.2977,0.1453151409574,329.3547,"0"
"8206",360,36000209,16,1,-1.2608,0.180743301638846,402.1072,"1"
"8207",360,36000221,16,1,-2.7936,-1.29091753013678,431.5643,"0"
"8208",360,36000022,16,1,-2.7108,-1.21142019397353,385.718,"0"
"8209",360,36000209,16,1,-1.3131,0.130529404521241,456.1187,"1"
"8210",360,36000224,16,1,-0.8352,0.589367290419969,345.7032,"0"
"8211",360,36000170,16,0,-2.0764,-0.602324661824226,370.971,"1"
"8212",360,36000394,16,0,0.0018,1.39298166685277,427.4364,"1"
"8213",360,36000290,16,0,0.7604,2.12132320324694,469.5462,"0"
"8214",360,36000350,16,0,-1.1394,0.297300990168048,396.7661,"0"
"8215",360,36000034,16,0,-1.9819,-0.511594006420523,412.8362,"0"
"8216",360,36000080,16,1,0.0913,1.4789117584785,507.5485,"1"
"8217",360,36000414,16,1,-0.7619,0.659743555405064,416.3176,"1"
"8218",360,36000027,16,1,-1.6926,-0.233833386226964,410.6864,"0"
"8219",360,36000400,16,1,-1.6469,-0.189956233296284,374.2002,"0"
"8220",360,36000301,16,1,-1.6059,-0.1505916103169,336.5126,"0"
"8221",360,36000017,16,1,-1.0981,0.336953646974111,354.6655,"0"
"8222",360,36000203,16,0,-1.4996,-0.0485316243971783,489.4526,"1"
"8223",360,36000058,16,1,-0.5488,0.864343583622303,432.1907,"1"
"8224",360,36000392,16,0,-2.6933,-1.19461822075062,362.3501,"0"
"8225",360,36000227,16,1,0.7109,2.073797621845,555.6754,"0"
"8226",360,36000319,16,0,-0.4265,0.98176537363154,527.5859,"0"
"8227",360,36000283,16,1,-2.1717,-0.693823407432405,351.3609,"1"
"8228",360,36000184,16,1,-2.1279,-0.651770468737355,320.1275,"1"
"8229",360,36000204,16,0,-2.2797,-0.797515585036637,362.4285,"0"
"8230",360,36000375,16,1,-2.9837,-1.47343496497534,288.016,"0"
"8231",360,36000227,16,1,0.3506,1.72786899600422,476.2297,"1"
"8232",360,36000400,16,0,-0.3847,1.0218980868154,268.0121,"0"
"8233",360,36000208,16,0,-3.3122,-1.78883200518821,374.5138,"1"
"8234",360,36000087,16,1,-1.9662,-0.496520236157685,370.2424,"0"
"8235",360,36000105,16,0,-3.1147,-1.59920973595825,331.3395,"0"
"8236",360,36000210,16,0,-3.1413,-1.62474873525707,316.0946,"0"
"8237",360,36000280,16,0,-0.6503,0.766892138929437,494.5421,"1"
"8238",360,36000306,16,0,-3.2485,-1.72767282265682,371.3926,"0"
"8239",360,36000147,16,0,-2.0504,-0.577361730178762,342.318,"1"
"8240",360,36000217,16,0,0.2316,1.61361557808844,323.4576,"0"
"8241",360,36000321,16,1,-2.1679,-0.690174978961145,346.2361,"1"
"8242",360,36000287,16,0,0.3201,1.69858555695858,446.111,"1"
"8243",360,36000144,16,1,-1.3388,0.105854506702456,424.3876,"1"
"8244",360,36000364,16,1,-1.9597,-0.490279503246319,355.6305,"1"
"8245",360,36000045,16,1,-2.8888,-1.38232026446939,350.6371,"0"
"8246",360,36000069,16,0,0.3086,1.68754426026924,461.7786,"1"
"8247",360,36000356,16,0,-2.7099,-1.2105560924935,376.1474,"1"
"8248",360,36000048,16,1,-2.9945,-1.48380418273576,376.0054,"0"
"8249",360,36000390,16,1,-3.4745,-1.94465830542124,368.9339,"0"
"8250",360,36000287,16,1,0.6612,2.02608001789194,449.5774,"0"
"8251",360,36000299,16,0,-1.2661,0.175654704034194,307.1549,"0"
"8252",360,36000123,16,0,-0.9915,0.439301666720511,346.6839,"0"
"8253",360,36000090,16,0,-0.5055,0.905916465939556,400.7984,"0"
"8254",360,36000253,16,1,0.0646,1.45327674790412,405.0815,"1"
"8255",360,36000005,16,1,-2.1889,-0.710337346828634,417.6253,"0"
"8256",360,36000085,16,0,-2.4774,-0.987329876817718,335.3475,"0"
"8257",360,36000410,16,0,-2.0916,-0.616918375709266,398.9733,"1"
"8258",360,36000368,16,1,-0.2245,1.17570815026168,347.001,"0"
"8259",360,36000215,16,0,-2.3921,-0.905432258765486,384.2473,"0"
"8260",360,36000209,16,1,-0.5196,0.89237887608567,379.5995,"0"
"8261",360,36000393,16,0,-1.4273,0.0208845278323216,477.8636,"0"
"8262",360,36000345,16,0,-3.6282,-2.09222763595615,363.3462,"0"
"8263",360,36000414,16,1,-2.0681,-0.594355725952789,364.7729,"1"
"8264",360,36000353,16,0,-0.0382,1.35457715662898,377.03,"0"
"8265",360,36000229,16,1,-0.7436,0.677313618832447,286.581,"0"
"8266",360,36000356,16,1,-1.8375,-0.372953724512642,378.2475,"1"
"8267",360,36000016,16,0,-0.6985,0.72061470410977,315.3636,"1"
"8268",360,36000109,16,0,0.2486,1.62993749493355,515.7088,"1"
"8269",360,36000306,16,1,-3.2181,-1.69848539488674,314.9643,"0"
"8270",360,36000372,16,0,-2.8774,-1.37137497905562,366.2838,"0"
"8271",360,36000414,16,0,-2.5793,-1.08516536661282,394.4047,"1"
"8272",360,36000046,16,1,-1.0371,0.39552052506539,298.1275,"0"
"8273",360,36000073,16,1,-1.3435,0.101341976751161,408.4636,"0"
"8274",360,36000250,16,1,-3.3444,-1.81974763591836,401.0925,"0"
"8275",360,36000023,16,0,-2.4342,-0.945853005776025,360.2551,"0"
"8276",360,36000309,16,1,-1.2864,0.156164415095621,329.5938,"0"
"8277",360,36000025,16,1,-1.3891,0.0575608350960408,421.3723,"0"
"8278",360,36000274,16,1,-1.5959,-0.140990482760952,356.6673,"0"
"8279",360,36000190,16,1,0.224,1.60631872114592,481.9122,"1"
"8280",360,36000192,16,1,-1.5586,-0.105178276977268,286.7829,"0"
"8281",360,36000384,16,1,-0.8909,0.535889009933342,438.8659,"1"
"8282",360,36000352,16,0,-2.1621,-0.684606324978696,376.5861,"0"
"8283",360,36000183,16,1,-1.6727,-0.214727142390628,338.9002,"1"
"8284",360,36000303,16,1,-3.0293,-1.51721610663046,322.3545,"0"
"8285",360,36000317,16,1,-1.5182,-0.0663897216512405,366.1324,"0"
"8286",360,36000403,16,0,-2.9441,-1.43541449985378,340.2425,"0"
"8287",360,36000399,16,0,-2.7611,-1.25971386557995,278.2358,"0"
"8288",360,36000029,16,1,-1.1525,0.284723513069757,351.2801,"0"
"8289",360,36000155,16,1,-2.8583,-1.35303682542376,429.3105,"1"
"8290",360,36000231,16,1,0.3585,1.73545388677341,408.8814,"1"
"8291",360,36000092,16,1,-0.8806,0.545778171315968,452.454,"1"
"8292",360,36000330,16,1,-1.136,0.30056537353707,361.798,"0"
"8293",360,36000099,16,0,-0.5689,0.845045317234849,459.3002,"0"
"8294",360,36000024,16,1,-1.6525,-0.195332864727615,335.6914,"1"
"8295",360,36000314,16,0,-2.3811,-0.894871018453944,415.8819,"1"
"8296",360,36000142,16,0,0.4493,1.82263212498142,391.1836,"0"
"8297",360,36000092,16,1,-1.3652,0.0805075299547552,477.0073,"1"
"8298",360,36000096,16,0,-0.8206,0.603384936651652,462.6073,"1"
"8299",360,36000313,16,1,-0.9259,0.502285063487526,413.36,"1"
"8300",360,36000177,16,0,-1.3598,0.0856921388349669,456.4132,"1"
"8301",360,36000366,16,0,-3.5103,-1.97903034207153,336.013,"1"
"8302",360,36000406,16,0,-0.9888,0.441893971160616,488.1743,"0"
"8303",360,36000396,16,0,-1.7604,-0.298929031056287,426.3544,"1"
"8304",360,36000112,16,1,-0.5789,0.835444189678902,290.8626,"0"
"8305",360,36000280,16,1,0.5625,1.93131688891474,536.5892,"1"
"8306",360,36000134,16,1,-1.0682,0.365661018366394,380.8836,"1"
"8307",360,36000025,16,1,0.6006,1.9678971849029,575.3979,"1"
"8308",360,36000203,16,1,-0.9941,0.436805373555964,424.5128,"1"
"8309",360,36000235,16,0,-0.0311,1.3613939571937,370.7978,"0"
"8310",360,36000075,16,0,-1.9815,-0.511209961318285,378.5709,"1"
"8311",360,36000199,16,0,-0.6049,0.810481258033438,278.0822,"0"
"8312",360,36000400,16,0,-1.3238,0.120256198036377,356.5464,"0"
"8313",360,36000157,16,1,-1.1981,0.240942371414637,260.013,"1"
"8314",360,36000282,16,0,-2.139,-0.662427720324457,363.5437,"1"
"8315",360,36000353,16,0,-2.163,-0.685470426458731,366.9829,"0"
"8316",360,36000164,16,0,-0.8445,0.580438241792938,367.3796,"0"
"8317",360,36000217,3,1,-3.1828,-1.66459341461425,370.567,"0"
"8318",360,36000077,16,1,-1.4285,0.0197323925256079,380.1304,"1"
"8319",360,36000364,16,1,-1.9056,-0.438337403168644,349.5231,"0"
"8320",360,36000268,16,1,-2.2141,-0.734532188269622,310.9488,"1"
"8321",360,36000170,16,0,-2.5966,-1.10177531728461,440.7617,"0"
"8322",360,36000390,16,1,-3.2169,-1.69733325958003,268.9234,"1"
"8323",360,36000383,16,0,-2.912,-1.40459488039919,381.6447,"1"
"8324",360,36000169,1,0,-1.8081,-0.344726409498156,334.6135,"0"
"8325",360,36000254,16,1,-1.6957,-0.236809735769307,283.2997,"1"
"8326",360,36000293,16,1,-0.937,0.491627811900424,337.8529,"0"
"8327",360,36000350,16,0,-1.3285,0.115743668085082,425.7189,"1"
"8328",360,36000353,16,1,-1.1237,0.312374760430886,361.6519,"0"
"8329",360,36000037,16,1,-2.7281,-1.22803014464532,282.4554,"0"
"8330",360,36000060,16,1,-2.9652,-1.45567287899683,347.1198,"1"
"8331",360,36000003,16,0,-1.6574,-0.200037417230029,354.3898,"0"
"8332",360,36000387,16,1,-2.8933,-1.38664077186957,354.5334,"0"
"8333",360,36000114,16,1,-1.4777,-0.0275051550496534,367.3895,"0"
"8334",360,36000366,16,1,-3.1031,-1.58807242799335,365.4141,"0"
"8335",360,36000395,16,1,-3.1801,-1.66200111017414,329.6897,"0"
"8336",360,36000261,16,0,-1.4505,-0.00139008809747629,292.6424,"0"
"8337",360,36000410,16,0,-1.7748,-0.312754654736851,405.5995,"1"
"8338",360,36000307,16,0,-3.1372,-1.62081227295913,402.1484,"0"
"8339",360,36000068,16,1,-0.3728,1.03332342860698,392.3945,"1"
"8340",360,36000204,16,1,-3.6355,-2.09923645907199,309.7681,"0"
"8341",360,36000322,16,0,-2.4123,-0.9248265364285,342.0795,"0"
"8342",360,36000412,16,0,-1.3181,0.125728840743268,369.4997,"1"
"8343",360,36000117,16,1,-1.3783,0.067930052856464,353.5969,"0"
"8344",360,36000245,16,1,-1.3259,0.118239961249629,467.9909,"1"
"8345",360,36000019,16,0,-0.9229,0.50516540175431,398.714,"0"
"8346",360,36000242,16,0,-2.0342,-0.561807903538128,393.2441,"0"
"8347",360,36000185,16,0,-0.08,1.31444444344512,376.0509,"0"
"8348",360,36000197,16,1,-2.3995,-0.912537093156888,344.5266,"0"
"8349",360,36000351,16,0,-0.6425,0.774381018423076,494.5448,"1"
"8350",360,36000327,16,1,-1.8343,-0.369881363694739,445.179,"1"
"8351",360,36000376,16,1,-3.1372,-1.62081227295913,360.087,"0"
"8352",360,36000247,16,1,-1.5339,-0.081463491914078,375.1647,"0"
"8353",360,36000179,16,0,-1.6489,-0.191876458807473,305.2667,"0"
"8354",360,36000399,16,1,0.5235,1.89387249144655,358.015,"0"
"8355",360,36000040,16,0,-1.6092,-0.153759982410362,430.5697,"0"
"8356",360,36000407,16,0,-1.7485,-0.28750368926471,379.4445,"0"
"8357",360,36000307,16,1,-1.0451,0.387839623020632,334.6934,"0"
"8358",360,36000370,16,0,-0.2159,1.18396511995979,405.6551,"1"
"8359",360,36000205,16,1,0.9445,2.29807996155193,453.6156,"1"
"8360",360,36000397,16,1,-1.4096,0.0378785236063486,344.9946,"0"
"8361",360,36000003,16,1,0.1571,1.54208717779663,387.3385,"0"
"8362",360,36000270,16,0,0.6792,2.04336204749265,364.8623,"0"
"8363",360,36000234,16,0,-1.6672,-0.209446522234857,390.3524,"1"
"8364",360,36000413,16,0,-3.29,-1.76751750201401,387.3361,"0"
"8365",360,36000059,16,0,-2.826,-1.32202518341805,359.9261,"1"
"8366",360,36000279,16,1,-0.8886,0.53809726927121,452.4269,"1"
"8367",360,36000139,16,1,-0.2785,1.12386206145956,433.886,"0"
"8368",360,36000253,16,0,0.3152,1.69388100445616,417.5371,"1"
"8369",360,36000173,16,0,-1.698,-0.239017995107175,384.8159,"0"
"8370",360,36000070,16,1,-2.1514,-0.674333118493832,298.5068,"0"
"8371",360,36000372,16,0,-3.9647,-2.41530557821378,323.6718,"0"
"8372",360,36000340,16,1,-0.0771,1.31722877043634,379.7347,"0"
"8373",360,36000098,16,0,-2.1425,-0.665788114969039,406.5453,"1"
"8374",360,36000237,16,0,-2.0738,-0.599828368659679,470.3273,"1"
"8375",360,36000343,16,0,-3.2301,-1.71000674795388,316.0895,"0"
"8376",360,36000180,16,0,-1.3632,0.0824277554659447,362.9173,"0"
"8377",360,36000166,16,1,-0.5221,0.889978594196683,407.0621,"0"
"8378",360,36000152,16,1,-1.5512,-0.0980734425858669,475.2478,"1"
"8379",360,36000020,16,1,-1.8013,-0.338197642760112,363.451,"1"
"8380",360,36000085,16,0,-2.4152,-0.927610863419725,360.1219,"1"
"8381",360,36000109,2,1,-1.3308,0.113535408747214,339.3822,"1"
"8382",360,36000013,16,0,0.1312,1.51722025742673,420.7957,"1"
"8383",360,36000178,16,0,-0.7204,0.699588234762245,404.5701,"1"
"8384",360,36000207,16,0,-2.4279,-0.939804295415778,342.6285,"0"
"8385",360,36000186,16,1,-3.4668,-1.93726543720316,401.3708,"0"
"8386",360,36000096,16,0,-0.8862,0.540401539884637,317.7519,"1"
"8387",360,36000135,16,1,-1.8461,-0.381210694210757,326.461,"1"
"8388",360,36000247,16,0,-1.5339,-0.081463491914078,399.471,"0"
"8389",360,36000197,16,1,-1.9479,-0.478950172730301,389.5645,"0"
"8390",360,36000252,16,1,-2.2772,-0.79511530314765,337.8609,"1"
"8391",360,36000044,16,1,-0.0729,1.32126124400984,565.9625,"1"
"8392",360,36000395,16,1,-0.1138,1.28199263230602,258.1634,"0"
"8393",360,36000368,16,1,-0.9098,0.517742878852601,401.3639,"0"
"8394",360,36000329,16,0,0.0465,1.43589870702785,317.8947,"0"
"8395",360,36000033,16,1,-1.6692,-0.211366747746047,359.9327,"1"
"8396",360,36000336,16,0,-0.3875,1.01920977109974,336.3577,"0"
"8397",360,36000209,16,1,-3.1187,-1.60305018698063,411.0493,"1"
"8398",360,36000237,16,0,-1.9247,-0.456675556800504,329.299,"1"
"8399",360,36000010,16,0,-2.4704,-0.980609087528555,349.0892,"0"
"8400",360,36000107,16,0,-3.5602,-2.02693996857571,319.5729,"0"
"8401",360,36000350,16,0,-1.3989,0.0481517300912123,408.0552,"0"
"8402",360,36000232,16,0,-1.03,0.402337325630113,345.4462,"0"
"8403",360,36000079,16,1,-1.4177,0.0301016102860312,261.4535,"1"
"8404",360,36000312,16,0,-1.7341,-0.273678065584145,357.6357,"0"
"8405",360,36000377,16,1,-2.2096,-0.730211680869446,349.477,"0"
"8406",360,36000298,16,1,-0.5583,0.855222512444153,378.9429,"1"
"8407",360,36000291,16,1,-1.0292,0.403105415834589,455.91,"1"
"8408",360,36000063,16,1,-3.0044,-1.49330929901615,346.3821,"1"
"8409",360,36000044,16,1,-0.5378,0.874904823933845,519.0526,"1"
"8410",360,36000042,16,1,1.0029,2.35415054647867,449.2685,"0"
"8411",360,36000004,16,0,-1.0318,0.400609122670042,516.2845,"1"
"8412",360,36000243,16,1,0.2448,1.62628906646229,366.1868,"0"
"8413",360,36000290,16,0,-0.7525,0.668768615307654,385.9659,"0"
"8414",360,36000081,16,0,-2.1525,-0.675389242524986,342.3887,"0"
"8415",360,36000101,16,0,-1.9136,-0.446018305213402,364.2924,"1"
"8416",360,36000281,16,0,-1.1521,0.285107558171995,387.0494,"1"
"8417",360,36000144,16,0,-0.0944,1.30061881976455,362.6412,"0"
"8418",360,36000231,16,1,-1.4869,-0.0363381924011251,343.1998,"1"
"8419",360,36000002,16,0,-1.1525,0.284723513069757,367.4583,"1"
"8420",360,36000057,16,1,-0.1394,1.25741374576279,338.0337,"0"
"8421",360,36000411,16,0,-2.7389,-1.23839936240574,374.1352,"0"
"8422",360,36000373,16,1,-0.9886,0.442085993711735,426.2149,"0"
"8423",360,36000022,16,1,-2.1447,-0.667900363031347,414.3094,"1"
"8424",360,36000344,16,0,-2.8964,-1.38961712141192,338.0095,"0"
"8425",360,36000165,16,1,-1.59,-0.135325817502943,327.2442,"0"
"8426",360,36000242,16,0,-2.1415,-0.664828002213444,301.0104,"1"
"8427",360,36000216,16,1,-2.8771,-1.37108694522894,305.7319,"1"
"8428",360,36000373,16,1,-1.5338,-0.0813674806385185,426.733,"0"
"8429",360,36000248,16,1,-1.2807,0.161637057802511,318.4422,"0"
"8430",360,36000217,16,1,-2.295,-0.812205310197237,378.3459,"0"
"8431",360,36000352,16,0,-1.4993,-0.0482435905704999,384.0084,"1"
"8432",360,36000262,16,0,-2.1891,-0.710529369379753,291.3124,"0"
"8433",360,36000223,16,0,-0.5435,0.869432181226955,394.9324,"1"
"8434",360,36000171,16,0,-2.0366,-0.564112174151555,329.9329,"0"
"8435",360,36000090,16,0,-0.7753,0.646878044480094,323.208,"0"
"8436",360,36000180,16,1,-3.0177,-1.50607879866556,330.6833,"0"
"8437",360,36000193,16,1,-2.7368,-1.23638312561899,382.0684,"1"
"8438",360,36000303,16,1,-2.0033,-0.53214041939025,378.1264,"0"
"8439",360,36000102,16,1,-2.8642,-1.35870149068176,412.3647,"0"
"8440",360,36000134,16,0,-1.5156,-0.0638934284866942,478.1434,"1"
"8441",360,36000244,16,1,-0.9704,0.45956004586356,402.9552,"0"
"8442",360,36000398,16,1,-1.3398,0.104894393946862,447.1752,"0"
"8443",360,36000217,16,1,-1.6788,-0.220583830199756,262.8935,"0"
"8444",360,36000384,16,1,-1.7697,-0.307858079683318,372.2074,"0"
"8445",360,36000069,16,0,-1.4393,0.00936317476518471,393.6195,"0"
"8446",360,36000305,16,0,-0.5091,0.902460060019415,317.9629,"0"
"8447",360,36000056,16,0,-0.8772,0.54904255468499,362.7908,"0"
"8448",360,36000122,16,1,-1.1494,0.287699862612101,554.3632,"1"
"8449",360,36000190,16,1,1.1929,2.53657197004167,328.2386,"0"
"8450",360,36000269,16,1,-1.113,0.322647966915749,494.7957,"1"
"8451",360,36000297,16,0,-1.805,-0.341750059955813,383.7762,"1"
"8452",360,36000129,16,1,-1.697,-0.238057882351581,371.718,"0"
"8453",360,36000345,16,1,-1.6608,-0.203301800599051,386.54,"1"
"8454",360,36000045,16,0,0.8148,2.17355333715129,365.2293,"1"
"8455",360,36000191,16,0,-2.2272,-0.747109665367913,364.9237,"0"
"8456",360,36000096,16,0,-1.2925,0.150307727286493,377.637,"0"
"8457",360,36000041,16,0,-3.2088,-1.68955634625971,318.8193,"0"
"8458",360,36000111,16,1,0.5226,1.89300838996651,444.0175,"1"
"8459",360,36000076,16,1,-0.0915,1.30340314675578,466.1028,"1"
"8460",360,36000023,16,0,-2.4467,-0.957854415220959,362.7075,"0"
"8461",360,36000251,16,1,-1.841,-0.376314119157223,367.6712,"0"
"8462",360,36000149,16,0,-2.3662,-0.880565338395582,374.4907,"0"
"8463",360,36000048,16,1,-0.2088,1.19078192052452,515.6011,"1"
"8464",360,36000004,16,1,-2.1747,-0.696703745699189,401.8094,"0"
"8465",360,36000068,16,0,-2.1826,-0.704288636468388,369.1218,"1"
"8466",360,36000170,16,0,-2.4686,-0.978880884568484,323.5715,"0"
"8467",360,36000177,16,0,0.1576,1.54256723417443,263.8573,"0"
"8468",360,36000323,16,1,-0.8431,0.58178239965077,341.6496,"0"
"8469",360,36000073,16,0,-1.6049,-0.149631497561305,457.8942,"1"
"8470",360,36000168,16,0,-3.4016,-1.87466608553838,332.3211,"1"
"8471",360,36000320,16,1,-2.2669,-0.785226141765025,372.0067,"0"
"8472",360,36000385,16,1,-1.5339,-0.081463491914078,546.7326,"0"
"8473",360,36000384,16,1,-1.9781,-0.507945577949263,437.0958,"1"
"8474",360,36000177,16,0,-1.4449,0.0039865433338541,423.3926,"0"
"8475",360,36000198,16,0,-1.6803,-0.222023999333148,358.7136,"0"
"8476",360,36000245,16,0,0.1161,1.50272255481725,458.4032,"1"
"8477",360,36000355,16,0,-1.6026,-0.147423238223437,360.5909,"0"
"8478",360,36000111,16,1,0.2743,1.65461239275234,404.2595,"0"
"8479",360,36000160,16,0,-1.2127,0.226924725182954,428.5601,"1"
"8480",360,36000212,16,1,-2.1788,-0.700640207997127,339.0599,"0"
"8481",360,36000326,16,1,-1.2568,0.184583752661225,357.7813,"0"
"8482",360,36000034,16,1,-3.1406,-1.62407665632815,364.0838,"0"
"8483",360,36000182,16,0,0.0527,1.44185140611254,353.1542,"1"
"8484",360,36000286,16,1,-2.2537,-0.772552653391174,321.9145,"0"
"8485",360,36000359,16,1,-1.1638,0.273874238931536,373.6399,"0"
"8486",360,36000156,16,0,-0.2885,1.11426093390361,333.958,"0"
"8487",360,36000296,16,0,-1.9479,-0.478950172730301,323.2671,"1"
"8488",360,36000148,16,0,-1.238,0.202633872466406,438.2812,"0"
"8489",360,36000290,16,1,-1.2625,0.179111109954335,416.9968,"0"
"8490",360,36000269,16,1,-2.5471,-1.05424973588267,408.7821,"0"
"8491",360,36000374,16,1,-2.1597,-0.682302054365268,355.601,"0"
"8492",360,36000030,16,0,-1.8882,-0.421631441221295,461.9461,"1"
"8493",360,36000036,16,0,0.2488,1.63012951748467,441.7312,"0"
"8494",360,36000383,16,0,-2.1687,-0.690943069165621,529.9126,"1"
"8495",360,36000047,16,0,-3.5856,-2.05132683256781,353.9141,"0"
"8496",360,36000002,16,1,-0.6244,0.791759059299341,329.8053,"0"
"8497",360,36000261,16,1,-0.6417,0.775149108627552,300.0795,"1"
"8498",360,36000104,16,0,-3.5877,-2.05334306935456,346.4921,"0"
"8499",360,36000091,16,0,-0.6909,0.72791156105229,410.0971,"0"
"8500",360,36000255,16,1,-0.3878,1.01892173727306,528.2698,"1"
"8501",360,36000020,16,0,-1.329,0.115263611707285,370.668,"1"
"8502",360,36000190,16,0,-2.4182,-0.930491201686509,386.0689,"1"
"8503",360,36000406,16,0,-1.6429,-0.186115782273905,392.0108,"0"
"8504",360,36000295,16,1,-2.2489,-0.767944112164319,415.4308,"0"
"8505",360,36000296,16,1,-2.8607,-1.35534109603718,306.2972,"0"
"8506",360,36000012,16,0,-1.5034,-0.0521800528684384,432.626,"1"
"8507",360,36000368,16,1,-1.2868,0.155780369993383,423.1159,"1"
"8508",360,36000096,16,0,-3.0594,-1.54611550057386,302.5218,"0"
"8509",360,36000397,16,1,-0.9117,0.515918664616971,309.6121,"1"
"8510",360,36000036,16,1,-3.1872,-1.66881791073887,386.0738,"0"
"8511",360,36000275,16,1,0.7073,2.07034121592486,515.5395,"1"
"8512",360,36000113,16,1,-1.4135,0.0341340838595291,377.0327,"0"
"8513",360,36000252,16,1,-2.2158,-0.736164379954133,348.1168,"0"
"8514",360,36000387,16,0,-1.4166,0.0311577343171853,387.0834,"1"
"8515",360,36000210,16,0,-2.8773,-1.37127896778006,299.8582,"0"
"8516",360,36000189,16,1,-0.5772,0.837076381363413,392.6115,"0"
"8517",360,36000279,16,0,-1.0099,0.421635592017567,417.9852,"1"
"8518",360,36000116,16,0,-0.4877,0.923006472989142,416.8863,"0"
"8519",360,36000176,16,0,-2.5792,-1.08506935533726,357.3016,"0"
"8520",360,36000406,16,1,-1.1016,0.333593252329529,449.4913,"0"
"8521",360,36000161,16,0,-0.8703,0.555667332698593,457.2738,"1"
"8522",360,36000331,16,0,0.8952,2.25074640270111,408.9631,"1"
"8523",360,36000066,16,0,-1.6061,-0.150783632868018,346.2347,"1"
"8524",360,36000281,16,1,-2.617,-1.12136161749874,324.917,"1"
"8525",360,36000268,16,1,-3.3176,-1.79401661406842,374.4499,"0"
"8526",360,36000080,16,1,0.3014,1.68063144842895,335.2458,"0"
"8527",360,36000090,16,1,-0.5702,0.843797170652576,394.5077,"0"
"8528",360,36000020,16,0,-0.7537,0.66761648000094,363.1584,"0"
"8529",360,36000149,16,0,-1.9291,-0.46090005292512,354.3623,"1"
"8530",360,36000280,16,1,-1.6741,-0.216071300248461,453.7562,"1"
"8531",360,36000151,16,0,-2.4112,-0.923770412397346,455.8317,"1"
"8532",360,36000299,16,0,-1.5705,-0.116603618768846,361.1974,"0"
"8533",360,36000208,16,0,-0.3939,1.01306504946393,308.2508,"1"
"8534",360,36000074,16,0,-3.1858,-1.66747375288103,327.761,"0"
"8535",360,36000102,16,1,-1.5287,-0.0764709055849852,426.0531,"1"
"8536",360,36000118,16,0,-2.775,-1.27305943288271,305.8427,"1"
"8537",360,36000148,16,0,-1.7283,-0.268109411601696,410.0673,"0"
"8538",360,36000209,16,1,-0.7747,0.647454112133451,337.3558,"1"
"8539",360,36000329,16,0,-3.0306,-1.51846425321273,337.6528,"0"
"8540",360,36000010,16,1,-2.7847,-1.28237252661198,379.9445,"0"
"8541",360,36000303,16,0,-0.451,0.958242611119469,317.4039,"0"
"8542",360,36000243,16,0,-2.3324,-0.84811352725648,327.9453,"0"
"8543",360,36000113,16,1,-0.991,0.439781723098308,367.1854,"0"
"8544",360,36000029,16,0,0.1938,1.57732331592696,459.3779,"0"
"8545",360,36000329,16,0,-0.2172,1.18271697337752,281.2763,"0"
"8546",360,36000375,16,0,-3.0584,-1.54515538781826,306.7594,"1"
"8547",360,36000086,16,1,-1.494,-0.0431549929658477,425.7133,"0"
"8548",360,36000118,16,1,-1.7862,-0.323699940150632,354.8887,"0"
"8549",360,36000385,16,0,-1.5339,-0.081463491914078,570.687,"0"
"8550",360,36000270,16,0,-1.2501,0.19101650812371,334.6296,"0"
"8551",360,36000350,16,0,-1.4059,0.0414309408020492,396.9849,"1"
"8552",360,36000267,16,0,0.5286,1.89876906650008,492.891,"0"
"8553",360,36000235,16,0,-2.2901,-0.807500757694822,332.3659,"0"
"8554",360,36000268,16,1,-0.5519,0.86136723407996,238.725,"0"
"8555",360,36000004,16,0,-0.4295,0.978885035364756,350.7394,"0"
"8556",360,36000073,16,1,-1.4845,-0.0340339217876976,453.6653,"1"
"8557",360,36000167,16,0,-1.0243,0.407809968337003,304.0503,"0"
"8558",360,36000165,16,0,-2.1347,-0.658299235475399,443.0301,"0"
"8559",360,36000249,16,1,-1.7097,-0.250251314347634,430.5117,"0"
"8560",360,36000026,16,1,-3.1787,-1.66065695231631,390.5547,"0"
"8561",360,36000266,16,0,-0.7024,0.716870264362951,382.4911,"0"
"8562",360,36000371,16,0,-2.8063,-1.30311096213283,456.5399,"0"
"8563",360,36000167,16,1,-1.8662,-0.400508960598211,472.854,"1"
"8564",360,36000025,16,0,-1.1083,0.327160496867045,460.0745,"1"
"8565",360,36000111,16,1,0.4477,1.82109594457246,612.1424,"0"
"8566",360,36000174,16,0,0.3163,1.69493712848732,531.3202,"1"
"8567",360,36000095,16,0,-1.6051,-0.149823520112424,333.6935,"1"
"8568",360,36000264,16,0,-1.0465,0.3864954651628,488.8468,"1"
"8569",360,36000058,16,0,-1.4935,-0.0426749365880504,369.0319,"0"
"8570",360,36000013,16,0,-2.4671,-0.977440715435092,402.1781,"1"
"8571",360,36000084,16,0,-1.9262,-0.458115725933895,298.9126,"1"
"8572",360,36000277,16,1,-2.4354,-0.947005141082739,346.0936,"0"
"8573",360,36000338,16,0,-1.41,0.0374944785041108,421.6999,"0"
"8574",360,36000208,16,0,-1.6033,-0.148095317152353,368.4546,"1"
"8575",360,36000173,16,0,-1.4218,0.0261651479880928,417.7824,"1"
"8576",360,36000079,16,1,-0.9587,0.470793365104018,325.6188,"0"
"8577",360,36000141,16,1,-0.0348,1.357841539998,445.8725,"1"
"8578",360,36000185,16,1,-1.8433,-0.378522378495091,315.0899,"0"
"8579",360,36000056,16,0,-2.6737,-1.17580001074097,410.1873,"1"
"8580",360,36000268,16,1,-2.2612,-0.779753499058135,329.7119,"1"
"8581",360,36000065,16,0,-1.6249,-0.1688337526732,312.4224,"0"
"8582",360,36000159,16,0,1.0031,2.35434256902979,509.1871,"1"
"8583",360,36000305,16,0,-1.6885,-0.229896923929025,381.4664,"0"
"8584",360,36000255,16,0,0.7544,2.11556252671337,402.4608,"0"
"8585",360,36000070,16,0,-1.6327,-0.176322632166839,364.7214,"1"
"8586",360,36000283,16,1,-2.0114,-0.539917332710568,343.3037,"0"
"8587",360,36000036,16,0,-1.9535,-0.484326804161632,479.5522,"0"
"8588",360,36000122,16,0,-1.11,0.325528305182533,476.5609,"0"
"8589",360,36000327,16,1,0.1192,1.50569890435959,392.972,"1"
"8590",360,36000213,16,0,-1.5732,-0.119195923208951,386.654,"0"
"8591",360,36000246,16,1,0.4542,1.82733667748383,317.975,"1"
"8592",360,36000091,16,1,-1.3326,0.111807205787144,374.4594,"0"
"8593",360,36000101,16,1,-1.4422,0.00657884777396005,329.6499,"1"
"8594",360,36000115,16,0,-1.1051,0.330232857684948,323.6808,"0"
"8595",360,36000059,16,1,-2.314,-0.830447452553537,395.7549,"0"
"8596",360,36000151,16,1,-1.418,0.0298135764593528,313.9694,"0"
"8597",360,36000207,16,1,0.5183,1.88887990511745,291.4233,"0"
"8598",360,36000066,16,1,-1.0065,0.42489997538659,302.6149,"0"
"8599",360,36000347,16,0,-1.3245,0.119584119107461,293.053,"1"
"8600",360,36000163,16,1,-1.2036,0.235661751258866,351.9748,"1"
"8601",360,36000069,16,1,0.0424,1.43196224472992,446.9251,"1"
"8602",360,36000134,16,1,-2.4474,-0.958526494149876,331.9496,"0"
"8603",360,36000097,16,1,-0.7796,0.642749559631037,374.4304,"0"
"8604",360,36000312,16,1,-1.5824,-0.128028960560423,348.1003,"0"
"8605",360,36000104,16,1,-1.1215,0.314487008493194,301.5791,"0"
"8606",360,36000076,16,1,-1.8179,-0.354135514502985,390.1293,"0"
"8607",360,36000350,16,0,-2.8536,-1.34852429547246,347.6052,"0"
"8608",360,36000213,16,0,-2.4081,-0.920794062855002,330.5145,"1"
"8609",360,36000224,16,1,-1.816,-0.352311300267355,370.527,"1"
"8610",360,36000127,16,1,-2.199,-0.720034485660141,281.1845,"0"
"8611",360,36000115,16,1,-1.6408,-0.184099545487156,428.4893,"0"
"8612",360,36000108,16,1,-1.4741,-0.0240487491295123,330.1986,"0"
"8613",360,36000382,16,0,-0.4524,0.956898453261636,435.9524,"1"
"8614",360,36000086,16,1,-2.1325,-0.656186987413091,422.4688,"0"
"8615",360,36000280,16,0,0.5131,1.88388731878836,381.8653,"0"
"8616",360,36000160,16,0,-0.8208,0.603192914100533,328.1776,"0"
"8617",360,36000272,16,1,-1.9466,-0.477702026148028,353.2858,"0"
"8618",360,36000224,16,1,-0.5913,0.823538791509527,431.6095,"1"
"8619",360,36000360,16,1,0.429,1.80314183604284,239.6538,"1"
"8620",360,36000075,16,1,-2.1022,-0.62709557091857,472.7195,"0"
"8621",360,36000256,16,0,-1.9572,-0.487879221357333,421.1296,"1"
"8622",360,36000013,16,1,-2.0466,-0.573713301707503,421.655,"1"
"8623",360,36000208,16,0,-3.0541,-1.54102690296921,404.8252,"1"
"8624",360,36000243,16,1,-0.9171,0.510734055736759,441.5048,"0"
"8625",360,36000168,16,0,-1.914,-0.44640235031564,293.5363,"0"
"8626",360,36000294,16,1,-0.1283,1.26807099734989,456.8796,"0"
"8627",360,36000092,16,0,-2.5073,-1.01603724821,458.369,"1"
"8628",360,36000144,16,1,-0.735,0.685570588530562,434.7757,"1"
"8629",360,36000066,16,1,-1.1261,0.310070489817458,460.5823,"0"
"8630",360,36000409,16,0,-1.3141,0.129569291765646,309.825,"1"
"8631",360,36000173,16,1,-0.5321,0.880377466640735,372.9368,"0"
"8632",360,36000210,16,1,-2.7412,-1.24060762174361,328.5619,"0"
"8633",360,36000136,16,0,-0.5771,0.837172392638972,438.4474,"0"
"8634",360,36000173,16,0,-1.6244,-0.168353696295402,372.7638,"0"
"8635",360,36000138,16,1,-2.6181,-1.1224177415299,320.5445,"1"
"8636",360,36000009,16,1,-0.7176,0.702276550477911,333.1747,"0"
"8637",360,36000275,16,1,0.3492,1.72652483814638,481.1439,"0"
"8638",360,36000099,16,0,0.4183,1.79286862955798,426.5775,"1"
"8639",360,36000315,16,1,-0.6411,0.775725176280909,416.5689,"0"
"8640",360,36000063,16,1,0.379,1.75513619826311,320.6872,"0"
"8641",360,36000075,16,0,-2.052,-0.578897910587714,434.4709,"1"
"8642",360,36000335,16,0,-1.4078,0.0396067265664192,376.7195,"1"
"8643",360,36000206,16,0,-1.5615,-0.107962603968493,352.7088,"0"
"8644",360,36000022,16,0,-2.1241,-0.648122040266095,410.8228,"0"
"8645",360,36000300,16,1,0.1604,1.54525554989009,371.2779,"0"
"8646",360,36000119,16,1,0.1445,1.52998975707614,419.0394,"0"
"8647",360,36000312,16,1,-3.0291,-1.51702408407934,346.4367,"0"
"8648",360,36000017,16,0,-1.982,-0.511690017696082,317.8839,"0"
"8649",360,36000358,16,1,-1.5496,-0.0965372621769155,378.1686,"0"
"8650",360,36000208,16,1,-0.988,0.442662061365092,401.1584,"0"
"8651",360,36000142,16,0,-0.6359,0.780717762610001,425.1989,"0"
"8652",360,36000305,16,1,-1.3834,0.0630334778029309,344.8737,"0"
"8653",360,36000299,16,1,-1.4575,-0.00811087738663961,353.1804,"0"
"8654",360,36000151,16,0,-0.3096,1.09400255476057,444.7468,"1"
"8655",360,36000135,16,1,-0.8097,0.613850165687635,374.1892,"1"
"8656",360,36000277,16,1,-4.159,-2.60185548662584,268.2396,"0"
"8657",360,36000387,16,1,-2.0395,-0.56689650114278,382.2502,"1"
"8658",360,36000290,16,0,-1.2763,0.165861553927128,383.8175,"0"
"8659",360,36000097,16,1,-0.3568,1.04868523269649,315.1206,"1"
"8660",360,36000283,16,0,-2.2607,-0.779273442680337,357.03,"0"
"8661",360,36000137,16,0,-2.129,-0.652826592768509,379.8575,"1"
"8662",360,36000224,16,0,-0.8617,0.563924302396708,408.3411,"1"
"8663",360,36000203,16,0,-1.9461,-0.477221969770231,374.9243,"0"
"8664",360,36000128,16,1,-2.2538,-0.772648664666733,399.0394,"1"
"8665",360,36000359,16,1,-1.9975,-0.526571765407801,323.7115,"1"
"8666",360,36000373,16,1,-0.7865,0.636124781617433,402.9458,"0"
"8667",360,36000282,16,1,-1.7975,-0.334549214288852,364.2174,"0"
"8668",360,36000394,16,0,-1.1173,0.318519482066692,386.7027,"1"
"8669",360,36000025,16,1,-2.2181,-0.738372639292001,429.3201,"1"
"8670",360,36000132,16,0,-2.7406,-1.24003155409025,311.7702,"0"
"8671",360,36000040,16,1,-1.9898,-0.519178897189721,347.2048,"0"
"8672",360,36000241,16,1,-2.7432,-1.2425278472548,319.5448,"1"
"8673",360,36000268,16,0,-1.5607,-0.107194513764017,376.7901,"0"
"8674",360,36000294,16,0,-3.4387,-1.91028626877094,459.7046,"1"
"8675",360,36000384,16,0,-0.6517,0.765547981071604,364.9306,"0"
"8676",360,36000408,16,0,-1.2094,0.230093097276416,325.2837,"1"
"8677",360,36000276,16,0,-2.3656,-0.879989270742226,319.4693,"0"
"8678",360,36000187,16,1,0.4903,1.8619967479608,411.939,"0"
"8679",360,36000303,16,1,-2.3568,-0.871540278492992,372.3854,"1"
"8680",360,36000098,16,0,-1.8808,-0.414526606829894,425.4602,"1"
"8681",360,36000110,16,1,-0.6444,0.772556804187446,352.5996,"0"
"8682",360,36000349,16,0,-1.0535,0.379774675873636,492.2781,"1"
"8683",360,36000099,16,0,-0.2969,1.10619598675662,466.6221,"1"
"8684",360,36000042,16,0,-1.7262,-0.266093174814947,419.8774,"1"
"8685",360,36000230,16,0,-1.4134,0.0342300951350886,334.8573,"0"
"8686",360,36000027,16,0,-1.9854,-0.514954401065104,403.6418,"1"
"8687",360,36000096,16,1,-2.2693,-0.787530412378452,284.6081,"0"
"8688",360,36000105,16,0,-1.8127,-0.349142928173892,435.9041,"1"
"8689",360,36000354,16,0,-2.2571,-0.775817036760196,363.3829,"0"
"8690",360,36000253,16,0,0.5831,1.95109521167999,463.0732,"1"
"8691",360,36000204,16,1,-2.1714,-0.693535373605727,405.4715,"1"
"8692",360,36000191,16,0,-2.1395,-0.662907776702254,296.2006,"0"
"8693",360,36000303,16,0,-1.4174,0.0303896441127096,322.265,"0"
"8694",360,36000057,16,1,-1.9008,-0.433728861941789,352.1511,"1"
"8695",360,36000267,16,0,-1.4559,-0.00657469697768797,467.5534,"0"
"8696",360,36000108,16,0,-2.6383,-1.14181201919291,316.2389,"0"
"8697",360,36000272,16,0,-0.4762,0.934047769678482,476.1588,"1"
"8698",360,36000239,16,1,-2.5919,-1.09726278733332,270.3392,"0"
"8699",360,36000265,16,0,-2.368,-0.882293541355653,375.6428,"0"
"8700",360,36000387,16,0,-1.935,-0.466564718183129,436.9941,"1"
"8701",360,36000119,16,0,-1.2057,0.233645514472117,315.7436,"0"
"8702",360,36000008,16,0,0.4916,1.86324489454307,438.3819,"1"
"8703",360,36000059,16,1,-2.5912,-1.0965907084044,333.3355,"0"
"8704",360,36000223,16,1,-0.3659,1.03994820662058,385.6867,"0"
"8705",360,36000233,16,0,-1.6066,-0.151263689245816,388.6663,"0"
"8706",360,36000091,16,0,-1.7214,-0.261484633588092,365.9629,"0"
"8707",360,36000325,16,1,-0.2415,1.15938623341657,386.6068,"0"
"8708",360,36000045,16,1,-1.4033,0.0439272339665955,406.1285,"1"
"8709",360,36000037,16,1,-1.9759,-0.505833329886954,384.6585,"1"
"8710",360,36000192,16,1,-1.1385,0.298165091648083,331.5529,"0"
"8711",360,36000353,16,1,-1.9128,-0.445250215008926,340.9569,"0"
"8712",360,36000178,16,0,-0.8272,0.597048192464727,386.7623,"1"
"8713",360,36000375,16,0,-2.8336,-1.32932204036057,359.5255,"0"
"8714",360,36000374,16,0,-2.2975,-0.814605592086224,322.2616,"0"
"8715",360,36000292,16,0,-0.1303,1.2661507718387,445.5955,"1"
"8716",360,36000345,16,0,-1.9582,-0.488839334112927,327.98,"1"
"8717",360,36000384,16,1,-1.7109,-0.251403449654348,347.2304,"0"
"8718",360,36000343,16,0,-2.195,-0.716194034637762,295.7164,"0"
"8719",360,36000373,16,0,-1.7075,-0.248139066285325,365.3812,"1"
"8720",360,36000148,16,0,-0.8594,0.566132561734576,422.3612,"0"
"8721",360,36000377,16,0,-1.8383,-0.373721814717118,382.1701,"0"
"8722",360,36000368,16,0,-2.3773,-0.891222589982684,322.5566,"1"
"8723",360,36000312,16,1,-1.5204,-0.0685019697135489,337.1114,"0"
"8724",360,36000017,16,0,0.0039,1.39499790363952,430.2766,"1"
"8725",360,36000364,16,0,-3.2905,-1.7679975583918,317.1549,"0"
"8726",360,36000244,16,1,-0.7783,0.64399770621331,517.7011,"1"
"8727",360,36000212,16,1,-2.9877,-1.47727541599772,322.3398,"0"
"8728",360,36000364,16,1,-2.0968,-0.621910962038359,316.0339,"0"
"8729",360,36000231,16,1,-2.09,-0.615382195300314,367.7674,"0"
"8730",360,36000285,16,0,-3.1359,-1.61956412637686,447.1026,"1"
"8731",360,36000296,16,1,-1.7757,-0.313618756216887,302.4308,"0"
"8732",360,36000072,16,0,-1.0268,0.405409686448016,394.5842,"1"
"8733",360,36000195,16,0,-0.1937,1.205279623134,375.4958,"0"
"8734",360,36000295,16,0,-1.1585,0.278962836536188,439.035,"1"
"8735",360,36000105,16,1,-1.7803,-0.318035274892623,353.8569,"0"
"8736",360,36000167,16,0,-1.4927,-0.0419068463835745,394.5022,"0"
"8737",360,36000318,16,0,-0.4703,0.939712434936491,477.2024,"1"
"8738",360,36000006,16,0,-1.421,0.0269332381925685,385.1556,"0"
"8739",360,36000283,16,0,-3.3423,-1.81773139913161,373.0106,"0"
"8740",360,36000271,16,0,-1.2819,0.160484922495797,465.8595,"0"
"8741",360,36000247,16,1,-1.5339,-0.081463491914078,384.9991,"0"
"8742",360,36000005,16,1,-3.4669,-1.93736144847872,333.6586,"0"
"8743",360,36000049,16,1,-1.6825,-0.224136247395457,298.4942,"1"
"8744",360,36000371,16,0,-1.4534,-0.00417441508870117,405.87,"1"
"8745",360,36000318,16,1,-1.6898,-0.231145070511298,369.1735,"0"
"8746",360,36000230,16,1,-1.2116,0.227980849214108,333.8756,"1"
"8747",360,36000015,16,0,-2.4412,-0.952573795065188,296.9783,"0"
"8748",360,36000019,16,0,-2.1726,-0.69468750891244,400.1132,"1"
"8749",360,36000090,16,0,-1.3335,0.110943104307109,371.5931,"1"
"8750",360,36000252,16,0,-1.1511,0.28606767092759,275.2334,"0"
"8751",360,36000212,16,1,-2.954,-1.44491961613417,398.4489,"0"
"8752",360,36000242,16,0,-2.0241,-0.552110764706621,360.9105,"0"
"8753",360,36000207,16,0,-2.9463,-1.43752674791609,343.0689,"0"
"8754",360,36000064,16,0,-3.0388,-1.52633717780861,357.9073,"0"
"8755",360,36000178,16,1,-1.6442,-0.187363928856178,430.1423,"1"
"8756",360,36000274,16,0,-1.8768,-0.410686155807515,365.2193,"0"
"8757",360,36000283,16,0,-3.5184,-1.98680725539185,320.1669,"1"
"8758",360,36000285,16,0,-1.2043,0.234989672329949,434.2934,"0"
"8759",360,36000318,16,0,-1.5775,-0.123324408058009,379.2505,"1"
"8760",360,36000233,16,0,-1.2404,0.200329601852979,406.3802,"0"
"8761",360,36000208,16,0,-1.3629,0.0827157892926231,445.6645,"0"
"8762",360,36000101,16,0,-0.8398,0.584950771744233,387.9904,"0"
"8763",360,36000283,16,0,-1.9115,-0.444002068426653,351.048,"0"
"8764",360,36000241,16,1,-0.6149,0.800880130477491,397.9158,"1"
"8765",360,36000215,16,0,-1.41,0.0374944785041108,314.4656,"0"
"8766",360,36000356,16,1,-3.5577,-2.02453968668672,341.0435,"0"
"8767",360,36000354,16,0,-1.2444,0.1964891508306,415.2037,"1"
"8768",360,36000411,16,1,-1.3859,0.0606331959139441,291.9347,"0"
"8769",360,36000102,16,1,-1.5153,-0.0636053946600158,318.5656,"0"
"8770",360,36000279,16,0,0.7404,2.10212094813505,446.7404,"1"
"8771",360,36000234,16,0,0.1944,1.57789938358032,478.0271,"1"
"8772",360,36000199,16,1,0.694,2.05757171627545,304.0536,"0"
"8773",360,36000137,16,1,-1.9463,-0.47741399232135,394.0709,"0"
"8774",360,36000358,16,0,-1.4883,-0.0376823502589576,383.4306,"1"
"8775",360,36000224,16,0,-2.4368,-0.948349298940571,384.6095,"1"
"8776",360,36000308,16,0,-2.6618,-1.16437466894939,339.5659,"0"
"8777",360,36000412,16,1,-0.2543,1.14709679014496,425.1032,"1"
"8778",360,36000387,16,0,0.8823,2.23836094815394,437.6476,"1"
"8779",360,36000350,16,1,-1.8384,-0.373817825992677,418.0231,"0"
"8780",360,36000180,16,1,-2.3648,-0.87922118053775,301.4666,"0"
"8781",360,36000244,16,1,-1.2608,0.180743301638846,337.9048,"0"
"8782",360,36000205,16,0,1.424,2.75845402785961,521.376,"0"
"8783",360,36000244,16,0,-1.2457,0.195241004248327,421.8813,"1"
"8784",360,36000323,16,1,-2.9256,-1.41765241387528,359.5113,"0"
"8785",360,36000226,16,1,-0.5273,0.88498600786759,466.0064,"1"
"8786",360,36000329,16,0,-2.8128,-1.30935169504419,367.531,"0"
"8787",360,36000174,16,0,-1.1461,0.290868234705563,474.8027,"1"
"8788",360,36000184,16,1,-1.4257,0.0224207082412733,258.1329,"1"
"8789",360,36000008,16,0,0.4481,1.8214799896747,451.4754,"0"
"8790",360,36000122,16,1,-1.5708,-0.116891652595524,488.7093,"1"
"8791",360,36000367,16,1,-2.6158,-1.12020948219203,389.6767,"0"
"8792",360,36000036,16,0,-2.1805,-0.702272399681639,387.8853,"1"
"8793",360,36000305,16,1,-2.0444,-0.571601053645194,268.9012,"0"
"8794",360,36000381,16,1,-1.8607,-0.39522834044244,397.9704,"0"
"8795",360,36000367,16,1,-2.656,-1.15880601496694,357.0151,"0"
"8796",360,36000006,16,0,0.3629,1.73967838289803,376.3916,"1"
"8797",360,36000143,16,1,-1.2835,0.158948742086846,273.7565,"1"
"8798",360,36000266,16,1,-0.0794,1.31502051109848,249.7376,"0"
"8799",360,36000030,16,0,0.6442,2.00975810104683,520.2212,"1"
"8800",360,36000278,16,1,-1.3868,0.0597690944339087,400.4572,"0"
"8801",360,36000236,16,1,0.5117,1.88254316093053,332.8543,"0"
"8802",360,36000369,16,1,0.2404,1.62206457033767,472.5008,"1"
"8803",360,36000176,16,0,-1.795,-0.332148932399865,393.9749,"0"
"8804",360,36000029,16,0,0.2071,1.59009281557637,445.0823,"1"
"8805",360,36000184,16,1,-1.1105,0.325048248804736,329.1959,"1"
"8806",360,36000200,16,1,-1.6962,-0.237289792147105,350.8921,"0"
"8807",360,36000341,16,0,-0.7244,0.695747783739866,444.5908,"1"
"8808",360,36000375,16,0,-2.268,-0.786282265796179,347.1853,"0"
"8809",360,36000121,16,1,-0.6263,0.789934845063711,366.426,"1"
"8810",360,36000045,16,1,-2.0058,-0.534540701279237,359.4763,"0"
"8811",360,36000073,16,0,-1.6978,-0.238825972556056,374.1122,"0"
"8812",360,36000386,16,0,-0.7608,0.660799679436218,400.691,"0"
"8813",360,36000129,16,1,-2.7266,-1.22658997551193,378.6194,"0"
"8814",360,36000286,16,1,0.0396,1.42927392901425,346.1118,"0"
"8815",360,36000038,16,0,-1.8654,-0.399740870393735,296.2289,"0"
"8816",360,36000156,16,0,-1.6176,-0.161824929557358,430.8926,"0"
"8817",360,36000371,16,0,-1.8713,-0.405405535651744,453.1466,"1"
"8818",360,36000274,1,0,-1.7501,-0.289039869673661,319.3156,"0"
"8819",360,36000351,16,0,-0.0763,1.31799686064082,464.7577,"1"
"8820",360,36000119,16,1,-3.0463,-1.53353802347557,293.569,"0"
"8821",360,36000223,16,1,0.5221,1.89252833358871,377.3085,"1"
"8822",360,36000331,16,0,-1.2764,0.165765542651568,382.3425,"0"
"8823",360,36000386,16,1,-1.37,0.0758989887279003,424.3312,"1"
"8824",360,36000094,16,1,-1.5092,-0.0577487068508879,408.4826,"0"
"8825",360,36000004,16,0,-0.2659,1.13595948218006,443.0347,"0"
"8826",360,36000217,16,0,-1.4059,0.0414309408020492,350.8157,"1"
"8827",360,36000012,16,0,-1.7823,-0.319955500403812,361.4971,"0"
"8828",360,36000339,16,0,-1.2514,0.189768361541437,469.1718,"1"
"8829",360,36000022,16,1,-1.835,-0.370553442623655,335.8981,"1"
"8830",360,36000157,16,1,-1.7367,-0.276174358748692,283.731,"0"
"8831",360,36000403,16,1,-0.3268,1.07748861536434,311.3123,"0"
"8832",360,36000286,16,0,-0.2978,1.10533188527658,286.6096,"0"
"8833",360,36000368,16,0,-3.4458,-1.91710306933567,373.0794,"0"
"8834",360,36000395,16,1,-2.5327,-1.04042411220211,427.4585,"0"
"8835",360,36000142,16,0,-0.506,0.905436409561758,332.1402,"1"
"8836",360,36000267,16,1,-1.7607,-0.299217064882966,377.1655,"1"
"8837",360,36000105,16,1,-1.2007,0.23844607825009,324.4845,"1"
"8838",360,36000403,16,0,-1.5785,-0.124284520813603,319.7087,"0"
"8839",360,36000163,16,0,-0.5898,0.824978960642919,349.5623,"1"
"8840",360,36000188,16,1,-1.3558,0.0895325898573459,358.3724,"1"
"8841",360,36000320,16,1,-2.6922,-1.19356209671947,317.0487,"0"
"8842",360,36000101,16,0,-2.519,-1.02727056745046,376.3068,"0"
"8843",360,36000022,16,0,-1.3204,0.1235205814054,397.3578,"1"
"8844",360,36000121,16,0,-2.8165,-1.3129041122399,449.9405,"1"
"8845",360,36000182,16,0,-0.3335,1.07105585990185,456.8144,"1"
"8846",360,36000158,16,1,-2.3064,-0.823150595611017,270.6925,"0"
"8847",360,36000130,16,1,-1.7682,-0.306417910549926,324.4402,"0"
"8848",360,36000279,16,1,-1.3799,0.0663938724475125,492.7649,"0"
"8849",360,36000110,16,1,-1.95,-0.48096640951705,320.5761,"0"
"8850",360,36000260,16,1,0.7858,2.14571006723905,443.7771,"1"
"8851",360,36000207,16,0,-1.4295,0.0187722797700132,292.8954,"1"
"8852",360,36000278,16,0,-2.6688,-1.17109545823855,369.1665,"0"
"8853",360,36000277,16,0,-2.484,-0.993666621004643,350.6308,"0"
"8854",360,36000128,16,1,-2.3549,-0.869716064257362,349.8094,"0"
"8855",360,36000244,16,1,-1.7965,-0.333589101533257,461.4602,"1"
"8856",360,36000027,16,1,-1.9279,-0.459747917618407,363.644,"1"
"8857",360,36000057,16,1,-1.3248,0.119296085280783,416.4946,"1"
"8858",360,36000318,16,0,-1.6846,-0.226152484182206,395.9397,"0"
"8859",360,36000058,16,1,-1.0191,0.412802554666096,393.8379,"1"
"8860",360,36000127,16,1,-2.0098,-0.538381152301616,321.2109,"0"
"8861",360,36000134,16,1,-2.5952,-1.10043115942678,380.5527,"0"
"8862",360,36000028,16,0,-1.3565,0.0888605109284294,459.3322,"1"
"8863",360,36000189,16,1,-1.9642,-0.494600010646496,405.1505,"1"
"8864",360,36000177,16,1,0.6887,2.0524831186708,517.8216,"1"
"8865",360,36000028,16,0,-1.7712,-0.309298248816711,355.082,"0"
"8866",360,36000319,16,0,1.1074,2.45448232943832,478.1235,"1"
"8867",360,36000370,16,1,-2.2863,-0.803852329223563,325.0735,"0"
"8868",360,36000281,16,0,-1.6329,-0.176514654717958,403.8418,"0"
"8869",360,36000138,16,0,-2.8382,-1.3337385590363,347.5573,"0"
"8870",360,36000024,16,1,-1.2399,0.200809658230776,340.0788,"0"
"8871",360,36000406,16,0,-1.2143,0.225388544774002,373.8268,"0"
"8872",360,36000008,16,0,-0.3122,1.09150626159602,457.2122,"0"
"8873",360,36000409,16,0,-1.6758,-0.217703491932972,402.8037,"0"
"8874",360,36000384,16,1,-2.6019,-1.10686391488926,383.3353,"0"
"8875",360,36000189,16,1,0.7404,2.10212094813505,361.7695,"0"
"8876",360,36000382,16,1,-0.9149,0.512846303799068,416.3562,"0"
"8877",360,36000142,16,1,-1.2132,0.226444668805156,353.8679,"1"
"8878",360,36000011,16,0,-1.4204,0.0275093058459253,324.464,"0"
"8879",360,36000177,16,1,-1.3693,0.0765710676568168,366.7841,"0"
"8880",360,36000052,16,1,-1.5414,-0.0886643375810386,346.8415,"0"
"8881",360,36000257,16,1,-1.9651,-0.495464112126531,325.7788,"0"
"8882",360,36000124,16,1,-1.1492,0.28789188516322,293.3301,"0"
"8883",360,36000384,16,0,-1.6466,-0.189668199469606,398.4608,"0"
"8884",360,36000373,16,1,-1.6014,-0.146271102916723,459.7205,"0"
"8885",360,36000184,16,1,-2.2374,-0.75690281547498,373.6234,"0"
"8886",360,36000150,16,0,-1.7187,-0.258892329147986,332.7998,"0"
"8887",360,36000071,17,1,-0.8186,0.605305162162842,287.852,"0"
"8888",360,36000005,16,1,-2.7599,-1.25856173027323,327.3053,"0"
"8889",360,36000218,16,1,-2.6649,-1.16735101849173,430.3029,"1"
"8890",360,36000285,16,0,-2.4959,-1.00509196279622,433.6526,"0"
"8891",360,36000303,16,1,-1.4618,-0.012239362235697,313.3825,"0"
"8892",360,36000106,16,0,-3.3569,-1.83174904536329,331.2078,"0"
"8893",360,36000197,16,1,-1.9899,-0.519274908465281,381.5681,"1"
"8894",360,36000152,16,0,-1.3544,0.0908767477151784,345.0318,"0"
"8895",360,36000221,16,0,-1.0177,0.414146712523928,396.4304,"0"
"8896",360,36000052,16,0,-1.4267,0.0214605954856784,349.3557,"0"
"8897",360,36000329,16,1,-3.9825,-2.43239558526337,323.4463,"0"
"8898",360,36000034,16,1,-1.9173,-0.449570722409102,358.1699,"0"
"8899",360,36000231,16,1,-1.102,0.333209207227291,301.0619,"0"
"8900",360,36000178,16,0,-1.3475,0.0975015257287822,283.8676,"0"
"8901",360,36000103,16,1,-0.6087,0.806832829562178,372.255,"0"
"8902",360,36000080,16,1,0.3672,1.74380686774709,527.1035,"1"
"8903",360,36000232,16,1,-1.4808,-0.030481504591997,256.663,"1"
"8904",360,36000155,16,1,-2.9795,-1.46940249140184,356.6858,"0"
"8905",360,36000341,16,1,0.7262,2.0884873470056,489.2142,"1"
"8906",360,36000156,16,1,-0.4821,0.928383104420473,501.0006,"1"
"8907",360,36000042,16,0,-1.2099,0.229613040898619,431.5276,"0"
"8908",360,36000012,16,0,-0.2488,1.15237741030073,471.8136,"0"
"8909",360,36000283,16,1,-1.3247,0.119392096556342,342.9648,"0"
"8910",360,36000244,16,1,-0.994,0.436901384831524,356.4993,"0"
"8911",360,36000293,16,0,-2.0787,-0.604532921162094,333.6684,"0"
"8912",360,36000026,16,1,-2.0411,-0.568432681551732,302.7845,"0"
"8913",360,36000345,16,1,-2.4124,-0.924922547704059,343.8309,"0"
"8914",360,36000351,16,1,1.2386,2.58044912297235,479.6133,"1"
"8915",360,36000382,16,1,-0.602,0.813265585024663,332.8138,"0"
"8916",360,36000378,16,1,-2.0886,-0.614038037442482,391.8635,"0"
"8917",360,36000386,16,1,0.5108,1.88167905945049,487.528,"1"
"8918",360,36000025,16,1,0.4166,1.79123643787347,531.3576,"1"
"8919",360,36000411,16,1,-2.1623,-0.684798347529814,340.0607,"0"
"8920",360,36000027,16,0,-1.6181,-0.162304985935155,434.8409,"1"
"8921",360,36000319,16,0,0.3282,1.70636247027889,404.4158,"1"
"8922",360,36000272,16,1,-0.8033,0.619994887323441,433.4048,"1"
"8923",360,36000096,16,0,-1.6871,-0.228552766071193,366.9967,"0"
"8924",360,36000349,16,1,-2.1732,-0.695263576565797,490.4383,"1"
"8925",360,36000399,16,1,-0.5135,0.898235563894798,391.5155,"1"
"8926",360,36000085,16,1,-0.8809,0.545490137489289,312.1885,"0"
"8927",360,36000291,16,1,-1.7434,-0.282607114211177,451.7282,"1"
"8928",360,36000368,16,0,-1.9735,-0.503529059273527,362.6972,"0"
"8929",360,36000078,16,1,-0.1258,1.27047127923888,436.7502,"0"
"8930",360,36000286,16,0,-0.6828,0.735688474372608,350.768,"0"
"8931",360,36000325,16,0,-2.2038,-0.724643026886996,433.6875,"0"
"8932",360,36000294,16,0,-3.079,-1.56493371058352,392.5719,"0"
"8933",360,36000314,16,0,0.1206,1.50704306221742,428.1041,"1"
"8934",360,36000278,16,1,-1.6604,-0.202917755496813,332.0344,"0"
"8935",360,36000028,16,0,-1.1708,0.267153449642373,441.1551,"0"
"8936",360,36000060,16,1,-1.1714,0.266577381989016,327.6526,"1"
"8937",360,36000089,16,1,-2.0738,-0.599828368659679,270.6456,"0"
"8938",360,36000399,16,1,-1.3476,0.0974055144532227,405.557,"1"
"8939",360,36000314,16,1,-0.2069,1.19260613476015,426.8309,"1"
"8940",360,36000288,16,0,-1.0059,0.425476043039946,382.1518,"0"
"8941",360,36000040,16,1,-1.9282,-0.460035951445085,295.0798,"1"
"8942",360,36000291,16,0,-1.6185,-0.162689031037393,406.2514,"1"
"8943",360,36000312,16,1,-2.8227,-1.31885681132458,351.8964,"1"
"8944",360,36000411,16,1,-0.4591,0.950465697799152,340.0391,"0"
"8945",360,36000042,16,0,-0.9994,0.431716775951312,518.7488,"1"
"8946",360,36000108,6,0,-2.5405,-1.04791299169575,301.6913,"0"
"8947",360,36000339,16,0,-1.9993,-0.528299968367871,444.303,"0"
"8948",360,36000270,16,0,-0.0722,1.32193332293876,325.6898,"0"
"8949",360,36000152,16,1,-1.0205,0.411458396808263,395.5055,"1"
"8950",360,36000120,16,1,-0.9719,0.458119876730168,401.2441,"0"
"8951",360,36000378,16,1,-2.2122,-0.732707974033992,409.3426,"0"
"8952",360,36000391,16,1,0.4255,1.79978144139826,442.543,"1"
"8953",360,36000100,16,1,-1.2029,0.236333830187782,340.1999,"0"
"8954",360,36000007,16,0,-2.0251,-0.553070877462216,384.38,"1"
"8955",360,36000170,16,0,-1.531,-0.0786791649228531,335.046,"0"
"8956",360,36000287,16,0,0.6776,2.0418258670837,502.4719,"1"
"8957",360,36000064,16,0,-0.9745,0.455623583565621,385.6725,"0"
"8958",360,36000281,3,0,-3.0839,-1.56963826308593,271.5572,"1"
"8959",360,36000236,16,1,-1.6209,-0.164993301650821,423.7004,"0"
"8960",360,36000040,16,1,-2.3469,-0.862035162212604,360.2656,"1"
"8961",360,36000039,16,0,-1.9395,-0.470885225583306,322.7643,"0"
"8962",360,36000223,16,0,0.5764,1.94466245621751,440.3614,"0"
"8963",360,36000058,16,0,0.0271,1.41727251956932,375.0394,"0"
"8964",360,36000397,16,0,-0.8351,0.589463301695528,306.3227,"0"
"8965",360,36000236,16,1,0.2085,1.5914369734342,429.011,"1"
"8966",360,36000114,16,0,-2.2839,-0.801548058610135,330.3604,"0"
"8967",360,36000026,16,0,-3.0146,-1.50310244912321,303.5885,"0"
"8968",360,36000165,16,0,-2.066,-0.592339489166041,356.5572,"0"
"8969",360,36000314,16,0,-1.4592,-0.0097430690711507,377.6715,"1"
"8970",360,36000288,16,0,-0.9021,0.525135747070681,268.5357,"0"
"8971",360,36000039,16,0,-1.6737,-0.215687255146223,423.2683,"1"
"8972",360,36000243,16,1,0.6752,2.03952159647027,383.09,"0"
"8973",360,36000124,16,1,-2.2561,-0.774856924004601,346.7084,"0"
"8974",360,36000188,16,1,-1.552,-0.0988415327903428,332.0249,"0"
"8975",360,36000036,16,1,-1.1777,0.26052867162877,508.615,"1"
"8976",360,36000294,16,1,-3.3399,-1.81542712851818,427.4484,"0"
"8977",360,36000403,16,1,-1.1778,0.26043266035321,325.2603,"1"
"8978",360,36000116,16,0,-2.8603,-1.35495705093494,298.2384,"0"
"8979",360,36000289,16,0,-1.6379,-0.181315218495931,422.2632,"0"
"8980",360,36000079,16,0,-2.0351,-0.562672005018163,374.012,"0"
"8981",360,36000170,16,1,-1.5768,-0.122652329129092,322.9766,"0"
"8982",360,36000168,16,1,-2.0024,-0.531276317910215,292.1558,"1"
"8983",360,36000261,16,1,-1.1777,0.26052867162877,295.9416,"1"
"8984",360,36000104,16,0,-1.9728,-0.502856980344611,282.9497,"0"
"8985",360,36000317,16,1,-1.5553,-0.102009904883805,278.5943,"0"
"8986",360,36000105,16,1,-2.5645,-1.07095569783002,361.7288,"0"
"8987",360,36000121,16,1,-0.4627,0.947009291879011,443.8823,"1"
"8988",360,36000079,16,0,-2.124,-0.648026028990536,321.5834,"0"
"8989",360,36000092,16,0,-1.068,0.365853040917513,370.0167,"0"
"8990",360,36000021,16,1,-1.403,0.0442152677932739,359.6962,"0"
"8991",360,36000378,16,1,-1.9584,-0.489031356664046,345.0859,"1"
"8992",360,36000224,16,0,-1.4804,-0.0300974594897591,335.8943,"1"
"8993",360,36000301,16,0,-1.7134,-0.253803731543334,371.0145,"0"
"8994",360,36000150,16,0,-1.8587,-0.39330811493125,310.2856,"0"
"8995",360,36000326,16,1,-1.3847,0.0617853312206577,353.0592,"0"
"8996",360,36000159,16,0,-0.4598,0.949793618870235,426.9814,"1"
"8997",360,36000295,16,0,-2.96,-1.45068029266774,406.8561,"0"
"8998",360,36000117,16,1,-1.1106,0.324952237529177,350.6274,"1"
"8999",360,36000017,16,1,-0.1662,1.23168272391285,334.1653,"1"
"9000",360,36000338,16,0,-1.856,-0.390715810491145,425.119,"0"
"9001",360,36000253,16,0,1.0201,2.3706644858749,456.6788,"1"
"9002",360,36000412,16,0,0.6115,1.97836241393888,324.3663,"1"
"9003",360,36000057,16,1,-1.8458,-0.380922660384078,473.5346,"0"
"9004",360,36000359,16,0,-0.2844,1.11819739620155,446.3179,"0"
"9005",360,36000295,16,0,-1.7535,-0.292304253042684,410.1722,"1"
"9006",360,36000313,16,1,-1.8442,-0.379386479975127,432.7766,"0"
"9007",360,36000291,16,0,-0.6404,0.776397255209825,431.7777,"1"
"9008",360,36000079,16,0,-2.6931,-1.1944261981995,293.6223,"0"
"9009",360,36000075,16,0,-2.0402,-0.567568580071696,360.2205,"0"
"9010",360,36000256,16,1,-1.4958,-0.0448831959259183,487.5069,"0"
"9011",360,36000334,16,0,-1.6103,-0.154816106441516,477.7079,"0"
"9012",360,36000326,16,1,-2.1223,-0.646393837306025,427.4353,"0"
"9013",360,36000320,16,0,-1.728,-0.267821377775018,362.1681,"0"
"9014",360,36000058,16,1,-1.3783,0.067930052856464,418.2233,"0"
"9015",360,36000009,16,1,-1.2905,0.152227952797683,366.9119,"0"
"9016",360,36000392,16,1,-1.9987,-0.527723900714514,439.1948,"0"
"9017",360,36000211,16,0,-2.3923,-0.905624281316605,356.6778,"1"
"9018",360,36000150,16,1,-0.4264,0.9818613849071,293.8663,"0"
"9019",360,36000174,16,1,-0.3116,1.09208232924938,532.7146,"1"
"9020",360,36000120,16,1,-1.8045,-0.341270003578015,494.6294,"0"
"9021",360,36000184,16,1,-2.3118,-0.828335204491228,320.0234,"0"
"9022",360,36000269,16,0,-2.0145,-0.542893682252911,364.4181,"0"
"9023",360,36000337,16,1,0.412,1.78681991919773,440.0283,"1"
"9024",360,36000386,16,0,-1.1204,0.315543132524348,577.6736,"0"
"9025",360,36000302,16,0,-2.0972,-0.622295007140597,285.4099,"0"
"9026",360,36000065,16,0,-1.8882,-0.421631441221295,332.8285,"1"
"9027",360,36000360,16,1,-0.7491,0.672032998676676,296.7022,"1"
"9028",360,36000322,16,0,-1.9655,-0.495848157228769,321.128,"0"
"9029",360,36000121,16,1,-1.8114,-0.347894781591619,319.2596,"1"
"9030",360,36000345,16,1,-1.3514,0.0937570859819627,347.3424,"0"
"9031",360,36000071,16,0,-2.6005,-1.10551975703143,341.397,"0"
"9032",360,36000374,16,0,-1.908,-0.440641673782071,313.3005,"0"
"9033",360,36000097,16,0,-0.211,1.18866967246221,347.1097,"0"
"9034",360,36000100,16,1,-1.3691,0.0767630902079357,340.9548,"0"
"9035",360,36000002,16,0,-2.1451,-0.668284408133585,430.8533,"0"
"9036",360,36000410,16,0,-1.3443,0.100573886546685,432.264,"1"
"9037",360,36000089,16,0,-2.9131,-1.40565100443035,335.8405,"0"
"9038",360,36000029,16,1,0.7769,2.13716506371425,372.6362,"0"
"9039",360,36000095,16,1,-1.8407,-0.376026085330545,310.7956,"0"
"9040",360,36000342,16,1,-1.3942,0.0526642600425075,502.239,"1"
"9041",360,36000305,16,0,-1.3647,0.0809875863325525,345.3312,"1"
"9042",360,36000385,16,1,-1.5339,-0.081463491914078,513.2912,"0"
"9043",360,36000098,16,0,-2.5657,-1.07210783313673,362.4416,"0"
"9044",360,36000375,16,1,-2.4482,-0.959294584354351,358.1883,"0"
"9045",360,36000152,16,0,-1.3589,0.0865562403150021,491.2041,"1"
"9046",360,36000239,16,1,-3.1038,-1.58874450692226,294.5064,"1"
"9047",360,36000059,16,1,-1.3563,0.0890525334795483,425.296,"1"
"9048",360,36000010,16,0,-1.2321,0.208298537724415,341.6197,"1"
"9049",360,36000094,16,0,-1.4462,0.00273839675158107,531.3623,"1"
"9050",360,36000412,16,0,-1.5631,-0.109498784377444,288.611,"1"
"9051",360,36000136,16,1,-0.6085,0.807024852113297,422.2186,"0"
"9052",360,36000090,16,1,-1.0583,0.375166134646782,480.7089,"1"
"9053",360,36000384,16,0,-2.4613,-0.971872061452643,400.0216,"1"
"9054",360,36000151,16,1,-1.5636,-0.109978840755242,300.5892,"0"
"9055",360,36000413,16,0,-3.4159,-1.88839569794338,384.6507,"0"
"9056",360,36000349,16,0,-2.1789,-0.700736219272687,464.3977,"1"
"9057",360,36000176,16,0,-1.298,0.145027107130722,316.7787,"0"
"9058",360,36000057,16,1,-1.2276,0.212619045124592,372.7711,"1"
"9059",360,36000281,16,1,0.9179,2.27254096225311,355.6187,"0"
"9060",360,36000085,16,1,-2.3759,-0.889878432124852,369.6374,"1"
"9061",360,36000233,16,0,-1.4121,0.0354782417173618,407.7134,"0"
"9062",360,36000325,16,0,0.3026,1.68178358373567,396.9257,"0"
"9063",360,36000006,16,1,0.2523,1.63348991212925,350.8543,"1"
"9064",360,36000252,16,0,-2.6557,-1.15851798114026,345.9705,"1"
"9065",360,36000371,16,0,-2.3171,-0.833423802095881,365.1967,"1"
"9066",360,36000315,16,1,-0.9672,0.462632406681463,351.1857,"0"
"9067",360,36000392,16,0,-1.9392,-0.470597191756627,337.489,"0"
"9068",360,36000269,16,1,-1.8216,-0.357687931698686,437.3128,"1"
"9069",360,36000029,16,1,0.4243,1.79862930609155,416.9771,"0"
"9070",360,36000338,16,0,-1.2129,0.226732702631834,401.7032,"1"
"9071",360,36000253,16,1,0.2624,1.64318705096076,341.4865,"0"
"9072",360,36000270,16,0,-1.6268,-0.17065796690883,284.6122,"0"
"9073",360,36000042,16,1,-1.2296,0.210698819613402,518.085,"1"
"9074",360,36000267,16,0,-1.0677,0.366141074744191,512.0224,"1"
"9075",360,36000370,16,1,-2.1562,-0.678941659720687,389.2265,"0"
"9076",360,36000352,16,0,-0.9122,0.515438608239174,402.258,"0"
"9077",360,36000319,16,1,-1.4966,-0.045651286130394,490.5491,"1"
"9078",360,36000090,16,0,-1.6452,-0.188324041611773,294.0103,"1"
"9079",360,36000221,16,0,-1.5712,-0.117275697697762,303.7103,"0"
"9080",360,36000092,16,0,-1.3414,0.10335821353791,358.7414,"0"
"9081",360,36000133,16,0,0.42,1.79450082124249,345.5829,"0"
"9082",360,36000340,16,1,-0.8872,0.539441427129042,501.5304,"0"
"9083",360,36000339,16,0,-0.1218,1.27431173026126,415.6025,"1"
"9084",360,36000141,16,0,0.8878,2.24364156830971,417.9541,"1"
"9085",360,36000307,16,0,-2.5546,-1.06145058154963,306.439,"0"
"9086",360,36000348,16,1,-1.0824,0.352027417236948,364.2114,"0"
"9087",360,36000052,16,0,-1.8772,-0.411070200909753,486.5383,"0"
"9088",360,36000150,16,0,-2.4794,-0.989250102328907,402.2375,"0"
"9089",360,36000057,16,1,-1.2014,0.237773999321174,323.4265,"1"
"9090",360,36000332,16,0,-2.0214,-0.549518460266515,372.0293,"0"
"9091",360,36000224,16,0,-1.3435,0.101341976751161,423.7401,"1"
"9092",360,36000039,16,0,-2.213,-0.733476064238468,390.4489,"1"
"9093",360,36000366,16,1,-3.0982,-1.58336787549093,342.4773,"0"
"9094",360,36000183,16,1,-3.0068,-1.49561356962957,322.366,"1"
"9095",360,36000409,16,1,-1.3651,0.0806035412303147,322.486,"0"
"9096",360,36000242,16,0,-2.1641,-0.686526550489885,309.6119,"1"
"9097",360,36000212,16,1,-3.1485,-1.63166154709735,382.5052,"0"
"9098",360,36000400,16,0,-1.7256,-0.26551710716159,352.3714,"1"
"9099",360,36000263,16,0,-1.5264,-0.0742626462471174,443.4814,"1"
"9100",360,36000263,16,0,-3.5918,-2.0572795316525,458.5474,"1"
"9101",360,36000191,16,0,-1.6399,-0.183235444007121,324.7118,"0"
"9102",360,36000241,16,1,-1.1769,0.261296761833245,455.8025,"0"
"9103",360,36000058,16,0,-1.453,-0.00379036998646331,300.9921,"1"
"9104",360,36000034,16,0,-3.5461,-2.01340237872182,352.1923,"0"
"9105",360,36000047,16,0,-2.9527,-1.4436714695519,345.7744,"0"
"9106",360,36000072,16,1,0.5108,1.88167905945049,362.6798,"0"
"9107",360,36000166,16,1,-1.4965,-0.0455552748548345,349.9642,"1"
"9108",360,36000274,16,0,-1.5996,-0.144542899956652,407.0925,"1"
"9109",360,36000080,16,0,-1.3171,0.126688953498862,387.9114,"0"
"9110",360,36000002,17,1,-1.113,0.322647966915749,311.0856,"0"
"9111",360,36000113,16,1,-1.9378,-0.469253033898795,439.2695,"1"
"9112",360,36000366,16,1,-1.6677,-0.209926578612655,320.5156,"1"
"9113",360,36000411,16,1,-1.491,-0.0402746546990636,318.0791,"0"
"9114",360,36000337,16,0,0.2707,1.65115598683219,420.4361,"1"
"9115",360,36000086,16,1,-0.041,1.35188884091331,260.9961,"0"
"9116",360,36000295,16,0,-1.1596,0.277906712505034,465.4202,"1"
"9117",360,36000136,16,1,-2.0804,-0.606165112846605,330.4896,"1"
"9118",360,36000313,16,1,-2.0689,-0.595123816157266,445.1727,"0"
"9119",360,36000226,16,1,-0.4457,0.963331208724121,351.5138,"1"
"9120",360,36000002,16,0,-4.0023,-2.45140581782414,320.7561,"0"
"9121",360,36000020,16,0,0.5793,1.94744678320873,357.7356,"0"
"9122",360,36000252,16,1,-3.1912,-1.67265836176125,374.3984,"0"
"9123",360,36000288,16,0,-3.6064,-2.07129717788418,363.3502,"0"
"9124",360,36000388,16,0,-0.9698,0.460136113516917,426.2213,"0"
"9125",360,36000072,16,0,0.1358,1.52163677610246,416.2291,"1"
"9126",360,36000047,16,1,-1.9652,-0.495560123402091,337.4325,"1"
"9127",360,36000095,16,1,-1.9697,-0.499880630802267,393.9177,"0"
"9128",360,36000161,16,0,-1.901,-0.433920884492908,363.8162,"0"
"9129",360,36000069,16,0,-3.8454,-2.30076412647133,329.3453,"0"
"9130",360,36000204,16,0,-2.666,-1.16840714252289,404.2548,"1"
"9131",360,36000164,16,0,-0.5516,0.861655267906638,284.1599,"0"
"9132",360,36000204,16,0,-1.8939,-0.427104083928185,382.1117,"0"
"9133",360,36000329,16,0,-2.7566,-1.25539335817977,414.8737,"0"
"9134",360,36000291,16,1,0.1261,1.5123236823732,541.4164,"0"
"9135",360,36000150,16,1,-3.7347,-2.19447964442699,304.5824,"0"
"9136",360,36000197,16,1,-2.4776,-0.987521899368837,363.1542,"1"
"9137",360,36000392,16,0,-2.4863,-0.995874880342511,378.1979,"0"
"9138",360,36000251,16,1,-2.667,-1.16936725527848,312.3968,"1"
"9139",360,36000350,16,1,-1.927,-0.458883816138371,314.4701,"0"
"9140",360,36000114,16,0,-0.0061,1.38539677608357,275.3979,"0"
"9141",360,36000349,16,0,-2.0603,-0.58686684645915,416.8028,"0"
"9142",360,36000176,16,1,-2.4242,-0.936251878220077,350.9749,"0"
"9143",360,36000317,16,1,-1.961,-0.491527649828593,360.3701,"1"
"9144",360,36000290,16,0,0.8173,2.17595361904028,439.4156,"0"
"9145",360,36000098,16,1,-1.6119,-0.156352286850468,361.9234,"1"
"9146",360,36000036,16,0,-2.183,-0.704672681570625,372.5857,"0"
"9147",360,36000073,16,1,-0.2983,1.10485182889879,385.4455,"0"
"9148",360,36000002,16,1,-1.9905,-0.519850976118638,346.8066,"0"
"9149",360,36000119,16,1,-3.399,-1.87216979237383,297.9821,"0"
"9150",360,36000071,16,0,-1.7795,-0.317267184688147,300.9438,"0"
"9151",360,36000276,16,1,-2.0341,-0.561711892262568,426.4548,"1"
"9152",360,36000108,16,0,-1.9048,-0.437569312964168,301.872,"0"
"9153",360,36000174,16,0,0.7488,2.11018589528204,500.5505,"1"
"9154",360,36000358,16,0,-0.4139,0.993862794352034,332.2819,"0"
"9155",360,36000122,16,1,-0.1015,1.29380201919983,542.9941,"0"
"9156",360,36000258,16,0,-1.7213,-0.261388622312533,395.8399,"0"
"9157",360,36000195,16,0,0.2531,1.63425800233373,475.3781,"0"
"9158",360,36000169,16,1,-2.0334,-0.561039813333652,371.2217,"0"
"9159",360,36000031,16,1,-1.2893,0.153380088104396,325.08,"0"
"9160",360,36000221,16,0,-1.9162,-0.448514598377948,352.2544,"0"
"9161",360,36000026,16,1,-3.2293,-1.7092386577494,355.1759,"1"
"9162",360,36000042,16,1,-1.3743,0.0717705038788429,329.0087,"0"
"9163",360,36000353,16,0,-1.7276,-0.26743733267278,384.9687,"1"
"9164",360,36000246,16,1,-3.0632,-1.54976392904512,262.0965,"0"
"9165",360,36000351,16,1,0.2086,1.59153298470976,488.0113,"1"
"9166",360,36000247,16,0,-1.5339,-0.081463491914078,394.1848,"0"
"9167",360,36000072,16,1,-2.3466,-0.861747128385925,460.4039,"1"
"9168",360,36000391,16,1,0.274,1.65432435892566,469.8363,"0"
"9169",360,36000314,16,1,-2.2542,-0.773032709768971,356.7947,"0"
"9170",360,36000104,16,0,-1.2793,0.162981215660343,308.3337,"1"
"9171",360,36000319,16,0,0.4357,1.80957459150533,390.1932,"0"
"9172",360,36000375,16,0,-3.8565,-2.31142137805843,341.4149,"0"
"9173",360,36000080,16,0,-0.0312,1.36129794591814,393.017,"0"
"9174",360,36000023,16,0,-2.8568,-1.35159665629036,342.6242,"1"
"9175",360,36000002,16,1,-3.0011,-1.49014092692268,320.405,"1"
"9176",360,36000066,16,0,-1.4275,0.0206925052812027,441.8317,"0"
"9177",360,36000377,16,1,-1.763,-0.301425324220833,320.3587,"0"
"9178",360,36000232,16,1,-0.9379,0.490763710420389,267.2739,"0"
"9179",360,36000192,16,1,-1.8578,-0.392444013451215,381.569,"1"
"9180",360,36000398,16,0,-0.7592,0.662335859845169,434.7312,"1"
"9181",360,36000220,16,0,-0.8429,0.581974422201889,417.6984,"1"
"9182",360,36000369,16,1,-0.2422,1.15871415448765,508.2116,"0"
"9183",360,36000173,16,0,-2.0378,-0.565264309458269,371.0494,"0"
"9184",360,36000376,16,0,-2.1473,-0.670396656195893,355.8736,"0"
"9185",360,36000276,16,0,-4.1466,-2.58995008845646,330.5294,"0"
"9186",360,36000210,16,1,-3.682,-2.14388170220714,318.6011,"0"
"9187",360,36000051,16,0,-3.8816,-2.33552020822386,331.4364,"1"
"9188",360,36000150,16,0,-2.7727,-1.27085117354485,348.747,"1"
"9189",360,36000212,16,0,-0.5388,0.873944711178251,398.2492,"0"
"9190",360,36000395,16,1,-3.1789,-1.66084897486743,362.5236,"0"
"9191",360,36000063,16,0,-2.6319,-1.13566729755711,321.4864,"0"
"9192",360,36000220,16,0,-2.0935,-0.618742589944896,462.4813,"1"
"9193",360,36000254,17,1,-0.6689,0.749034041675375,299.4166,"0"
"9194",360,36000340,16,1,-0.6832,0.73530442927037,462.679,"0"
"9195",360,36000113,16,0,-2.338,-0.853490158687811,424.9079,"0"
"9196",360,36000057,16,0,-1.9251,-0.457059601902741,390.1157,"1"
"9197",360,36000089,16,0,-2.7476,-1.24675234337942,403.6599,"1"
"9198",360,36000127,16,0,-0.2554,1.1460406661138,351.8232,"0"
"9199",360,36000118,16,1,-1.2173,0.222508206507218,317.3901,"1"
"9200",360,36000296,16,0,-2.6253,-1.12933055337018,376.0718,"0"
"9201",360,36000247,16,0,-1.5339,-0.081463491914078,354.4821,"0"
"9202",360,36000065,16,0,-0.551,0.862231335559995,321.758,"1"
"9203",360,36000076,16,0,-1.2115,0.228076860489667,294.4357,"0"
"9204",360,36000356,16,1,-3.5079,-1.9767260714581,309.5418,"1"
"9205",360,36000086,16,1,-1.7864,-0.323891962701751,405.0633,"0"
"9206",360,36000029,16,0,-0.3056,1.09784300578294,449.7124,"1"
"9207",360,36000048,16,1,-2.0985,-0.62354315372287,543.8708,"0"
"9208",360,36000302,16,1,-1.8891,-0.422495542701331,442.9032,"0"
"9209",360,36000347,16,1,-2.0586,-0.58523465477464,347.7014,"1"
"9210",360,36000014,16,1,-2.6235,-1.12760235041011,306.701,"0"
"9211",360,36000004,16,0,-3.0882,-1.57376674793499,317.626,"0"
"9212",360,36000297,16,1,-1.5599,-0.106426423559541,317.2537,"1"
"9213",360,36000117,16,0,-2.6913,-1.19269799523943,289.5529,"0"
"9214",360,36000253,16,1,-1.1442,0.292692448941193,426.3853,"1"
"9215",360,36000279,16,1,0.4296,1.8037179036962,468.4321,"0"
"9216",360,36000100,16,1,-0.1254,1.27085532434112,356.8984,"1"
"9217",360,36000152,16,0,-0.9536,0.475689940157551,302.9474,"1"
"9218",360,36000120,16,1,0.8058,2.16491232235094,516.8327,"1"
"9219",360,36000252,16,1,-0.2543,1.14709679014496,330.9623,"1"
"9220",360,36000336,16,1,-3.2482,-1.72738478883015,356.9459,"0"
"9221",360,36000006,16,1,-1.4984,-0.0473794890904645,331.804,"0"
"9222",360,36000270,4,1,0.4712,1.84365859432894,348.3918,"0"
"9223",360,36000159,16,0,0.7706,2.13111635335401,435.9076,"1"
"9224",360,36000027,16,1,-0.8258,0.59839235032256,410.1395,"1"
"9225",360,36000039,16,0,-3.0963,-1.5815436612553,393.4208,"0"
"9226",360,36000337,16,1,-1.806,-0.342710172711408,421.6763,"1"
"9227",360,36000294,16,1,-3.3012,-1.77827076487667,369.3758,"0"
"9228",360,36000098,16,0,-1.8756,-0.409534020500802,389.2953,"1"
"9229",360,36000092,16,1,-1.3794,0.0668739288253099,436.5742,"1"
"9230",360,36000116,16,1,-1.652,-0.194852808349817,339.0814,"1"
"9231",360,36000373,16,1,-0.893,0.533872773146593,433.0927,"1"
"9232",360,36000384,16,0,-2.2651,-0.783497938804954,343.229,"0"
"9233",360,36000074,16,0,-2.6152,-1.11963341453867,405.9989,"0"
"9234",360,36000220,16,1,-1.6915,-0.232777262195809,420.5694,"0"
"9235",360,36000184,16,1,-2.5979,-1.10302346386688,366.8651,"0"
"9236",360,36000021,16,0,-0.9555,0.473865725921921,409.4631,"0"
"9237",360,36000230,16,1,-1.9545,-0.485286916917227,358.038,"0"
"9238",360,36000041,16,0,-1.3262,0.11795192742295,462.048,"0"
"9239",360,36000206,16,0,-1.5226,-0.0706142177758573,318.841,"1"
"9240",360,36000359,16,1,-1.4924,-0.0416188125568961,341.6397,"1"
"9241",360,36000041,16,0,-1.9564,-0.487111131152857,387.6947,"0"
"9242",360,36000072,16,1,-0.2556,1.14584864356268,432.2555,"0"
"9243",360,36000325,16,1,0.9631,2.315938058806,467.5616,"1"
"9244",360,36000257,16,1,0.8339,2.19189149078315,366.4976,"0"
"9245",360,36000077,16,0,-3.0283,-1.51625599387486,362.3001,"0"
"9246",360,36000252,16,1,-1.8159,-0.352215288991795,367.3228,"1"
"9247",360,36000002,16,0,-2.7683,-1.26662667742023,337.5119,"0"
"9248",360,36000232,16,1,-0.7959,0.627099721714842,298.5024,"0"
"9249",360,36000412,16,0,-2.8457,-1.34093940470326,331.5925,"0"
"9250",360,36000355,16,0,-1.2837,0.158756719535727,324.799,"0"
"9251",360,36000119,16,0,-2.4284,-0.940284351793575,316.8031,"0"
"9252",360,36000074,16,0,-3.3104,-1.78710380222814,383.5784,"1"
"9253",360,36000086,16,0,-0.3822,1.02429836870439,316.7425,"1"
"9254",360,36000187,16,0,-1.2761,0.166053576478247,330.2742,"0"
"9255",360,36000096,16,0,-1.8375,-0.372953724512642,350.9886,"0"
"9256",360,36000281,16,0,-1.4097,0.0377825123307892,381.247,"1"
"9257",360,36000214,16,1,-0.6964,0.722630940896519,364.2032,"0"
"9258",360,36000100,16,1,-0.6209,0.795119453943922,404.2837,"0"
"9259",360,36000325,16,0,-1.8216,-0.357687931698686,401.6603,"0"
"9260",360,36000313,8,1,-3.3261,-1.80217757249098,388.5223,"0"
"9261",360,36000375,16,0,-3.4511,-1.92219166694032,341.7784,"0"
"9262",360,36000072,16,0,0.2188,1.60132613481683,373.1799,"0"
"9263",360,36000173,16,1,-1.4631,-0.0134875088179702,395.8798,"0"
"9264",360,36000044,16,1,-1.1322,0.30421380200833,552.6232,"1"
"9265",360,36000119,16,1,-1.6133,-0.1576964447083,340.5207,"1"
"9266",360,36000345,16,0,-2.0341,-0.561711892262568,409.3707,"1"
"9267",360,36000170,16,1,-1.8814,-0.415102674483251,385.9535,"1"
"9268",360,36000335,16,1,-2.8909,-1.38433650125614,338.9876,"0"
"9269",360,36000355,16,1,-0.7568,0.664640130458597,281.2221,"0"
"9270",360,36000370,16,1,-3.0475,-1.53469015878228,353.9625,"0"
"9271",360,36000338,16,0,-1.3196,0.124288671609875,465.4593,"1"
"9272",360,36000400,16,0,-2.7003,-1.20133901003979,326.0936,"1"
"9273",360,36000044,9,0,-0.6397,0.777069334138741,524.5949,"0"
"9274",360,36000265,16,0,-3.3296,-1.80553796713556,310.3456,"0"
"9275",360,36000146,16,1,-3.1065,-1.59133681136237,309.3056,"0"
"9276",360,36000076,16,0,-0.2294,1.17100359775926,434.4744,"0"
"9277",360,36000371,16,0,-1.8192,-0.355383661085258,389.993,"0"
"9278",360,36000322,16,1,-1.0529,0.380350743526993,278.8499,"1"
"9279",360,36000204,16,0,-1.6892,-0.230569002857942,333.2611,"1"
"9280",360,36000093,16,1,-1.4256,0.0225167195168327,379.3013,"1"
"9281",360,36000096,16,0,-2.2377,-0.757190849301658,309.7796,"0"
"9282",360,36000224,16,1,-0.8664,0.559411772445413,511.1405,"1"
"9283",360,36000206,16,1,-0.8784,0.547890419378276,306.0541,"0"
"9284",360,36000265,16,0,-1.7296,-0.269357558183969,379.0078,"0"
"9285",360,36000117,16,0,-1.6171,-0.161344873179561,346.4737,"0"
"9286",360,36000202,16,1,-2.4704,-0.980609087528555,397.9201,"1"
"9287",360,36000001,16,0,0.2693,1.64981182897436,544.2909,"1"
"9288",360,36000260,16,1,-1.5806,-0.126300757600352,462.7903,"0"
"9289",360,36000130,16,1,0.0142,1.40488706502214,395.9196,"1"
"9290",360,36000154,16,1,-2.5576,-1.06433091981642,379.0341,"0"
"9291",360,36000400,16,1,-1.8705,-0.404637445447268,442.6918,"1"
"9292",360,36000153,16,0,-1.5023,-0.051123928837284,309.5383,"0"
"9293",360,36000006,16,1,-1.4961,-0.0451712297525967,349.6775,"1"
"9294",360,36000269,16,0,-1.3611,0.0844439922526937,410.6335,"1"
"9295",360,36000227,16,1,-0.3769,1.02938696630904,511.9739,"0"
"9296",360,36000168,16,0,-0.565,0.848789756981668,318.9324,"0"
"9297",360,36000300,16,0,-0.2199,1.18012466893741,399.7708,"1"
"9298",360,36000314,16,1,-1.448,0.00101019379151051,427.7768,"0"
"9299",360,36000115,16,1,-1.2237,0.216363484871411,434.3134,"1"
"9300",360,36000235,16,0,-1.0856,0.348955056419045,341.5648,"0"
"9301",360,36000079,16,1,-2.0547,-0.58149021502782,366.4781,"1"
"9302",360,36000181,16,1,-0.7136,0.70611700150029,381.3347,"0"
"9303",360,36000403,16,1,-2.3446,-0.859826902874736,314.2564,"0"
"9304",360,36000398,16,0,-0.552,0.8612712228044,446.472,"0"
"9305",360,36000058,16,0,-1.9413,-0.472613428543376,320.911,"0"
"9306",360,36000394,16,1,-0.7392,0.681538114957064,339.3822,"0"
"9307",360,36000007,16,1,-1.8308,-0.366520969050157,379.662,"1"
"9308",360,36000071,17,1,2.2627,3.56370059597692,301.5505,"0"
"9309",360,36000353,16,0,-1.5517,-0.0985534989636644,355.3733,"0"
"9310",360,36000156,16,0,-1.7189,-0.259084351699105,397.8021,"0"
"9311",360,36000076,16,1,-1.4582,-0.00878295631555585,325.7233,"0"
"9312",360,36000408,16,1,-1.4545,-0.00523053911985527,377.6241,"0"
"9313",360,36000152,16,0,-1.1864,0.252175690655095,388.3359,"1"
"9314",360,36000215,16,0,-1.6298,-0.173538305175614,260.3554,"0"
"9315",360,36000206,16,1,0.6454,2.01091023635355,375.3687,"0"
"9316",360,36000158,16,1,-2.9976,-1.4867805322781,303.3354,"0"
"9317",360,36000317,16,1,-1.2434,0.197449263586195,363.5112,"0"
"9318",360,36000359,16,0,-1.5222,-0.0702301726736195,410.0932,"0"
"9319",360,36000135,16,0,0.3298,1.70789865068784,303.1486,"0"
"9320",360,36000116,16,1,-2.8047,-1.30157478172388,349.4816,"0"
"9321",360,36000317,16,1,-0.1877,1.21104029966756,328.7387,"0"
"9322",360,36000352,16,1,-2.0005,-0.529452103674585,444.3294,"1"
"9323",360,36000172,16,1,-1.2849,0.157604584229013,327.2082,"0"
"9324",360,36000034,16,1,-0.39,1.01680948921075,397.5814,"0"
"9325",360,36000312,16,1,-1.579,-0.124764577191401,344.8544,"0"
"9326",360,36000208,16,0,-2.4325,-0.944220814091514,420.7693,"0"
"9327",360,36000035,16,1,-2.7099,-1.2105560924935,384.8505,"0"
"9328",360,36000341,16,1,0.1243,1.51059547941312,413.7041,"1"
"9329",360,36000001,16,1,-0.5344,0.878169207302868,505.1716,"0"
"9330",360,36000384,16,0,-0.9098,0.517742878852601,468.8498,"0"
"9331",360,36000123,16,0,-3.0991,-1.58423197697097,474.9123,"1"
"9332",360,36000371,16,0,-1.9826,-0.512266085349439,404.975,"1"
"9333",360,36000263,16,0,-1.7415,-0.280782899975547,524.715,"1"
"9334",360,36000051,16,0,-1.1765,0.261680806935483,353.4593,"0"
"9335",360,36000023,16,0,-2.4484,-0.95948660690547,376.6065,"0"
"9336",360,36000383,16,0,-2.3112,-0.827759136837872,324.2855,"0"
"9337",360,36000155,16,1,0.0812,1.46921461964699,335.7042,"0"
"9338",360,36000164,16,1,-1.8344,-0.369977374970298,344.7353,"1"
"9339",360,36000364,16,0,-2.4328,-0.944508847918192,331.5616,"1"
"9340",360,36000044,16,1,0.6945,2.05805177265325,527.2373,"1"
"9341",360,36000024,16,1,-1.8386,-0.374009848543796,336.3152,"0"
"9342",360,36000359,16,0,-0.897,0.530032322124214,471.475,"0"
"9343",360,36000413,16,1,-2.6397,-1.14315617705074,391.1169,"1"
"9344",360,36000301,16,0,-1.5986,-0.143582787201058,400.9035,"0"
"9345",360,36000391,8,0,-0.7166,0.703236663233505,494.5116,"1"
"9346",360,36000319,16,0,0.5592,1.92814851682128,403.2595,"0"
"9347",360,36000331,16,0,-1.747,-0.286063520131318,460.5172,"0"
"9348",360,36000252,16,1,-1.9468,-0.477894048699147,345.072,"0"
"9349",360,36000197,16,0,-2.7576,-1.25635347093536,389.4808,"0"
"9350",360,36000197,16,1,-1.8957,-0.428832286888256,384.4556,"1"
"9351",360,36000359,16,0,0.118,1.50454676905288,392.0099,"1"
"9352",360,36000270,16,0,-1.4844,-0.0339379105121381,267.3674,"0"
"9353",360,36000287,16,0,-1.3316,0.112767318542739,481.5512,"1"
"9354",360,36000188,16,1,-1.7762,-0.314098812594684,311.7132,"1"
"9355",360,36000394,16,0,-1.6037,-0.148479362254591,366.9619,"1"
"9356",360,36000079,16,1,-1.9685,-0.498728495495553,348.356,"0"
"9357",360,36000171,16,1,-1.6412,-0.184483590589394,455.981,"0"
"9358",360,36000288,16,0,-2.2958,-0.812973400401712,439.8414,"1"
"9359",360,36000231,16,0,-0.2091,1.19049388669784,471.5654,"0"
"9360",360,36000381,16,0,0.6549,2.0200313075317,464.2902,"1"
"9361",360,36000258,16,1,-1.2976,0.14541115223296,316.3169,"0"
"9362",360,36000326,16,0,-1.419,0.028853463703758,369.0079,"1"
"9363",360,36000334,16,0,-2.5953,-1.10052717070234,409.3124,"0"
"9364",360,36000285,16,0,-1.8037,-0.34050191337354,430.4244,"0"
"9365",360,36000048,16,0,-0.1276,1.26874307627881,390.0819,"1"
"9366",360,36000357,16,1,-3.2216,-1.70184578953133,369.569,"0"
"9367",360,36000323,16,1,-1.0906,0.344154492641072,432.8675,"0"
"9368",360,36000023,16,1,-1.9986,-0.527627889438955,412.9651,"0"
"9369",360,36000164,16,0,-0.6477,0.769388432093983,367.8818,"0"
"9370",360,36000128,16,1,-2.3318,-0.847537459603123,377.584,"0"
"9371",360,36000087,16,1,-1.3323,0.112095239613822,345.0949,"0"
"9372",360,36000391,16,0,1.0202,2.37076049715045,467.9317,"0"
"9373",360,36000336,16,1,-3.4179,-1.89031592345457,314.9762,"1"
"9374",360,36000182,16,1,-1.2955,0.147427389019709,346.8722,"0"
"9375",360,36000277,16,0,-2.1562,-0.678941659720687,341.4493,"0"
"9376",360,36000399,16,0,-3.1127,-1.59728951044706,357.1916,"0"
"9377",360,36000070,16,1,-1.7281,-0.267917389050577,414.9568,"0"
"9378",360,36000093,16,1,-1.6129,-0.157312399606063,423.8787,"0"
"9379",360,36000096,16,0,-1.9113,-0.443810045875534,330.0519,"0"
"9380",360,36000142,16,0,-2.8493,-1.3443958106234,357.3357,"0"
"9381",360,36000211,16,1,-3.0908,-1.57626304109953,323.6986,"1"
"9382",360,36000174,16,0,-1.3579,0.0875163530705967,476.296,"1"
"9383",360,36000323,16,1,-1.9829,-0.512554119176118,299.7789,"0"
"9384",360,36000391,16,1,-0.0244,1.36782671265619,530.3227,"1"
"9385",360,36000298,16,1,-2.0795,-0.60530101136657,307.0406,"1"
"9386",360,36000366,16,0,-2.1641,-0.686526550489885,291.1914,"0"
"9387",360,36000197,16,1,-2.0505,-0.577457741454322,350.4514,"0"
"9388",360,36000148,16,0,-2.9678,-1.45816917216138,465.1808,"1"
"9389",360,36000028,16,0,-0.7931,0.629788037430508,336.5032,"1"
"9390",360,36000075,16,0,-3.0593,-1.5460194892983,361.1438,"0"
"9391",360,36000118,16,0,-2.0921,-0.617398432087063,363.803,"1"
"9392",360,36000197,16,1,-1.857,-0.391675923246739,368.7165,"0"
"9393",360,36000242,16,1,-0.4639,0.945857156572297,341.3477,"1"
"9394",360,36000291,16,0,-0.7392,0.681538114957064,406.4257,"0"
"9395",360,36000085,16,0,-1.8622,-0.396668509575832,385.0662,"0"
"9396",360,36000206,16,0,-1.2434,0.197449263586195,390.7978,"0"
"9397",360,36000243,16,0,-1.3949,0.0519921811135913,399.6114,"0"
"9398",360,36000027,16,0,-0.8544,0.57093312551255,431.6649,"1"
"9399",360,36000122,16,1,0.1,1.48726473945217,449.8626,"0"
"9400",360,36000206,16,0,-1.9385,-0.469925112827711,335.4253,"0"
"9401",360,36000235,16,1,-1.5495,-0.096441250901356,383.4735,"0"
"9402",360,36000396,16,0,-0.9223,0.505741469407667,368.9566,"0"
"9403",360,36000158,16,0,-2.3965,-0.909656754890103,267.3704,"0"
"9404",360,36000309,16,0,-3.3739,-1.8480709622084,317.3157,"0"
"9405",360,36000066,16,0,-1.29,0.15270800917548,436.7465,"0"
"9406",360,36000356,16,0,-2.5787,-1.08458929895947,361.4276,"0"
"9407",360,36000283,16,1,-0.6256,0.790606923992627,284.8552,"1"
"9408",360,36000020,16,1,-0.9618,0.467817015561674,409.0095,"0"
"9409",360,36000357,16,0,-3.0967,-1.58192770635754,328.4522,"0"
"9410",360,36000120,16,1,1.4158,2.75058110326373,451.1918,"1"
"9411",360,36000252,2,0,-0.8656,0.560179862649889,303.8008,"0"
"9412",360,36000297,16,1,-3.2546,-1.73352951046595,347.7356,"1"
"9413",360,36000069,16,1,-0.2488,1.15237741030073,432.7561,"0"
"9414",360,36000066,16,0,-1.1741,0.263985077548911,384.8681,"0"
"9415",360,36000077,16,0,-2.0187,-0.546926155826409,378.0868,"1"
"9416",360,36000032,16,0,-2.065,-0.591379376410446,344.7918,"0"
"9417",360,36000349,16,0,-2.2393,-0.75872702971061,526.2128,"1"
"9418",360,36000156,16,0,-1.9937,-0.522923336936541,397.8413,"1"
"9419",360,36000290,16,0,0.5568,1.92584424620785,380.0709,"1"
"9420",360,36000342,16,0,-1.6531,-0.195908932380971,437.3244,"0"
"9421",360,36000185,16,1,-2.1802,-0.70198436585496,359.7433,"0"
"9422",360,36000057,16,1,-1.4869,-0.0363381924011251,298.7029,"1"
"9423",360,36000271,16,1,-1.5604,-0.106906479937339,352.8357,"0"
"9424",360,36000297,16,1,-1.9184,-0.450626846440257,328.9363,"1"
"9425",360,36000223,16,1,0.1403,1.52595728350264,523.2387,"1"
"9426",360,36000048,16,1,-2.4215,-0.933659573779972,405.9552,"0"
"9427",360,36000277,16,0,-1.3892,0.0574648238204814,262.3919,"0"
"9428",360,36000293,16,0,-2.2793,-0.797131539934399,308.8937,"0"
"9429",360,36000258,16,0,-1.7094,-0.249963280520955,400.6807,"1"
"9430",360,36000313,16,1,0.0411,1.43071409814764,240.2695,"0"
"9431",360,36000090,16,0,-1.0464,0.386591476438359,489.0247,"1"
"9432",360,36000117,16,1,-0.6321,0.784366191081261,387.0485,"0"
"9433",360,36000030,16,0,-2.0962,-0.621334894385002,417.2898,"1"
"9434",360,36000187,16,0,-1.1358,0.300757396088189,544.7986,"1"
"9435",360,36000368,16,1,-1.6788,-0.220583830199756,303.7354,"0"
"9436",360,36000129,16,0,-2.6683,-1.17061540186075,394.1711,"0"
"9437",360,36000179,16,0,-0.679,0.739336902843868,370.6772,"0"
"9438",360,36000048,16,1,-1.1929,0.245934957743729,398.3167,"1"
"9439",360,36000291,16,0,-1.3311,0.113247374920536,357.3377,"0"
"9440",360,36000298,16,1,-0.5704,0.843605148101457,379.8023,"1"
"9441",360,36000341,16,0,1.5192,2.84985676219223,459.2059,"1"
"9442",360,36000111,16,0,1.1231,2.46955609970115,522.8043,"1"
"9443",360,36000184,16,1,-2.0279,-0.555759193177881,396.3159,"0"
"9444",360,36000231,16,1,-1.5079,-0.0565005602686146,360.1749,"0"
"9445",360,36000230,16,0,-1.0085,0.4229797498754,364.113,"1"
"9446",360,36000151,16,1,-1.2631,0.178535042300979,527.5944,"1"
"9447",360,36000001,16,0,-0.2672,1.13471133559778,429.5712,"1"
"9448",360,36000161,16,1,-1.1159,0.319863639924525,343.2345,"1"
"9449",360,36000136,16,1,0.7717,2.13217247738516,455.8669,"1"
"9450",360,36000180,16,0,-1.4393,0.00936317476518471,414.3907,"0"
"9451",360,36000040,16,0,-1.3308,0.113535408747214,319.0689,"1"
"9452",360,36000040,16,0,-3.6107,-2.07542566273324,368.9324,"0"
"9453",360,36000045,16,0,-1.8193,-0.355479672360818,434.7989,"1"
"9454",360,36000379,16,1,-3.0999,-1.58500006717545,332.5725,"0"
"9455",360,36000265,16,0,-1.5951,-0.140222392556476,377.8517,"1"
"9456",360,36000383,16,1,-2.5482,-1.05530585991383,347.5685,"0"
"9457",360,36000341,16,0,0.5462,1.91566705099855,378.9897,"0"
"9458",360,36000321,16,0,-2.4934,-1.00269168090723,302.8466,"0"
"9459",360,36000341,16,1,0.9179,2.27254096225311,441.0561,"1"
"9460",360,36000119,16,1,-0.2023,1.19702265343588,411.4935,"0"
"9461",360,36000026,16,0,-2.4695,-0.979744986048519,324.9369,"1"
"9462",360,36000151,16,0,-0.7783,0.64399770621331,414.3753,"0"
"9463",360,36000194,16,0,-0.5675,0.846389475092682,395.1939,"1"
"9464",360,36000005,16,0,-2.696,-1.19721052519073,335.2506,"0"
"9465",360,36000187,16,0,-1.5744,-0.120348058515665,311.8899,"0"
"9466",360,36000252,16,1,-2.9331,-1.42485325954224,301.0641,"0"
"9467",360,36000345,16,0,-0.9063,0.521103273497183,311.236,"0"
"9468",360,36000046,16,1,-1.8753,-0.409245986674123,328.3721,"0"
"9469",360,36000079,16,1,-1.6922,-0.233449341124726,303.2839,"0"
"9470",360,36000394,16,0,-1.9288,-0.460612019098442,386.6924,"0"
"9471",360,36000252,16,1,-1.6105,-0.155008128992635,342.7485,"0"
"9472",360,36000066,16,0,-1.8822,-0.415870764687727,408.9309,"0"
"9473",360,36000338,16,0,-1.1447,0.292212392563396,501.0213,"1"
"9474",360,36000350,16,0,-0.6567,0.760747417293631,357.6533,"0"
"9475",360,36000206,16,1,-1.745,-0.284143294620128,335.774,"1"
"9476",360,36000245,16,1,-1.6988,-0.239786085311651,409.6561,"0"
"9477",360,36000238,16,1,-0.4843,0.926270856358164,402.1103,"0"
"9478",360,36000119,16,0,-2.7398,-1.23926346388578,347.5961,"0"
"9479",360,36000193,16,0,-3.185,-1.66670566267656,347.5051,"1"
"9480",360,36000171,16,1,-1.9484,-0.479430229108099,374.2253,"0"
"9481",360,36000008,16,1,-0.9763,0.453895380605551,444.889,"0"
"9482",360,36000060,16,0,-3.0377,-1.52528105377745,293.9346,"1"
"9483",360,36000213,16,1,-0.4815,0.928959172073829,352.7144,"0"
"9484",360,36000335,16,0,-1.806,-0.342710172711408,322.4472,"0"
"9485",360,36000358,16,0,-2.7119,-1.21247631800469,334.7344,"0"
"9486",360,36000176,16,1,-1.4757,-0.0255849295384639,383.9296,"0"
"9487",360,36000041,16,0,-3.0994,-1.58452001079765,331.3748,"0"
"9488",360,36000221,16,0,-0.8072,0.616250447576622,361.1737,"0"
"9489",360,36000259,16,1,-2.2319,-0.751622195319208,352.1811,"1"
"9490",360,36000145,16,1,-0.7931,0.629788037430508,301.5003,"1"
"9491",360,36000047,16,0,-1.8669,-0.401181039527127,427.8261,"1"
"9492",360,36000246,16,1,-1.1205,0.315447121248789,440.822,"0"
"9493",360,36000199,16,0,-0.8964,0.530608389777571,313.4568,"1"
"9494",360,36000261,16,1,-2.4222,-0.934331652708888,299.581,"0"
"9495",360,36000097,16,1,-0.2321,1.16841129331916,406.7291,"0"
"9496",360,36000003,16,0,0.3156,1.6942650495584,378.9578,"1"
"9497",360,36000104,16,1,-1.6046,-0.149343463734626,296.5488,"0"
"9498",360,36000033,16,1,-3.0669,-1.55331634624082,379.3559,"0"
"9499",360,36000109,16,0,0.3241,1.70242600798095,336.4472,"1"
"9500",360,36000067,16,0,-3.211,-1.69166859432202,390.5058,"0"
"9501",360,36000082,16,0,-0.8701,0.555859355249712,436.0962,"0"
"9502",360,36000182,16,1,-0.373,1.03313140605586,369.9888,"0"
"9503",360,36000264,16,0,-1.9105,-0.443041955671058,341.2501,"1"
"9504",360,36000144,16,1,-1.3792,0.0670659513764288,359.9357,"0"
"9505",360,36000387,16,0,-1.3934,0.0534323502469835,395.5458,"0"
"9506",360,36000313,16,0,-3.6296,-2.09357179381398,430.3242,"0"
"9507",360,36000400,16,1,-1.346,0.0989416948621742,331.647,"0"
"9508",360,36000188,16,0,-2.6118,-1.11636903116965,328.1514,"0"
"9509",360,36000036,16,0,-1.9286,-0.460419996547323,453.7234,"0"
"9510",360,36000190,16,0,0.4598,1.83271330891516,471.2849,"1"
"9511",360,36000179,16,1,-2.4915,-1.0008674666716,436.2466,"1"
"9512",360,36000165,16,1,-2.3268,-0.84273689582515,314.9237,"0"
"9513",360,36000105,16,0,-2.0661,-0.5924355004416,415.8073,"1"
"9514",360,36000245,16,0,0.1458,1.53123790365841,495.0106,"1"
"9515",360,36000307,16,1,-1.8794,-0.413182448972062,333.6913,"0"
"9516",360,36000284,16,1,0.2525,1.63368193468037,445.0368,"0"
"9517",360,36000185,16,0,-2.3356,-0.851185888074383,328.8173,"1"
"9518",360,36000299,16,0,-0.4517,0.957570532190553,359.5746,"0"
"9519",360,36000327,16,0,-3.4274,-1.89943699463272,378.6788,"0"
"9520",360,36000287,16,1,-0.9948,0.436133294627048,441.3021,"0"
"9521",360,36000382,16,1,-1.3965,0.0504560007046397,366.4153,"0"
"9522",360,36000351,16,1,0.5257,1.89598473950885,508.0853,"1"
"9523",360,36000240,16,1,-0.6603,0.757291011373489,480.6422,"1"
"9524",360,36000394,16,0,-0.9433,0.485579101540177,328.6614,"0"
"9525",360,36000012,16,0,0.219,1.60151815736795,527.27,"1"
"9526",360,36000132,16,1,-0.9245,0.503629221345358,384.2281,"1"
"9527",360,36000298,16,1,0.8666,2.2232871778911,457.1488,"0"
"9528",360,36000383,16,0,-1.5227,-0.0707102290514168,428.8844,"0"
"9529",360,36000383,16,1,-0.8477,0.577365880975035,382.356,"1"
"9530",360,36000247,16,0,-1.5339,-0.081463491914078,429.2022,"0"
"9531",360,36000278,16,1,-1.3138,0.129857325592325,289.2416,"1"
"9532",360,36000398,16,0,-1.1233,0.312758805533124,434.6591,"1"
"9533",360,36000331,16,0,-1.1902,0.248527262183835,372.5108,"1"
"9534",360,36000080,16,0,0.4674,1.84001016585768,382.1551,"1"
"9535",360,36000349,16,0,-2.971,-1.46124153297928,467.481,"0"
"9536",360,36000067,16,0,-2.8688,-1.3631180093575,383.2165,"1"
"9537",360,36000337,16,1,0.0859,1.47372714959829,442.0213,"1"
"9538",360,36000371,16,0,-3.4152,-1.88772361901447,365.7694,"0"
"9539",360,36000256,16,1,-2.2929,-0.810189073410488,363.4485,"1"
"9540",360,36000032,16,0,-2.9685,-1.4588412510903,362.2074,"0"
"9541",360,36000082,16,0,-1.0238,0.4082900247148,407.3103,"1"
"9542",360,36000180,16,1,-2.3891,-0.902551920498702,309.3296,"0"
"9543",360,36000256,16,1,-2.1808,-0.702560433508317,464.686,"1"
"9544",360,36000084,16,1,-3.1586,-1.64135868592886,366.3929,"0"
"9545",360,36000190,16,0,-0.4843,0.926270856358164,449.0769,"1"
"9546",360,36000183,16,0,-1.7465,-0.28558346375352,296.5269,"0"
"9547",360,36000238,16,1,-0.3554,1.05002939055433,344.0952,"0"
"9548",360,36000097,16,0,-2.2772,-0.79511530314765,330.5926,"0"
"9549",360,36000086,16,1,-1.7465,-0.28558346375352,407.5998,"0"
"9550",360,36000111,16,0,-0.2483,1.15285746667852,423.3128,"0"
"9551",360,36000340,16,0,0.1879,1.57165865066895,537.1047,"1"
"9552",360,36000045,16,1,-1.7013,-0.242186367200638,383.4935,"0"
"9553",360,36000129,16,0,-1.1,0.335129432738481,456.2189,"0"
"9554",360,36000075,16,0,-1.9483,-0.479334217832539,411.0299,"1"
"9555",360,36000245,16,1,-1.9318,-0.463492357365226,376.6572,"0"
"9556",360,36000071,16,0,-2.872,-1.3661903701754,274.0922,"0"
"9557",360,36000274,16,1,-1.2564,0.184967797763463,354.5168,"0"
"9558",360,36000220,16,1,-1.9071,-0.439777572302036,351.0044,"0"
"9559",360,36000036,16,0,-1.2739,0.168165824540555,397.5511,"0"
"9560",360,36000321,16,0,-1.7186,-0.258796317872427,438.6789,"1"
"9561",360,36000128,16,0,-2.4563,-0.967071497674669,334.7722,"0"
"9562",360,36000101,16,1,-2.508,-1.01670932713892,323.4697,"1"
"9563",360,36000342,16,0,-0.9245,0.503629221345358,416.8352,"0"
"9564",360,36000199,16,0,0.5314,1.90145738221574,297.0555,"0"
"9565",360,36000395,16,1,-1.2816,0.160772956322476,394.1486,"0"
"9566",360,36000265,16,0,-1.1137,0.321975887986833,436.7735,"1"
"9567",360,36000124,16,1,-3.2645,-1.74303462674634,320.7204,"0"
"9568",360,36000001,16,1,0.911,2.26591618423951,351.9342,"0"
"9569",360,36000356,16,1,-1.6914,-0.23268125092025,314.2865,"1"
"9570",360,36000329,16,0,-2.5688,-1.07508418267908,407.9707,"0"
"9571",360,36000406,16,0,-1.5695,-0.115643506013251,406.0038,"0"
"9572",360,36000128,16,1,-1.5829,-0.12850901693822,444.4084,"0"
"9573",360,36000120,16,0,-1.2596,0.18189543694556,429.9069,"1"
"9574",360,36000164,16,1,-1.5629,-0.109306761826325,347.1192,"1"
"9575",360,36000180,16,0,-1.56,-0.106522434835101,357.6138,"0"
"9576",360,36000396,16,1,-1.8682,-0.402429186109401,388.0442,"0"
"9577",360,36000207,16,1,-1.686,-0.227496642040038,328.708,"1"
"9578",360,36000183,16,1,-1.2977,0.1453151409574,277.3928,"1"
"9579",360,36000414,16,0,-0.0707,1.32337349207215,323.1817,"0"
"9580",360,36000123,16,0,-2.966,-1.45644096920131,331.2034,"1"
"9581",360,36000187,16,0,0.0615,1.45030039836177,400.5033,"0"
"9582",360,36000077,16,1,-0.1611,1.23657929896639,281.4437,"0"
"9583",360,36000096,16,1,-0.5498,0.863383470866709,310.2879,"1"
"9584",360,36000031,16,1,-0.2736,1.12856661396198,265.7334,"0"
"9585",360,36000039,16,1,-2.9022,-1.39518577539436,419.1218,"1"
"9586",360,36000197,16,1,-1.3351,0.109406923898157,418.7626,"0"
"9587",360,36000150,16,1,-1.7584,-0.297008805545098,381.0477,"1"
"9588",360,36000174,1,1,0.352,1.72921315386205,398.4007,"1"
"9589",360,36000149,16,1,-2.3851,-0.898711469476323,353.8841,"0"
"9590",360,36000012,16,1,0.1517,1.53690256891642,492.835,"0"
"9591",360,36000388,16,0,-1.7167,-0.256972103636797,353.3206,"0"
"9592",360,36000030,16,0,-3.472,-1.94225802353225,400.2001,"1"
"9593",360,36000150,16,1,-1.2228,0.217227586351446,458.7975,"0"
"9594",360,36000392,16,1,-1.0851,0.349435112796843,444.5242,"0"
"9595",360,36000140,16,0,0.4117,1.78653188537105,400.5547,"0"
"9596",360,36000182,16,0,-1.6775,-0.219335683617483,349.2062,"0"
"9597",360,36000065,16,0,-1.5339,-0.081463491914078,370.3463,"0"
"9598",360,36000329,16,0,-3.1794,-1.66132903124523,323.3703,"0"
"9599",360,36000329,16,0,-1.8861,-0.419615204434546,374.2561,"0"
"9600",360,36000279,16,0,-0.2889,1.11387688880138,500.4773,"0"
"9601",360,36000291,16,0,0.0345,1.42437735396072,318.2864,"0"
"9602",360,36000152,16,0,-0.4266,0.981669362355981,352.3527,"0"
"9603",360,36000174,16,0,0.5893,1.95704791076468,477.612,"0"
"9604",360,36000330,16,0,0.3849,1.76080086352111,553.3083,"1"
"9605",360,36000177,16,1,-1.2927,0.150115704735374,312.9165,"0"
"9606",360,36000385,16,0,-1.5339,-0.081463491914078,543.5022,"0"
"9607",360,36000330,16,0,-0.0984,1.29677836874218,504.0876,"1"
"9608",360,36000097,16,1,-1.5633,-0.109690806928563,333.9336,"0"
"9609",360,36000045,16,1,0.5619,1.93074082126138,428.9126,"0"
"9610",360,36000304,16,0,0.6658,2.03049653656768,426.031,"0"
"9611",360,36000026,16,0,-2.1539,-0.676733400382819,364.9179,"0"
"9612",360,36000403,16,1,-1.7231,-0.263116825272603,359.4518,"0"
"9613",360,36000353,16,0,-1.1163,0.319479594822287,347.0656,"1"
"9614",360,36000334,16,0,-1.9773,-0.507177487744787,390.4016,"1"
"9615",360,36000144,16,0,0.7461,2.10759359084194,427.4262,"1"
"9616",360,36000050,16,0,0.1636,1.548327910708,260.1611,"0"
"9617",360,36000307,16,1,-1.843,-0.378234344668413,296.1516,"0"
"9618",360,36000141,16,1,-1.9042,-0.436993245310811,327.7577,"1"
"9619",360,36000270,16,0,-1.4411,0.00763497180511415,313.681,"0"
"9620",360,36000153,16,1,-2.7724,-1.27056313971817,386.7001,"0"
"9621",360,36000413,16,1,-0.2236,1.17657225174171,413.3563,"0"
"9622",360,36000122,16,0,1.3367,2.67463618429619,586.7852,"1"
"9623",360,36000249,16,0,-1.7672,-0.305457797794332,354.8721,"0"
"9624",360,36000355,16,1,-1.7236,-0.263596881650401,360.4769,"1"
"9625",360,36000111,16,0,0.1343,1.52019660696907,392.5886,"0"
"9626",360,36000185,4,1,-1.9861,-0.515626479994021,480.0846,"0"
"9627",360,36000144,16,1,-1.2001,0.239022145903447,405.8447,"0"
"9628",360,36000350,16,0,-1.316,0.127745077530016,374.9211,"1"
"9629",360,36000247,16,1,-1.5339,-0.081463491914078,375.523,"0"
"9630",360,36000116,16,0,-2.0512,-0.578129820383239,361.1797,"1"
"9631",360,36000110,16,0,-1.4365,0.0120514904808499,373.7548,"0"
"9632",360,36000067,16,1,-1.7207,-0.260812554659176,408.3125,"0"
"9633",360,36000204,16,0,-2.9089,-1.40161853085685,345.9607,"0"
"9634",360,36000069,16,1,-0.4099,0.997703245374413,617.9043,"1"
"9635",360,36000399,16,0,-1.2468,0.194184880217173,320.8075,"0"
"9636",360,36000238,16,0,-1.5418,-0.0890483826832765,405.2307,"0"
"9637",360,36000261,16,1,-3.2515,-1.73055316092361,362.233,"1"
"9638",360,36000112,16,0,-1.7965,-0.333589101533257,373.6021,"0"
"9639",360,36000226,16,1,-1.2006,0.23854208952565,509.1059,"1"
"9640",360,36000311,16,0,-2.3598,-0.874420616759776,374.9255,"0"
"9641",360,36000414,16,1,-2.5988,-1.10388756534692,430.1226,"0"
"9642",360,36000262,16,1,-1.9118,-0.444290102253331,298.0366,"0"
"9643",360,36000119,16,1,-2.7185,-1.21881306219161,329.5291,"1"
"9644",360,36000098,16,0,-3.0081,-1.49686171621185,328.6722,"0"
"9645",360,36000178,16,0,-2.1803,-0.70208037713052,373.707,"0"
"9646",360,36000140,16,0,0.474,1.84634691004461,437.2733,"1"
"9647",360,36000157,16,1,-1.6796,-0.221351920404232,321.88,"0"
"9648",360,36000250,16,1,-1.5339,-0.081463491914078,264.6865,"1"
"9649",360,36000161,16,0,-2.6004,-1.10542374575587,391.6831,"0"
"9650",360,36000196,16,0,-2.0014,-0.53031620515462,364.3173,"0"
"9651",360,36000383,16,0,-3.1242,-1.6083308071364,403.3461,"1"
"9652",360,36000092,16,0,-2.0902,-0.615574217851433,351.7997,"0"
"9653",360,36000245,16,1,-0.8402,0.584566726641995,404.2454,"1"
"9654",360,36000394,16,0,-1.7629,-0.301329312945274,427.8182,"1"
"9655",360,36000376,16,0,-1.8207,-0.35682383021865,395.1156,"0"
"9656",360,36000292,16,1,-0.3361,1.06855956673731,454.0739,"1"
"9657",360,36000358,16,0,-1.9211,-0.453219150880362,323.5765,"1"
"9658",360,36000171,16,0,-1.3134,0.130241370694563,442.8124,"1"
"9659",360,36000409,16,1,-2.4223,-0.934427663984447,404.9161,"1"
"9660",360,36000259,16,1,6e-04,1.39182953154605,307.1151,"0"
"9661",360,36000274,16,1,-1.6909,-0.232201194542453,309.9148,"0"
"9662",360,36000209,16,0,-0.3464,1.05867040535468,409.6093,"0"
"9663",360,36000136,16,0,-2.7507,-1.24972869292176,440.9451,"0"
"9664",360,36000382,16,1,-1.7703,-0.308434147336675,300.7613,"0"
"9665",360,36000282,16,0,-1.3104,0.133121708961347,354.1724,"0"
"9666",360,36000192,16,0,-3.419,-1.89137204748573,349.922,"0"
"9667",360,36000290,16,1,0.47,1.84250645902223,335.4717,"0"
"9668",360,36000313,16,0,-2.06,-0.586578812632472,389.7282,"0"
"9669",360,36000242,16,1,-2.0238,-0.551822730879942,252.7298,"1"
"9670",360,36000249,16,0,-1.8462,-0.381306705486316,319.6193,"0"
"9671",360,36000410,16,0,-2.8791,-1.37300717074013,330.242,"0"
"9672",360,36000352,16,0,-1.9568,-0.487495176255095,305.2515,"0"
"9673",360,36000216,16,1,-2.4895,-0.998947241160414,289.7956,"0"
"9674",360,36000022,16,0,-2.2718,-0.789930694267439,451.6816,"0"
"9675",360,36000195,16,0,-0.1828,1.21574485216998,470.5893,"0"
"9676",360,36000118,16,0,-2.1449,-0.668092385582466,365.3963,"1"
"9677",360,36000129,16,0,-2.2888,-0.80625261111255,495.2282,"1"
"9678",360,36000259,16,0,-2.5644,-1.07085968655446,335.3146,"0"
"9679",360,36000287,16,0,-0.2694,1.13259908753547,461.471,"0"
"9680",360,36000027,16,0,-0.6589,0.758635169231322,415.837,"1"
"9681",360,36000155,16,0,-2.849,-1.34410777679672,349.2042,"0"
"9682",360,36000041,16,1,-2.4347,-0.946333062153822,370.0615,"0"
"9683",360,36000400,16,0,-1.2686,0.173254422145207,399.4609,"0"
"9684",360,36000113,16,1,0.768,2.12862006018946,387.7636,"0"
"9685",360,36000038,4,0,-3.476,-1.94609847455463,240.4702,"0"
"9686",360,36000198,16,0,-2.3081,-0.824782787295528,318.4574,"1"
"9687",360,36000077,16,1,-2.2503,-0.769288270022152,298.0948,"0"
"9688",360,36000002,16,1,-2.9886,-1.47813951747775,337.5386,"0"
"9689",360,36000051,16,0,-2.995,-1.48428423911356,357.3761,"0"
"9690",360,36000353,16,0,-2.1814,-0.703136501161674,375.4618,"0"
"9691",360,36000144,16,1,-2.1329,-0.656571032515329,332.2359,"0"
"9692",360,36000110,16,0,-1.1919,0.246895070499324,353.7308,"0"
"9693",360,36000338,16,0,-1.2731,0.168933914745031,466.8318,"0"
"9694",360,36000158,16,0,-3.0676,-1.55398842516974,271.2431,"1"
"9695",360,36000145,16,0,-2.8942,-1.38750487334961,407.6416,"1"
"9696",360,36000063,16,0,0.8744,2.23077605738474,308.907,"0"
"9697",360,36000054,16,0,-2.4555,-0.966303407470193,302.6376,"1"
"9698",360,36000398,16,1,0.451,1.82426431666593,385.578,"0"
"9699",360,36000413,16,1,-1.7369,-0.276366381299811,373.3565,"0"
"9700",360,36000394,16,0,-1.3384,0.106238551804694,385.6955,"1"
"9701",360,36000238,16,1,-2.3715,-0.885653936000235,315.47,"1"
"9702",360,36000051,16,1,-2.2728,-0.790890807023034,279.6241,"0"
"9703",360,36000189,16,0,-1.9451,-0.476261857014636,411.3105,"0"
"9704",360,36000227,16,1,-0.1275,1.26883908755437,491.3209,"1"
"9705",360,36000259,16,1,-1.396,0.0509360570824372,293.9726,"1"
"9706",360,36000382,16,1,-2.2023,-0.723202857753604,419.7976,"1"
"9707",360,36000299,16,0,-0.1242,1.27200745964783,273.1334,"0"
"9708",360,36000245,16,0,0.8297,2.18785901720966,569.5114,"0"
"9709",360,36000368,16,1,-1.4358,0.0127235694097664,436.409,"1"
"9710",360,36000383,16,0,-3.4151,-1.88762760773891,349.9911,"0"
"9711",360,36000290,16,0,0.6159,1.9825869100635,490.499,"0"
"9712",360,36000058,16,1,-1.4561,-0.0067667195288069,460.7892,"0"
"9713",360,36000113,16,0,-1.7775,-0.315346959176957,362.5612,"0"
"9714",360,36000372,16,1,-0.7241,0.696035817566545,401.381,"1"
"9715",360,36000315,16,1,-1.3479,0.0971174806265441,443.7982,"0"
"9716",360,36000209,16,0,0.3804,1.75648035612094,387.5368,"1"
"9717",360,36000387,16,1,-2.5612,-1.06778732573656,407.9503,"1"
"9718",360,36000129,16,0,-2.4109,-0.923482378570667,398.6962,"0"
"9719",360,36000107,16,0,-1.6316,-0.175266508135684,315.9812,"0"
"9720",360,36000325,16,1,0.6653,2.03001648018988,378.9175,"0"
"9721",360,36000353,16,0,-0.9112,0.516398720994768,441.3128,"0"
"9722",360,36000028,16,0,-2.2377,-0.757190849301658,373.3376,"1"
"9723",360,36000129,16,0,-3.1625,-1.64510312567568,386.601,"1"
"9724",360,36000255,16,1,-2.0094,-0.537997107199378,359.1524,"1"
"9725",360,36000330,16,0,-1.1488,0.288275930265458,514.4935,"1"
"9726",360,36000176,16,0,-1.8114,-0.347894781591619,372.0739,"1"
"9727",360,36000093,16,1,-1.7143,-0.254667833023369,384.8641,"0"
"9728",360,36000302,16,1,-1.3293,0.114975577880607,422.9428,"1"
"9729",360,36000259,16,1,-3.4864,-1.95608364721281,344.5353,"0"
"9730",360,36000259,16,1,-1.9481,-0.47914219528142,396.3403,"0"
"9731",360,36000114,16,0,-0.9897,0.441029869680581,388.2189,"0"
"9732",360,36000156,16,0,-0.9637,0.465992801326044,409.476,"0"
"9733",360,36000035,16,1,-2.9607,-1.45135237159666,314.7019,"0"
"9734",360,36000349,16,0,-2.1501,-0.673084971911559,444.1003,"0"
"9735",360,36000395,16,0,-3.0001,-1.48918081416709,364.7285,"0"
"9736",360,36000334,16,0,-1.7176,-0.257836205116832,451.2724,"0"
"9737",360,36000065,16,0,-1.6831,-0.224712315048814,365.6845,"0"
"9738",360,36000069,16,1,-1.1189,0.31698330165774,401.81,"1"
"9739",360,36000252,16,0,-2.1222,-0.646297826030465,289.4896,"0"
"9740",360,36000049,16,0,-1.2582,0.183239594803393,469.9831,"1"
"9741",360,36000069,16,0,0.4115,1.78633986281993,487.9459,"1"
"9742",360,36000235,16,0,-0.9923,0.438533576516035,312.2014,"0"
"9743",360,36000198,16,1,-1.6685,-0.21069466881713,403.9302,"1"
"9744",360,36000237,16,0,-1.7994,-0.336373428524482,329.9903,"0"
"9745",360,36000006,16,1,-0.1718,1.22630609248152,346.7916,"0"
"9746",360,36000292,16,1,-0.0162,1.37569963725206,342.166,"0"
"9747",360,36000090,16,1,-1.7435,-0.282703125486736,442.2382,"0"
"9748",360,36000215,16,0,-0.4167,0.991174478636369,266.1088,"0"
"9749",360,36000078,16,0,-1.754,-0.292784309420481,395.6726,"0"
"9750",360,36000137,16,0,-1.7093,-0.249867269245396,378.2642,"0"
"9751",360,36000210,16,1,-2.1661,-0.688446776001075,368.2877,"0"
"9752",360,36000147,16,1,-1.5233,-0.0712862967047738,462.0875,"1"
"9753",360,36000034,16,0,-3.0373,-1.52489700867521,361.1294,"1"
"9754",360,36000152,16,0,-1.8762,-0.410110088154159,315.8044,"0"
"9755",360,36000046,16,1,-2.7517,-1.25068880567736,330.6274,"1"
"9756",360,36000297,16,1,-1.0326,0.399841032465567,312.0875,"0"
"9757",360,36000386,16,1,-1.4845,-0.0340339217876976,459.9918,"1"
"9758",360,36000329,16,0,-3.539,-2.0065855781571,316.134,"0"
"9759",360,36000035,16,0,-0.1948,1.20422349910284,304.9306,"1"
"9760",360,36000233,16,0,-1.6436,-0.186787861202821,368.7674,"0"
"9761",360,36000341,16,1,-0.3919,1.01498527497512,376.4376,"0"
"9762",360,36000215,16,1,-2.5354,-1.04301641664221,188.948,"0"
"9763",360,36000069,16,0,0.6824,2.04643440831055,448.6194,"1"
"9764",360,36000141,16,0,-1.8091,-0.345686522253751,384.036,"0"
"9765",360,36000010,16,0,0.2158,1.59844579655004,453.4857,"0"
"9766",360,36000221,16,1,-1.6054,-0.150111553939102,429.6286,"1"
"9767",360,36000096,16,0,-1.929,-0.460804041649561,309.0702,"0"
"9768",360,36000217,16,1,-0.7229,0.697187952873259,293.6449,"0"
"9769",360,36000149,16,1,-1.0618,0.3718057400022,337.7816,"0"
"9770",360,36000034,16,0,-2.261,-0.779561476507016,358.9498,"0"
"9771",360,36000396,16,1,-1.3966,0.0503599894290802,444.9339,"1"
"9772",360,36000236,16,1,-1.2272,0.21300309022683,339.925,"1"
"9773",360,36000395,16,0,-2.2139,-0.734340165718503,336.8339,"0"
"9774",360,36000049,16,1,-1.3448,0.100093830168888,362.7748,"0"
"9775",360,36000142,16,1,-1.2938,0.14905958070422,372.6968,"1"
"9776",360,36000393,16,0,0.7333,2.09530414757032,532.0782,"1"
"9777",360,36000345,16,0,-1.9371,-0.468580954969878,351.0094,"0"
"9778",360,36000374,16,1,-2.0122,-0.540685422915044,342.8276,"1"
"9779",360,36000091,16,1,-0.9729,0.457159763974573,411.1599,"0"
"9780",360,36000178,16,0,-1.3562,0.0891485447551078,452.6071,"1"
"9781",360,36000115,16,0,-1.0785,0.355771856983768,387.5692,"1"
"9782",360,36000086,16,1,-1.3352,0.109310912622598,290.6452,"0"
"9783",360,36000087,16,0,-2.6068,-1.11156846739168,249.6928,"0"
"9784",360,36000185,16,0,0.2972,1.67659897485546,439.81,"0"
"9785",360,36000164,16,0,-1.7157,-0.256011990881202,396.3822,"0"
"9786",360,36000326,16,1,-2.0171,-0.545389975417458,351.1977,"0"
"9787",360,36000243,16,0,-0.6221,0.793967318637209,388.6166,"1"
"9788",360,36000109,16,1,-0.1941,1.20489557803176,332.4652,"0"
"9789",360,36000098,16,1,-1.3237,0.120352209311937,365.7566,"1"
"9790",360,36000127,16,1,-2.2944,-0.81162924254388,307.9448,"1"
"9791",360,36000123,16,0,-1.8167,-0.352983379196271,369.6778,"0"
"9792",360,36000010,16,1,-1.5507,-0.0975933862080696,400.371,"1"
"9793",360,36000410,16,1,-3.4134,-1.8859954160544,382.9878,"0"
"9794",360,36000352,16,0,-0.0885,1.30628348502256,376.838,"0"
"9795",360,36000022,16,0,-1.6265,-0.170369933082151,392.0491,"1"
"9796",360,36000079,16,1,-1.3169,0.126880976049981,329.4984,"0"
"9797",360,36000021,16,0,-0.7866,0.636028770341873,316.3691,"0"
"9798",360,36000286,16,1,0.2673,1.64789160346317,410.5655,"0"
"9799",360,36000078,16,0,-1.2993,0.143778960548449,417.095,"0"
"9800",360,36000371,16,1,0.3694,1.7459191158094,401.0586,"0"
"9801",360,36000034,16,0,-2.8792,-1.37310318201569,326.4131,"0"
"9802",360,36000327,16,0,-2.3024,-0.819310144588638,373.9622,"1"
"9803",360,36000212,16,0,-2.8309,-1.32672973592046,365.3614,"0"
"9804",360,36000151,16,0,-1.4742,-0.0241447604050718,385.892,"1"
"9805",360,36000067,16,0,-1.8931,-0.42633599372371,312.242,"1"
"9806",360,36000409,16,0,-3.5528,-2.0198351341843,374.855,"0"
"9807",360,36000046,16,0,-2.7355,-1.23513497903672,353.448,"0"
"9808",360,36000074,16,1,-3.2603,-1.73900215317284,325.5478,"0"
"9809",360,36000184,16,0,-2.5226,-1.0307269733706,316.8201,"0"
"9810",360,36000246,16,0,-1.5755,-0.121404182546819,378.9244,"0"
"9811",360,36000032,16,1,-1.8268,-0.362680518027778,302.141,"0"
"9812",360,36000182,16,1,-1.3576,0.0878043868972753,367.0918,"1"
"9813",360,36000280,16,0,1.4635,2.7963784817056,443.827,"1"
"9814",360,36000191,16,0,-1.8257,-0.361624393996624,299.1827,"0"
"9815",360,36000377,16,1,-3.5571,-2.02396361903336,446.8769,"0"
"9816",360,36000412,16,1,-2.2036,-0.724451004335877,329.9636,"0"
"9817",360,36000383,16,0,-0.2613,1.14037600085579,415.9278,"1"
"9818",360,36000123,16,1,-2.5797,-1.08554941171506,396.6031,"0"
"9819",360,36000362,16,0,-3.1785,-1.66046492976519,304.0014,"0"
"9820",360,36000368,16,1,-2.4371,-0.94863733276725,362.7138,"0"
"9821",360,36000261,16,1,-5.3402,-3.73594067353435,313.1161,"0"
"9822",360,36000365,16,1,-0.9102,0.517358833750363,327.4243,"0"
"9823",360,36000291,16,0,-1.3565,0.0888605109284294,397.2013,"1"
"9824",360,36000285,16,0,-3.1341,-1.61783592341679,423.3393,"0"
"9825",360,36000243,16,0,-1.7036,-0.244394626538506,270.5638,"0"
"9826",360,36000073,16,0,-2.5498,-1.05684204032278,403.0414,"0"
"9827",360,36000169,16,0,-1.3726,0.073402695563354,345.7851,"1"
"9828",360,36000321,16,1,-0.2622,1.13951189937576,324.0271,"0"
"9829",360,36000067,16,0,-1.4354,0.0131076145120042,377.5099,"0"
"9830",360,36000182,16,0,-2.1791,-0.700928241823806,405.306,"1"
"9831",360,36000056,16,0,-1.8393,-0.374681927472712,330.1216,"0"
"9832",360,36000047,16,1,-2.3879,-0.901399785191988,374.5045,"0"
"9833",360,36000087,16,1,-1.9545,-0.485286916917227,342.1585,"0"
"9834",360,36000281,16,1,-0.2673,1.13461532432222,429.7479,"0"
"9835",360,36000386,16,0,-1.4117,0.0358622868195997,411.4771,"1"
"9836",360,36000249,16,0,-1.6536,-0.196388988758769,466.5021,"1"
"9837",360,36000274,16,1,-0.9517,0.477514154393181,284.2352,"0"
"9838",360,36000402,16,0,-2.0288,-0.556623294657916,344.4969,"0"
"9839",360,36000199,16,0,-3.0648,-1.55130010945407,311.4627,"0"
"9840",360,36000383,16,0,-1.3224,0.12160035589421,389.9758,"1"
"9841",360,36000078,16,0,-2.7827,-1.28045230110079,356.3691,"0"
"9842",360,36000105,16,0,-2.4188,-0.931067269339866,487.0735,"1"
"9843",360,36000035,16,0,-3.1763,-1.65835268170288,350.5036,"1"
"9844",360,36000307,16,0,-2.1016,-0.626519503265213,347.9312,"0"
"9845",360,36000178,16,0,-1.3786,0.0676420190297856,338.1855,"0"
"9846",360,36000293,16,1,-1.7403,-0.279630764668833,284.6873,"0"
"9847",360,36000099,16,0,-0.9567,0.472713590615208,365.2461,"0"
"9848",360,36000098,16,1,-0.9908,0.439973745649427,424.3391,"0"
"9849",360,36000001,16,0,-0.3472,1.0579023151502,437.7241,"1"
"9850",360,36000268,16,0,-2.8852,-1.37886385854925,409.1616,"0"
"9851",360,36000414,16,1,-3.2406,-1.72008793188763,364.2599,"0"
"9852",360,36000406,16,0,-0.9218,0.506221525785464,354.922,"0"
"9853",360,36000076,16,1,-1.5756,-0.121500193822379,273.2479,"0"
"9854",360,36000288,16,0,-0.6464,0.770636578676256,342.926,"0"
"9855",360,36000265,16,0,-3.5622,-2.02886019408689,328.7319,"0"
"9856",360,36000076,16,1,-1.3783,0.067930052856464,332.6067,"0"
"9857",360,36000166,16,0,-0.9489,0.480202470108847,374.0417,"1"
"9858",360,36000243,16,0,0.2957,1.67515880572206,432.7582,"1"
"9859",360,36000326,16,1,-1.8441,-0.379290468699567,457.8391,"0"
"9860",360,36000110,16,0,-2.6494,-1.15246927078001,303.8308,"0"
"9861",360,36000166,16,1,-2.2262,-0.746149552612318,318.2062,"1"
"9862",360,36000076,16,1,-0.6133,0.802416310886442,330.9332,"0"
"9863",360,36000051,16,0,-3.0328,-1.52057650127504,301.9123,"1"
"9864",360,36000290,16,0,-1.3592,0.0862682064883237,354.0553,"0"
"9865",360,36000072,16,0,-0.5554,0.858006839435378,432.5398,"1"
"9866",360,36000251,16,0,-1.3867,0.0598651057094682,428.9021,"0"
"9867",360,36000086,16,0,-2.8644,-1.35889351323288,390.8702,"0"
"9868",360,36000295,16,0,-0.637,0.779661638578847,391.502,"1"
"9869",360,36000257,16,1,-1.5193,-0.0674458456823948,329.2321,"0"
"9870",360,36000019,16,1,-0.9184,0.509485909154486,327.325,"1"
"9871",360,36000326,16,1,-2.1286,-0.652442547666272,373.7999,"0"
"9872",360,36000339,16,0,0.2327,1.61467170211959,347.9367,"0"
"9873",360,36000251,16,0,-0.4211,0.986949982511752,321.2142,"0"
"9874",360,36000384,16,1,-0.5645,0.849269813359466,442.9179,"0"
"9875",360,36000287,16,1,-0.5779,0.836404302434496,482.1322,"0"
"9876",360,36000397,16,1,-2.861,-1.35562912986386,293.4592,"0"
"9877",360,36000385,16,0,-1.5339,-0.081463491914078,488.7982,"0"
"9878",360,36000158,16,1,-1.6431,-0.186307804825024,357.3581,"0"
"9879",360,36000245,16,1,-1.2718,0.170182061327304,397.1763,"0"
"9880",360,36000238,16,1,0.0784,1.46652630393133,353.6439,"0"
"9881",360,36000209,16,0,-0.9225,0.505549446856548,407.3866,"1"
"9882",360,36000288,16,0,-1.3451,0.0998057963422096,328.7988,"1"
"9883",360,36000080,16,1,-0.5945,0.820466430691624,371.3921,"1"
"9884",360,36000044,16,0,-1.2192,0.220683992271588,523.8597,"1"
"9885",360,36000278,16,0,-2.4266,-0.938556148833505,347.9247,"0"
"9886",360,36000269,16,1,-1.3809,0.0654337596919177,582.4803,"1"
"9887",360,36000402,16,0,-2.4603,-0.970911948697048,323.3334,"0"
"9888",360,36000104,16,0,-1.9138,-0.446210327764521,379.4446,"1"
"9889",360,36000407,16,0,-1.4627,-0.0131034637157321,474.3163,"1"
"9890",360,36000360,16,0,-1.306,0.137346205085964,238.7049,"1"
"9891",360,36000132,16,0,0.3051,1.68418386562465,328.3409,"1"
"9892",360,36000204,16,0,-0.3001,1.10312362593872,344.9212,"0"
"9893",360,36000400,16,0,-1.8211,-0.357207875320888,356.7824,"0"
"9894",360,36000313,16,0,-2.1026,-0.627479616020808,371.4823,"0"
"9895",360,36000152,16,1,-1.0833,0.351163315756913,325.3025,"0"
"9896",360,36000204,16,0,-2.8542,-1.34910036312582,346.9346,"0"
"9897",360,36000101,16,1,-2.1151,-0.639481025465742,341.8714,"0"
"9898",360,36000129,16,0,-2.1874,-0.708897177695242,398.6967,"0"
"9899",360,36000390,16,1,-3.7161,-2.17662154717293,368.3111,"1"
"9900",360,36000301,16,1,-2.9787,-1.46863440119736,384.8713,"0"
"9901",360,36000041,16,0,-1.1414,0.295380764656859,313.2302,"0"
"9902",360,36000170,16,1,0.1437,1.52922166687166,348.1968,"0"
"9903",360,36000236,16,0,-1.4714,-0.0214564446894066,364.1892,"0"
"9904",360,36000261,16,0,-1.6487,-0.191684436256354,292.8794,"0"
"9905",360,36000358,16,1,-0.8738,0.552306938054012,300.9811,"0"
"9906",360,36000188,16,0,-2.7439,-1.24319992618372,329.449,"0"
"9907",360,36000051,16,0,-3.7701,-2.22846763597504,340.757,"0"
"9908",360,36000364,16,0,-2.5239,-1.03197511995287,321.8144,"0"
"9909",360,36000270,16,0,-0.9208,0.507181638541059,401.1666,"1"
"9910",360,36000188,16,1,-1.7853,-0.322835838670596,370.3746,"0"
"9911",360,36000011,16,0,-1.1901,0.248623273459395,449.0224,"1"
"9912",360,36000256,16,0,-0.5518,0.861463245355519,370.8301,"0"
"9913",360,36000196,16,1,-2.4751,-0.98512161747985,302.2519,"1"
"9914",360,36000028,16,0,-2.3142,-0.830639475104656,379.9562,"0"
"9915",360,36000302,16,0,-1.6792,-0.220967875301994,313.9451,"0"
"9916",360,36000034,16,1,-3.0528,-1.53977875638693,347.7906,"0"
"9917",360,36000127,16,0,-3.5137,-1.98229472544055,333.0255,"0"
"9918",360,36000207,16,0,-1.4908,-0.0400826321479444,306.4699,"1"
"9919",360,36000395,16,1,-2.824,-1.32010495790686,352.3419,"0"
"9920",360,36000349,16,0,-1.786,-0.323507917599513,466.289,"1"
"9921",360,36000227,16,1,0.3891,1.76483333709461,542.0336,"1"
"9922",360,36000057,16,1,-1.5558,-0.102489961261603,366.523,"0"
"9923",360,36000153,16,0,-1.9865,-0.516010525096259,403.2849,"1"
"9924",360,36000241,16,1,-1.3778,0.0684101092342615,485.8666,"1"
"9925",360,36000120,16,1,-2.3558,-0.870580165737397,418.6249,"0"
"9926",360,36000220,16,1,-1.5339,-0.081463491914078,396.5992,"0"
"9927",360,36000349,16,1,-1.776,-0.313906790043565,529.4854,"0"
"9928",360,36000155,16,0,-2.4903,-0.99971533136489,371.1023,"1"
"9929",360,36000319,16,1,0.0595,1.44838017285059,469.0707,"1"
"9930",360,36000377,16,0,-2.0687,-0.594931793606147,339.9523,"0"
"9931",360,36000282,16,0,-1.9009,-0.433824873217349,312.0393,"0"
"9932",360,36000408,16,1,-2.0234,-0.551438685777705,360.5999,"0"
"9933",360,36000105,16,1,-2.3955,-0.908696642134509,307.2018,"0"
"9934",360,36000198,16,1,-1.8162,-0.352503322818474,377.8472,"0"
"9935",360,36000229,16,0,-3.0728,-1.55898101149883,296.3403,"1"
"9936",360,36000339,16,0,-1.212,0.22759680411187,426.4431,"0"
"9937",360,36000119,16,0,-2.683,-1.184729059368,260.7908,"1"
"9938",360,36000214,16,0,-1.5211,-0.0691740486424651,428.5631,"1"
"9939",360,36000265,16,0,-1.4438,0.00504266736500841,330.6888,"0"
"9940",360,36000272,16,0,-1.7978,-0.334837248115531,395.8153,"0"
"9941",360,36000054,16,1,0.1346,1.52048464079575,324.5358,"0"
"9942",360,36000054,16,1,-4.0525,-2.499603478155,353.0303,"0"
"9943",360,36000117,16,1,-0.517,0.894875169250216,298.5063,"1"
"9944",360,36000296,16,1,-1.9974,-0.526475754132241,280.4322,"0"
"9945",360,36000404,16,0,-2.9089,-1.40161853085685,321.3358,"0"
"9946",360,36000377,16,1,-2.9553,-1.44616776271645,425.3939,"1"
"9947",360,36000113,16,1,-2.5413,-1.04868108190022,367.8901,"1"
"9948",360,36000003,16,0,-1.6289,-0.172674203695579,378.0818,"1"
"9949",360,36000147,16,1,-0.3016,1.10168345680532,402.7241,"0"
"9950",360,36000198,16,0,-2.8181,-1.31444029264885,403.8967,"0"
"9951",360,36000242,16,1,-2.6954,-1.19663445753737,393.0287,"0"
"9952",360,36000111,16,0,-0.3718,1.03428354136257,418.2394,"0"
"9953",360,36000274,16,0,-1.4397,0.00897912966294685,323.2698,"0"
"9954",360,36000123,16,1,-2.5442,-1.05146540889145,388.5386,"0"
"9955",360,36000136,16,1,-2.7367,-1.23628711434343,371.2049,"0"
"9956",360,36000263,16,1,-1.4057,0.0416229633531681,460.9551,"1"
"9957",360,36000339,16,0,-2.6921,-1.19346608544391,398.4579,"1"
"9958",360,36000095,16,1,-2.1543,-0.677117445485057,370.672,"1"
"9959",360,36000321,16,1,-2.1854,-0.706976952184053,310.6042,"1"
"9960",360,36000281,16,0,-1.3833,0.0631294890784904,304.9531,"0"
"9961",360,36000162,16,0,-2.7774,-1.27536370349614,327.5622,"0"
"9962",360,36000286,16,1,-1.1727,0.265329235406743,421.467,"1"
"9963",360,36000035,16,0,-1.7157,-0.256011990881202,376.1509,"0"
"9964",360,36000377,16,0,-0.3927,1.01421718477064,296.8134,"0"
"9965",360,36000344,16,0,-2.3129,-0.829391328522383,331.5705,"0"
"9966",360,36000145,16,0,-2.5313,-1.03907995434427,380.643,"1"
"9967",360,36000004,16,1,-3.1126,-1.5971934991715,387.1289,"1"
"9968",360,36000294,16,0,-2.7318,-1.23158256184102,337.766,"1"
"9969",360,36000364,16,0,-1.9966,-0.525707663927765,331.9187,"1"
"9970",360,36000192,16,1,-2.4556,-0.966399418745753,350.2807,"1"
"9971",360,36000081,16,0,-2.1956,-0.716770102291119,365.1656,"0"
"9972",360,36000305,16,1,-1.6455,-0.188612075438451,339.2555,"0"
"9973",360,36000185,16,0,-0.9172,0.5106380444612,421.869,"0"
"9974",360,36000130,16,1,-2.5147,-1.0231420826014,365.1956,"0"
"9975",360,36000058,16,0,-2.301,-0.817965986730805,356.9545,"0"
"9976",360,36000156,16,1,0.4777,1.84989932724031,410.4959,"0"
"9977",360,36000318,16,1,-0.5927,0.822194633651694,404.9978,"1"
"9978",360,36000165,16,0,-3.2492,-1.72834490158574,321.4892,"0"
"9979",360,36000022,16,0,0.4744,1.84673095514684,430.1234,"1"
"9980",360,36000001,16,0,-0.3275,1.07681653643542,489.2945,"1"
"9981",360,36000114,16,1,-2.0721,-0.598196176975168,317.9496,"1"
"9982",360,36000284,16,1,-0.4271,0.981189305978183,471.6538,"0"
"9983",360,36000360,16,0,-0.8654,0.560371885201008,242.782,"0"
"9984",360,36000287,16,1,-0.6542,0.763147699182617,557.9091,"1"
"9985",360,36000353,16,1,-1.8,-0.336949496177839,349.1203,"0"
"9986",360,36000113,16,1,-1.5191,-0.0672538231312756,391.6126,"1"
"9987",360,36000071,16,0,-2.1485,-0.671548791502607,285.0069,"0"
"9988",360,36000004,16,0,-1.7621,-0.300561222740798,416.7973,"0"
"9989",360,36000320,16,1,-1.8917,-0.424991835865877,376.9524,"0"
"9990",360,36000057,16,1,-1.5311,-0.0787751761984126,401.1663,"0"
"9991",360,36000367,16,1,-1.3047,0.138594351668237,419.2058,"1"
"9992",360,36000400,16,0,0.2791,1.65922093397919,394.5298,"1"
"9993",360,36000325,16,0,-1.4823,-0.0319216737253892,435.1068,"1"
"9994",360,36000300,16,1,0.3576,1.73458978529338,330.0016,"0"
"9995",360,36000159,16,0,-0.3937,1.01325707201505,449.9278,"0"
"9996",360,36000214,16,0,-1.1859,0.252655747032893,289.7741,"1"
"9997",360,36000229,16,1,-3.1252,-1.60929091989199,322.8101,"1"
"9998",360,36000412,16,0,-1.6352,-0.178722914055825,307.7936,"0"
"9999",360,36000201,16,1,-0.7535,0.667808502552059,260.5709,"0"
"10000",360,36000201,16,0,-1.5339,-0.081463491914078,339.8834,"0"
"10001",360,36000023,16,1,-1.9833,-0.512938164278355,355.996,"0"
"10002",360,36000158,16,0,-2.7605,-1.25913779792659,333.5774,"1"
"10003",360,36000120,16,1,1.0754,2.42375872125928,536.0715,"1"
"10004",360,36000350,16,1,-3.173,-1.65518430960942,338.774,"0"
"10005",360,36000144,16,0,-1.5009,-0.0497797709794513,387.6868,"1"
"10006",360,36000283,16,1,-1.0415,0.391296028940773,327.8519,"0"
"10007",360,36000258,16,0,-0.2902,1.1126287422191,430.6603,"0"
"10008",360,36000033,16,0,-2.0156,-0.543949806284066,394.4766,"0"
"10009",360,36000174,16,0,-0.7983,0.624795451101415,437.8227,"1"
"10010",360,36000124,16,1,-1.9901,-0.5194669310164,318.388,"1"
"10011",360,36000366,16,1,-1.6483,-0.191300391154117,366.0612,"0"
"10012",360,36000359,16,1,0.1017,1.48889693113668,450.3718,"0"
"10013",360,36000009,1,1,-2.8353,-1.33095423204508,330.931,"0"
"10014",360,36000251,16,1,-1.2921,0.150691772388731,354.8006,"0"
"10015",360,36000022,16,1,-0.727,0.69325149057532,448.5631,"0"
"10016",360,36000163,16,1,-2.3022,-0.819118122037519,344.952,"1"
"10017",360,36000046,16,0,-1.1481,0.288948009194374,292.0865,"1"
"10018",360,36000347,16,0,-3.8063,-2.26322371772757,362.012,"0"
"10019",360,36000140,16,0,0.7422,2.10384915109512,418.1575,"1"
"10020",360,36000117,16,1,-2.4973,-1.00643612065405,329.0626,"0"
"10021",360,36000265,16,1,-1.1381,0.298549136750321,390.5015,"0"
"10022",360,36000114,16,0,-1.8673,-0.401565084629365,258.0444,"0"
"10023",360,36000296,16,0,-2.3341,-0.849745718940991,315.2619,"0"
"10024",360,36000349,16,0,-2.1823,-0.704000602641709,409.0758,"1"
"10025",360,36000063,16,1,-1.5843,-0.129853174796053,390.568,"0"
"10026",360,36000370,16,1,-2.6863,-1.18789743146146,305.456,"1"
"10027",360,36000050,16,1,-3.4911,-1.96059617716411,300.7337,"0"
"10028",360,36000079,16,0,-2.0812,-0.606933203051081,362.7665,"1"
"10029",360,36000188,16,1,-0.1828,1.21574485216998,318.2047,"1"
"10030",360,36000342,16,0,-0.7976,0.625467530030331,437.4879,"0"
"10031",360,36000366,16,0,-1.7338,-0.273390031757467,337.4343,"0"
"10032",360,36000292,16,0,-0.8843,0.542225754120267,404.8236,"1"
"10033",360,36000091,16,1,-0.823,0.601080666038225,288.1749,"0"
"10034",360,36000185,16,0,-0.8902,0.536561088862258,326.7227,"0"
"10035",360,36000368,16,1,-1.2463,0.19466493659497,368.6983,"1"
"10036",360,36000151,16,0,-2.9718,-1.46200962318376,395.893,"0"
"10037",360,36000219,16,0,-3.2227,-1.70290191356248,367.7975,"0"
"10038",360,36000371,16,0,-2.468,-0.978304816915127,446.0745,"1"
"10039",360,36000192,16,1,-1.4004,0.0467115609578201,294.0032,"0"
"10040",360,36000331,16,1,-3.3206,-1.79689695233521,325.9211,"0"
"10041",360,36000250,16,1,-1.4965,-0.0455552748548345,279.92,"0"
"10042",360,36000253,16,0,0.1039,1.49100917919899,450.996,"1"
"10043",360,36000305,16,0,0.4023,1.77750682546846,318.7367,"1"
"10044",360,36000113,16,1,-1.193,0.24583894646817,365.7764,"0"
"10045",360,36000159,16,0,-0.0713,1.32279742441879,478.6331,"1"
"10046",360,36000282,16,0,-2.4197,-0.931931370819901,278.0143,"0"
"10047",360,36000283,16,1,-1.0293,0.403009404559029,310.4172,"0"
"10048",360,36000100,16,0,-0.2203,1.17974062383518,345.0615,"0"
"10049",360,36000410,16,0,-1.7112,-0.251691483481026,380.3934,"0"
"10050",360,36000317,16,1,-1.5962,-0.14127851658763,322.8532,"0"
"10051",360,36000330,16,0,-1.2373,0.203305951395323,504.1276,"1"
"10052",360,36000287,16,1,0.5409,1.91057845339389,576.3401,"0"
"10053",360,36000081,16,0,-2.7525,-1.25145689588183,336.5451,"0"
"10054",360,36000317,16,1,0.0593,1.44818815029947,344.8648,"0"
"10055",360,36000199,16,1,0.9118,2.26668427444399,324.3559,"1"
"10056",360,36000358,16,1,-2.0011,-0.530028171327942,349.0749,"1"
"10057",360,36000145,16,1,-1.8044,-0.341173992302456,405.0866,"1"
"10058",360,36000188,16,0,-2.883,-1.37675161048695,342.5951,"1"
"10059",360,36000033,16,1,-1.546,-0.0930808562567744,432.9494,"1"
"10060",360,36000279,16,0,0.4986,1.86996568383224,486.334,"1"
"10061",360,36000180,16,0,-2.2612,-0.779753499058135,382.6194,"0"
"10062",360,36000284,16,0,-2.6698,-1.17205557099415,343.9226,"0"
"10063",360,36000192,16,1,-3.1966,-1.67784297064146,405.1783,"1"
"10064",360,36000007,16,0,-2.49,-0.999427297538212,412.9221,"0"
"10065",360,36000263,16,0,-3.1788,-1.66075296359187,429.0643,"1"
"10066",360,36000169,16,0,-1.4609,-0.0113752607556618,356.1885,"0"
"10067",360,36000390,16,0,-0.0815,1.31300427431173,304.6819,"0"
"10068",360,36000181,16,1,0.2197,1.60219023629686,488.5512,"0"
"10069",360,36000111,16,1,-0.4856,0.925022709775891,459.0682,"1"
"10070",360,36000057,16,0,-1.6281,-0.171906113491103,366.9391,"0"
"10071",360,36000039,16,0,-2.4235,-0.935579799291161,355.9069,"0"
"10072",360,36000151,16,0,-0.8849,0.54164968646691,364.4691,"0"
"10073",360,36000023,16,0,0.1179,1.50445075777732,433.6698,"0"
"10074",360,36000006,16,0,-2.47,-0.980225042426317,294.033,"0"
"10075",360,36000027,16,0,-1.6397,-0.183043421456002,359.4322,"1"
"10076",360,36000276,16,0,-2.1723,-0.694399475085762,354.8631,"0"
"10077",360,36000002,16,1,-0.9603,0.469257184695067,348.5396,"0"
"10078",360,36000117,16,1,-0.6016,0.813649630126901,438.4543,"1"
"10079",360,36000412,16,0,-0.4324,0.976100708373531,304.9393,"0"
"10080",360,36000131,16,0,-2.2158,-0.736164379954133,340.9774,"1"
"10081",360,36000292,16,0,-2.692,-1.19337007416835,404.2459,"1"
"10082",360,36000408,16,0,-2.2255,-0.745477473683402,365.3457,"0"
"10083",360,36000009,16,1,-2.7583,-1.25702554986428,318.7549,"0"
"10084",360,36000098,16,1,-2.6901,-1.19154585993272,374.125,"0"
"10085",360,36000120,16,0,-0.7431,0.677793675210245,442.5013,"0"
"10086",360,36000247,16,0,-1.5339,-0.081463491914078,415.3448,"0"
"10087",360,36000374,16,1,-2.2282,-0.748069778123508,336.3692,"0"
"10088",360,36000263,16,1,-1.1672,0.270609855562514,413.4104,"0"
"10089",360,36000256,1,0,-1.5951,-0.140222392556476,396.9045,"0"
"10090",360,36000086,16,1,-0.6639,0.753834605453348,357.072,"0"
"10091",360,36000244,16,1,-1.8538,-0.388603562428836,353.2894,"0"
"10092",360,36000134,16,0,-1.7873,-0.324756064181786,354.5544,"0"
"10093",360,36000366,16,0,0.0524,1.44156337228586,238.8711,"0"
"10094",360,36000237,16,0,-0.4095,0.998087290476651,380.932,"1"
"10095",360,36000205,16,1,-0.3886,1.01815364706858,449.0041,"0"
"10096",360,36000077,16,1,-3.0762,-1.56224539486785,264.8368,"0"
"10097",360,36000091,16,1,-2.8727,-1.36686244910432,396.7768,"0"
"10098",360,36000174,16,0,-0.2256,1.17465202623052,422.7082,"1"
"10099",360,36000261,16,1,-2.8821,-1.37588750900691,322.1748,"1"
"10100",360,36000201,16,1,-2.4098,-0.922426254539513,329.5779,"0"
"10101",360,36000200,16,1,-1.1135,0.322167910537952,428.3635,"1"
"10102",360,36000096,16,1,-1.5571,-0.103738107843876,406.6826,"1"
"10103",360,36000092,16,1,-1.8699,-0.404061377793911,391.8094,"0"
"10104",360,36000341,16,1,-0.9902,0.440549813302784,465.106,"1"
"10105",360,36000358,16,1,-0.8432,0.581686388375211,328.6441,"0"
"10106",360,36000257,16,0,-1.948,-0.479046184005861,348.62,"1"
"10107",360,36000392,16,1,-2.4853,-0.994914767586916,405.8,"0"
"10108",360,36000064,16,0,-1.9384,-0.469829101552151,315.3289,"0"
"10109",360,36000299,16,1,-0.3903,1.01652145538407,345.8742,"0"
"10110",360,36000237,16,1,-1.9369,-0.468388932418759,472.9992,"1"
"10111",360,36000285,16,0,-1.8154,-0.351735232613998,366.0701,"0"
"10112",360,36000109,16,1,0.4329,1.80688627578966,380.9118,"0"
"10113",360,36000141,16,0,-0.213,1.18674944695102,365.9449,"1"
"10114",360,36000299,16,0,-1.5581,-0.104698220599471,325.2812,"0"
"10115",360,36000036,16,1,-1.8993,-0.432288692808397,477.1434,"1"
"10116",360,36000023,16,0,-3.1908,-1.67227431665901,390.211,"0"
"10117",360,36000011,16,0,-1.0275,0.4047376075191,441.2556,"1"
"10118",360,36000376,16,1,-3.3597,-1.83443736107896,341.7958,"0"
"10119",360,36000129,16,0,-1.8848,-0.418367057852273,434.2666,"0"
"10120",360,36000076,16,1,-0.2257,1.17455601495496,325.7903,"0"
"10121",360,36000207,16,1,-2.3896,-0.9030319768765,413.0177,"0"
"10122",360,36000233,16,0,-0.7114,0.708229249562598,384.2023,"0"
"10123",360,36000035,16,0,-3.2662,-1.74466681843085,354.0928,"0"
"10124",360,36000225,16,1,-0.8957,0.531280468706487,481.9216,"1"
"10125",360,36000072,16,1,-0.2565,1.14498454208265,358.7465,"0"
"10126",360,36000063,16,0,-1.6198,-0.163937177619666,328.6519,"0"
"10127",360,36000004,16,0,-1.8391,-0.374489904921593,380.6226,"1"
"10128",360,36000194,16,1,-0.3117,1.09198631797382,471.6085,"0"
"10129",360,36000351,16,1,1.2204,2.56297507082052,618.2488,"0"
"10130",360,36000064,16,1,-1.5372,-0.0846318640075405,354.702,"1"
"10131",360,36000056,16,0,-2.2397,-0.759111074812847,364.3635,"0"
"10132",360,36000276,16,1,-3.272,-1.7502354724133,297.6604,"1"
"10133",360,36000011,16,1,-1.7009,-0.2418023220984,519.4788,"1"
"10134",360,36000344,16,1,0.8043,2.16347215321755,301.0804,"1"
"10135",360,36000153,16,0,-3.2364,-1.71605545831413,401.7255,"1"
"10136",360,36000321,16,0,-1.8162,-0.352503322818474,283.6026,"0"
"10137",360,36000019,16,1,-2.1343,-0.657915190373162,414.9863,"1"
"10138",360,36000238,16,0,-0.3963,1.0107607788505,332.1476,"0"
"10139",360,36000379,16,0,-2.1281,-0.651962491288474,355.1494,"1"
"10140",360,36000124,16,1,-3.1131,-1.5976735555493,298.0976,"0"
"10141",360,36000403,16,0,-1.8363,-0.371801589205928,367.785,"0"
"10142",360,36000174,16,1,-1.3854,0.0611132522917414,441.3748,"1"
"10143",360,36000004,16,0,-2.0859,-0.611445733002376,334.7291,"0"
"10144",360,36000271,16,1,-0.6541,0.763243710458177,365.2503,"1"
"10145",360,36000122,16,1,-1.8682,-0.402429186109401,444.6613,"1"
"10146",360,36000335,16,1,-1.7617,-0.30017717763856,437.6405,"0"
"10147",360,36000207,16,0,-2.45,-0.961022787314422,291.1523,"0"
"10148",360,36000274,16,0,-2.4642,-0.974656388443867,397.7477,"0"
"10149",360,36000046,16,0,-3.482,-1.9518591510882,363.9851,"0"
"10150",360,36000202,16,0,-1.3822,0.0641856131096445,400.1447,"1"
"10151",360,36000142,16,1,-1.3661,0.0796434284747198,401.9179,"1"
"10152",360,36000092,16,0,-1.2395,0.201193703333014,419.072,"0"
"10153",360,36000409,16,0,-2.6902,-1.19164187120828,348.4424,"0"
"10154",360,36000049,16,0,-0.2737,1.12847060268642,478.0596,"1"
"10155",360,36000204,16,0,-2.4078,-0.920506029028324,325.5755,"0"
"10156",360,36000366,16,0,-1.5581,-0.104698220599471,322.1989,"1"
"10157",360,36000290,16,0,-0.4628,0.946913280603451,395.0141,"0"
"10158",360,36000107,16,1,-2.5139,-1.02237399239693,275.1728,"0"
"10159",360,36000116,16,0,-2.7135,-1.21401249841364,354.926,"0"
"10160",360,36000026,16,0,-1.8607,-0.39522834044244,292.1508,"0"
"10161",360,36000186,16,0,-2.3419,-0.85723459843463,433.5395,"0"
"10162",360,36000006,16,1,-1.3598,0.0856921388349669,330.8596,"0"
"10163",360,36000267,16,1,-1.6136,-0.157984478534979,475.844,"0"
"10164",360,36000064,16,1,-2.7062,-1.2070036752978,391.9105,"1"
"10165",360,36000039,16,0,-1.8447,-0.379866536352924,389.2299,"1"
"10166",360,36000010,16,0,-1.4869,-0.0363381924011251,361.5805,"1"
"10167",360,36000115,16,1,-1.1249,0.311222625124172,442.3266,"1"
"10168",360,36000141,16,1,-0.4817,0.928767149522711,337.2733,"1"
"10169",360,36000397,16,0,-1.2183,0.221548093751623,350.1195,"0"
"10170",360,36000146,16,1,-2.1199,-0.644089566692597,333.3713,"0"
"10171",360,36000230,16,0,-0.4577,0.951809855656984,297.3361,"1"
"10172",360,36000234,16,0,-2.2682,-0.786474288347298,361.7293,"0"
"10173",360,36000385,16,0,-1.5339,-0.081463491914078,564.0452,"0"
"10174",360,36000132,16,0,-3.849,-2.30422053239147,350.8958,"0"
"10175",360,36000310,16,0,-1.8934,-0.426624027550388,352.0959,"1"
"10176",360,36000337,16,0,-1.1863,0.252271701930655,432.8712,"0"
"10177",360,36000321,16,0,-2.8039,-1.3008066915194,373.971,"0"
"10178",360,36000364,16,1,-1.6922,-0.233449341124726,293.0781,"1"
"10179",360,36000073,16,0,-0.9456,0.483370842202309,445.6055,"0"
"10180",360,36000352,16,0,-1.6803,-0.222023999333148,341.0168,"1"
"10181",360,36000114,16,1,-3.6084,-2.07321740339537,346.4704,"0"
"10182",360,36000192,16,1,-3.3329,-1.80870633922902,295.6197,"1"
"10183",360,36000086,16,0,-1.4109,0.0366303770240754,445.825,"0"
"10184",360,36000133,16,0,-2.4814,-0.991170327840097,319.9791,"0"
"10185",360,36000098,16,1,-2.259,-0.777641250995826,303.903,"0"
"10186",360,36000174,16,0,0.9036,2.25881134984811,426.2703,"1"
"10187",360,36000218,16,1,-1.8627,-0.397148565953629,381.0216,"0"
"10188",360,36000274,16,0,-0.5239,0.888250391236612,297.0778,"0"
"10189",360,36000248,16,0,-2.2155,-0.735876346127455,298.2232,"1"
"10190",360,36000056,16,1,0.7794,2.13956534560324,429.1993,"1"
"10191",360,36000237,16,1,-1.6109,-0.155392174094873,354.8775,"0"
"10192",360,36000247,16,0,-1.5339,-0.081463491914078,388.848,"0"
"10193",360,36000351,16,0,0.5795,1.94763880575985,506.0489,"0"
"10194",360,36000119,16,1,-1.9523,-0.483174668854918,279.8249,"1"
"10195",360,36000403,16,1,-1.3941,0.0527602713180672,329.365,"0"
"10196",360,36000030,16,1,-1.6613,-0.203781856976848,420.1744,"0"
"10197",360,36000320,16,1,-2.4788,-0.988674034675551,310.1263,"0"
"10198",360,36000217,16,0,-1.1723,0.265713280508981,326.5067,"0"
"10199",360,36000081,16,1,-2.7851,-1.28275657171422,407.6925,"0"
"10200",360,36000127,16,1,-2.2517,-0.770632427879984,359.0938,"0"
"10201",360,36000101,16,0,-1.5711,-0.117179686422202,477.5815,"1"
"10202",360,36000006,16,0,-1.3129,0.13072142707236,402.8322,"1"
"10203",360,36000129,16,1,-2.3808,-0.894582984627265,382.8355,"0"
"10204",360,36000317,16,1,-1.3414,0.10335821353791,299.7028,"0"
"10205",360,36000170,16,1,-1.9348,-0.46637269563201,403.9861,"1"
"10206",360,36000264,16,1,-1.8455,-0.3806346265574,395.6108,"1"
"10207",360,36000201,17,1,1.1211,2.46763587418996,280.4051,"1"
"10208",360,36000174,16,1,0.1244,1.51069149068868,459.6449,"1"
"10209",360,36000303,16,0,-2.5199,-1.02813466893049,336.5297,"0"
"10210",360,36000094,16,1,-1.7488,-0.287791723091388,453.441,"0"
"10211",360,36000278,16,0,-2.6166,-1.12097757239651,329.7825,"0"
"10212",360,36000295,16,0,-1.9967,-0.525803675203325,450.6457,"0"
"10213",360,36000024,16,1,-2.1906,-0.711969538513145,305.822,"0"
"10214",360,36000099,16,0,0.8697,2.22626352743345,406.6516,"0"
"10215",360,36000129,16,1,-2.3263,-0.842256839447352,378.6317,"1"
"10216",360,36000147,16,1,-0.9613,0.468297071939472,415.6264,"0"
"10217",360,36000197,16,1,-1.4994,-0.0483396018460594,319.5334,"0"
"10218",360,36000382,16,0,-2.1395,-0.662907776702254,453.7275,"1"
"10219",360,36000347,16,0,-3.3483,-1.82349207566518,363.6035,"0"
"10220",360,36000380,16,1,-1.5283,-0.0760868604827474,321.2673,"0"
"10221",360,36000029,16,1,-1.1557,0.281651152251854,374.5062,"0"
"10222",360,36000187,16,1,-0.3722,1.03389949626033,425.8494,"0"
"10223",360,36000383,16,1,-1.777,-0.31486690279916,406.2879,"1"
"10224",360,36000239,16,1,-0.3874,1.01930578237529,287.4111,"1"
"10225",360,36000384,16,0,-1.402,0.0451753805488687,394.6241,"0"
"10226",360,36000200,16,1,-1.2901,0.15261199789992,391.6114,"1"
"10227",360,36000288,16,0,-1.0113,0.420291434159735,394.7389,"0"
"10228",360,36000144,16,1,-1.7687,-0.306897966927724,332.5419,"0"
"10229",360,36000226,16,0,0.6708,2.03529710034565,409.8842,"0"
"10230",360,36000046,16,1,-3.1191,-1.60343423208286,307.0717,"1"
"10231",360,36000284,16,1,-1.4649,-0.0152157117780408,418.3819,"0"
"10232",360,36000360,16,0,0.2707,1.65115598683219,294.4524,"0"
"10233",360,36000183,16,1,-0.9224,0.505645458132107,310.634,"0"
"10234",360,36000355,16,0,-1.925,-0.456963590627182,376.9837,"0"
"10235",360,36000130,16,1,-2.6745,-1.17656810094544,356.6217,"0"
"10236",360,36000183,16,0,-1.5625,-0.108922716724088,287.5989,"0"
"10237",360,36000370,16,0,-0.7305,0.689891095930738,266.5641,"0"
"10238",360,36000116,16,0,-1.5022,-0.0510279175617246,336.7422,"1"
"10239",360,36000052,16,1,-0.8332,0.591287515931158,308.5103,"1"
"10240",360,36000213,16,0,-1.0612,0.372381807655557,403.9957,"1"
"10241",360,36000372,16,1,-1.3896,0.0570807787182435,298.0496,"0"
"10242",360,36000112,16,1,-0.8838,0.542705810498064,326.0854,"0"
"10243",360,36000201,16,0,-2.3999,-0.912921138259125,323.1533,"0"
"10244",360,36000032,16,1,-1.7203,-0.260428509556938,380.5872,"0"
"10245",360,36000147,16,1,-0.8473,0.577749926077272,329.5364,"0"
"10246",360,36000325,16,0,-1.5078,-0.0564045489930552,388.9721,"0"
"10247",360,36000286,16,0,-1.7554,-0.294128467278314,365.7009,"0"
"10248",360,36000276,16,0,-2.2418,-0.761127311599596,390.5382,"0"
"10249",360,36000352,16,0,-1.8739,-0.40790182881629,463.6897,"1"
"10250",360,36000255,16,0,-1.4653,-0.0155997568802786,338.824,"0"
"10251",360,36000358,16,0,-0.4467,0.962371095968526,347.1563,"1"
"10252",360,36000107,16,1,-3.5883,-2.05391913700792,319.9614,"0"
"10253",360,36000019,16,1,-2.205,-0.72579516219371,432.2948,"1"
"10254",360,36000147,16,1,-2.0901,-0.615478206575874,320.2619,"0"
"10255",360,36000363,16,0,-1.5135,-0.0618771916999453,373.3949,"1"
"10256",360,36000167,16,1,-1.4864,-0.0358581360233276,405.9941,"0"
"10257",360,36000406,16,0,-0.5456,0.867415944440207,417.9423,"1"
"10258",360,36000258,16,0,-2.1774,-0.699296050139295,356.6368,"0"
"10259",360,36000174,16,0,-0.382,1.02449039125551,444.4928,"0"
"10260",360,36000197,16,1,-1.7677,-0.305937854172129,425.6902,"1"
"10261",360,36000203,16,1,-0.1939,1.20508760058288,397.4657,"0"
"10262",360,36000322,16,1,-0.6256,0.790606923992627,287.6674,"0"
"10263",360,36000078,16,0,-1.4218,0.0261651479880928,409.7203,"0"
"10264",360,36000294,16,0,-0.9857,0.44487032070296,349.9201,"1"
"10265",360,36000407,16,1,-0.9384,0.490283654042591,352.0188,"0"
"10266",360,36000234,16,0,-2.5273,-1.0352395033219,348.5303,"0"
"10267",360,36000300,16,0,-0.9943,0.436613351004845,347.707,"0"
"10268",360,36000249,16,1,-1.3081,0.135329968299215,338.7888,"1"
"10269",360,36000288,16,0,-2.1311,-0.654842829555258,465.2572,"1"
"10270",360,36000198,16,1,-3.0433,-1.53065768520878,367.2034,"0"
"10271",360,36000338,16,1,-0.3584,1.04714905228754,411.0799,"1"
"10272",360,36000075,16,0,-2.2825,-0.800203900752303,374.5673,"1"
"10273",360,36000215,16,0,-1.7005,-0.241418276996162,375.834,"0"
"10274",360,36000270,16,1,-0.1713,1.22678614885932,311.3396,"0"
"10275",360,36000360,16,1,0.4318,1.80583015175851,317.5001,"1"
"10276",360,36000235,16,0,-0.9408,0.487979383429164,357.8765,"0"
"10277",360,36000092,16,0,-1.5409,-0.0881842812032411,373.4715,"1"
"10278",360,36000173,16,1,-0.4047,1.00269583170351,365.654,"0"
"10279",360,36000274,16,0,-2.7196,-1.21986918622276,402.5566,"1"
"10280",360,36000152,16,0,-1.5327,-0.0803113566073642,435.6854,"1"
"10281",360,36000260,16,0,0.1594,1.5442954371345,425.8941,"0"
"10282",360,36000090,16,0,-0.4634,0.946337212950094,387.566,"0"
"10283",360,36000277,16,1,-1.6356,-0.179106959158063,315.6332,"0"
"10284",360,36000046,16,1,-1.0494,0.383711138171575,400.105,"0"
"10285",360,36000106,16,1,-2.3521,-0.867027748541697,295.5837,"1"
"10286",360,36000034,16,1,-2.5574,-1.0641388972653,334.3247,"1"
"10287",360,36000167,16,0,-0.8987,0.528400130439703,368.9038,"0"
"10288",360,36000023,16,1,-3.0151,-1.50358250550101,347.7271,"0"
"10289",360,36000375,16,0,-3.1159,-1.60036187126496,287.9828,"0"
"10290",360,36000200,16,1,-0.8725,0.553555084636285,464.3619,"1"
"10291",360,36000320,16,1,-1.2181,0.221740116302742,296.0528,"1"
"10292",360,36000027,16,0,0.4101,1.7849957049621,393.9396,"0"
"10293",360,36000229,16,1,-1.1896,0.249103329837192,332.1916,"1"
"10294",360,36000267,16,1,0.0794,1.46748641668692,462.9546,"1"
"10295",360,36000180,16,0,-1.5031,-0.05189201904176,484.3938,"1"
"10296",360,36000092,16,0,-1.2811,0.161253012700273,339.9118,"0"
"10297",360,36000327,16,1,-3.7221,-2.18238222370649,276.3546,"0"
"10298",360,36000102,16,0,0.002,1.39317368940389,460.9959,"1"
"10299",360,36000080,16,0,-0.6376,0.77908557092549,426.1926,"1"
"10300",360,36000095,16,0,-0.0937,1.30129089869347,348.5184,"1"
"10301",360,36000010,16,1,-2.2319,-0.751622195319208,357.4202,"0"
"10302",360,36000198,16,1,-0.2189,1.18108478169301,407.9897,"1"
"10303",360,36000040,16,1,-0.422,0.986085881031717,274.1639,"1"
"10304",360,36000391,16,0,0.2344,1.61630389380411,443.8117,"1"
"10305",360,36000253,16,1,1.0342,2.38420207572878,589.244,"1"
"10306",360,36000140,16,1,-0.0188,1.37320334408752,334.501,"1"
"10307",360,36000062,16,1,-1.7229,-0.262924802721484,316.0876,"0"
"10308",360,36000241,16,1,-2.2268,-0.746725620265675,324.5138,"0"
"10309",360,36000327,16,0,-2.2051,-0.725891173469269,409.5644,"1"
"10310",360,36000134,16,0,0.2257,1.60795091283043,322.1337,"0"
"10311",360,36000341,16,1,-0.1711,1.22697817141044,443.5544,"1"
"10312",360,36000246,16,1,-2.3614,-0.875956797168728,365.8534,"0"
"10313",360,36000024,16,1,-0.3791,1.02727471824673,401.6422,"0"
"10314",360,36000092,16,0,-1.6683,-0.210502646266011,447.7162,"1"
"10315",360,36000124,16,0,-1.8262,-0.362104450374421,348.7953,"0"
"10316",360,36000051,16,0,-0.5904,0.824402892989562,305.0347,"1"
"10317",360,36000393,16,0,-2.8549,-1.34977244205473,397.0584,"0"
"10318",360,36000361,16,0,-0.3363,1.06836754418619,370.5909,"1"
"10319",360,36000108,16,0,-1.2704,0.171526219185137,345.3398,"0"
"10320",360,36000134,16,0,-2.7129,-1.21343643076028,348.864,"0"
"10321",360,36000296,16,1,-1.9218,-0.453891229809279,361.8355,"1"
"10322",360,36000121,16,1,-2.23,-0.749797981083578,460.7084,"1"
"10323",360,36000008,16,1,0.7134,2.07619790373399,404.2231,"1"
"10324",360,36000163,16,0,-1.3916,0.055160553207054,422.9537,"0"
"10325",360,36000269,16,0,-1.7098,-0.250347325623193,382.026,"0"
"10326",360,36000120,16,0,-0.0142,1.37761986276325,525.021,"0"
"10327",360,36000097,16,1,-1.5357,-0.0831916948741485,351.2699,"1"
"10328",360,36000359,16,0,-1.3259,0.118239961249629,412.5074,"0"
"10329",360,36000100,16,0,-0.9768,0.453415324227753,300.3008,"0"
"10330",360,36000028,16,0,-2.7437,-1.2430079036326,406.0471,"1"
"10331",360,36000265,16,1,0.6218,1.98825157532151,329.7358,"1"
"10332",360,36000189,16,1,-0.2619,1.13979993320243,386.4826,"0"
"10333",360,36000381,16,0,-1.2923,0.150499749837612,406.7799,"1"
"10334",360,36000103,16,1,-1.5538,-0.100569735750413,402.5074,"0"
"10335",360,36000070,16,1,-1.821,-0.357111864045329,419.5423,"1"
"10336",360,36000142,16,0,-0.3562,1.04926130034985,303.2261,"1"
"10337",360,36000102,16,0,-1.3303,0.114015465125012,517.2103,"1"
"10338",360,36000170,16,1,-0.0593,1.33431877748593,342.2753,"0"
"10339",360,36000391,16,1,0.0116,1.4023907718576,459.7986,"0"
"10340",360,36000234,16,0,-0.8142,0.609529658287459,309.5859,"0"
"10341",360,36000282,16,1,-2.2208,-0.740964943732107,298.7294,"0"
"10342",360,36000093,16,1,-2.4571,-0.967839587879145,395.2296,"0"
"10343",360,36000372,16,0,-1.7914,-0.328692526479724,386.0272,"0"
"10344",360,36000414,16,1,-1.8385,-0.373913837268237,416.14,"0"
"10345",360,36000032,16,0,-0.7406,0.680193957099232,325.8841,"0"
"10346",360,36000347,16,0,-1.8603,-0.394844295340202,398.917,"0"
"10347",360,36000253,16,0,0.7259,2.08819931317892,495.382,"0"
"10348",360,36000099,16,0,0.5776,1.94581459152422,491.8774,"1"
"10349",360,36000140,16,0,-0.4291,0.979269080466994,409.5437,"1"
"10350",360,36000009,16,1,-1.6472,-0.190244267122962,304.4007,"1"
"10351",360,36000397,16,1,-1.5066,-0.0552524136863414,380.9098,"1"
"10352",360,36000095,16,1,-1.5667,-0.112955190297585,391.9833,"0"
"10353",360,36000033,16,1,-1.4301,0.0181962121166564,311.0103,"0"
"10354",360,36000331,16,0,-2.0138,-0.542221603323995,393.4034,"0"
"10355",360,36000252,16,0,-1.3558,0.0895325898573459,309.2879,"1"
"10356",360,36000082,16,0,-1.0617,0.37190175127776,427.9538,"1"
"10357",360,36000284,16,0,-1.655,-0.197733146616601,436.813,"0"
"10358",360,36000339,16,0,-1.6076,-0.15222380200141,441.7574,"0"
"10359",360,36000236,16,0,0.1511,1.53632650126306,459.227,"1"
"10360",360,36000366,16,0,-1.5014,-0.0502598273572489,381.8811,"0"
"10361",360,36000211,16,1,-0.9106,0.516974788648125,340.3611,"0"
"10362",360,36000206,16,0,-1.3055,0.137826261463761,338.464,"1"
"10363",360,36000131,16,0,-1.6095,-0.15404801623704,361.8777,"1"
"10364",360,36000386,16,0,-0.8119,0.611737917625326,410.0274,"0"
"10365",360,36000280,16,1,0.529,1.89915311160232,443.1075,"1"
"10366",360,36000169,16,0,-1.4237,0.0243409337524628,401.547,"0"
"10367",360,36000315,16,0,-0.4379,0.97082008821776,416.9778,"1"
"10368",360,36000187,16,1,-0.4126,0.995110940934307,384.4549,"0"
"10369",360,36000063,16,0,-3.4204,-1.89271620534356,307.3627,"0"
"10370",360,36000226,16,0,0.1899,1.57357887618014,407.087,"0"
"10371",360,36000136,16,0,0.595,1.96252055347157,385.9773,"0"
"10372",360,36000070,16,1,0.2305,1.61255945405729,390.2539,"1"
"10373",360,36000369,16,1,-1.6487,-0.191684436256354,479.4679,"0"
"10374",360,36000041,16,0,-2.4266,-0.938556148833505,358.1057,"1"
"10375",360,36000181,16,0,-0.2043,1.19510242792469,486.9288,"0"
"10376",360,36000414,16,1,-2.4124,-0.924922547704059,450.2268,"0"
"10377",360,36000054,16,1,-0.4331,0.975428629444615,348.719,"1"
"10378",360,36000244,16,1,-1.5466,-0.0936569239101312,387.5023,"0"
"10379",360,36000268,16,1,-1.607,-0.151647734348054,349.8451,"0"
"10380",360,36000375,16,1,-1.496,-0.0450752184770372,299.159,"0"
"10381",360,36000236,16,0,0.7809,2.14100551473663,413.9327,"1"
"10382",360,36000025,16,1,-0.4835,0.92703894656264,538.0566,"1"
"10383",360,36000255,16,1,-0.6678,0.750090165706529,296.3074,"0"
"10384",360,36000287,16,0,-0.4387,0.970051998013284,424.0973,"0"
"10385",360,36000371,16,0,-0.472,0.93808024325198,451.609,"0"
"10386",360,36000151,16,1,-1.1563,0.281075084598497,340.1639,"1"
"10387",360,36000402,16,1,-2.2871,-0.804620419428038,304.3127,"1"
"10388",360,36000300,16,0,-1.3136,0.130049348143444,417.3882,"0"
"10389",360,36000176,16,1,-1.6313,-0.174978474309006,317.9181,"0"
"10390",360,36000054,16,1,-3.4236,-1.89578856616146,345.5971,"0"
"10391",360,36000150,16,1,-1.6851,-0.226632540560003,494.964,"1"
"10392",360,36000340,16,0,-0.8783,0.547986430653836,497.6793,"1"
"10393",360,36000008,16,1,1.0785,2.42673507080163,498.4967,"1"
"10394",360,36000333,16,1,-2.4141,-0.926554739388571,345.7779,"0"
"10395",360,36000068,16,0,-0.3422,1.06270287892818,280.8915,"0"
"10396",360,36000179,16,0,-3.353,-1.82800460561647,355.3364,"0"
"10397",360,36000293,16,0,-1.9768,-0.50669743136699,388.1329,"0"
"10398",360,36000255,16,0,-1.7209,-0.261004577210295,373.2063,"0"
"10399",360,36000136,16,1,-1.4064,0.0409508844242517,329.0271,"0"
"10400",360,36000166,16,1,-3.0626,-1.54918786139176,320.9453,"1"
"10401",360,36000243,16,0,-1.7995,-0.336469439800042,399.0787,"1"
"10402",360,36000075,16,1,-1.0956,0.339353928863098,351.2756,"0"
"10403",360,36000391,16,0,-0.3433,1.06164675489702,418.5114,"1"
"10404",360,36000402,16,0,-3.2233,-1.70347798121584,360.0575,"0"
"10405",360,36000002,16,0,-0.1363,1.26039009530513,237.4459,"0"
"10406",360,36000073,16,1,-0.9723,0.45773583162793,425.6193,"1"
"10407",360,36000135,16,1,-0.93,0.498348601189587,352.0039,"1"
"10408",360,36000317,16,1,-1.7148,-0.255147889401167,328.4343,"0"
"10409",360,36000208,16,0,-2.3587,-0.873364492728622,394.7304,"1"
"10410",360,36000134,16,0,-1.5339,-0.081463491914078,346.5242,"0"
"10411",360,36000259,16,1,-2.5493,-1.05636198394498,346.1956,"0"
"10412",360,36000300,16,0,-0.8391,0.585622850673149,403.596,"1"
"10413",360,36000341,16,1,1.0571,2.4061886578319,378.268,"1"
"10414",360,36000284,16,0,-1.5002,-0.0491076920505351,447.5365,"0"
"10415",360,36000200,16,0,-1.4558,-0.00647868570212851,397.6274,"1"
"10416",360,36000390,16,0,-2.5701,-1.07633232926135,354.8128,"0"
"10417",360,36000221,16,1,-3.0418,-1.52921751607539,408.025,"0"
"10418",360,36000291,16,0,-0.7904,0.632380341870613,297.0593,"0"
"10419",360,36000301,16,1,-1.7359,-0.275406268544216,351.6031,"0"
"10420",360,36000258,16,1,-0.84,0.584758749193114,337.2159,"0"
"10421",360,36000355,16,0,0.3952,1.77069002490374,320.8511,"0"
"10422",360,36000021,16,0,-1.6411,-0.184387579313834,316.5569,"0"
"10423",360,36000150,16,0,-2.2198,-0.740004830976512,340.2795,"0"
"10424",360,36000376,16,1,-2.003,-0.531852385563572,327.5587,"0"
"10425",360,36000322,16,0,-1.9678,-0.498056416566637,271.9089,"0"
"10426",360,36000296,16,1,-0.6369,0.779757649854406,414.5208,"0"
"10427",360,36000323,16,1,-0.6201,0.795887544148398,370.076,"1"
"10428",360,36000369,16,1,-1.4481,0.00091418251595104,427.334,"0"
"10429",360,36000277,16,0,-2.6674,-1.16975130038072,283.6852,"0"
"10430",360,36000348,16,1,-0.6012,0.814033675229139,327.1459,"1"
"10431",360,36000172,16,0,-2.3796,-0.893430849320552,324.738,"0"
"10432",360,36000093,16,1,-2.7453,-1.24454408404155,369.9328,"0"
"10433",360,36000008,16,0,0.8255,2.18382654363616,529.5071,"1"
"10434",360,36000408,16,0,-1.2886,0.154052167033313,336.7844,"1"
"10435",360,36000213,16,0,-1.4761,-0.0259689746407018,406.3777,"0"
"10436",360,36000278,16,0,-1.7528,-0.291632174113767,394.9489,"1"
"10437",360,36000409,16,1,-3.4988,-1.96798904538219,386.2454,"0"
"10438",360,36000148,16,0,-2.2795,-0.797323562485518,424.3695,"0"
"10439",360,36000291,16,1,-1.0325,0.399937043741126,369.0869,"0"
"10440",360,36000176,16,0,-1.3997,0.0473836398867366,353.7032,"0"
"10441",360,36000182,16,0,-2.4381,-0.949597445522844,355.6639,"0"
"10442",360,36000321,16,0,-1.6617,-0.204165902079086,327.1512,"1"
"10443",360,36000049,16,0,-1.5679,-0.114107325604299,380.2426,"0"
"10444",360,36000412,16,1,-1.3242,0.11987215293414,410.5117,"0"
"10445",360,36000221,16,0,-2.2306,-0.750374048736935,395.4618,"1"
"10446",360,36000136,16,1,-0.0271,1.36523440821608,447.3315,"1"
"10447",360,36000111,16,0,0.8464,2.20389290022809,481.3037,"1"
"10448",360,36000021,16,1,-1.9002,-0.433152794288432,378.3709,"0"
"10449",360,36000410,16,0,-2.8972,-1.39038521161639,314.8625,"0"
"10450",360,36000115,16,0,-1.3154,0.128321145183373,472.9326,"0"
"10451",360,36000306,16,1,-1.4837,-0.0332658315832219,315.1328,"0"
"10452",360,36000206,16,0,-3.3661,-1.84058208271477,320.8973,"0"
"10453",360,36000213,16,1,-1.804,-0.340789947200218,351.4197,"0"
"10454",360,36000295,16,1,-2.2506,-0.76957630384883,398.3306,"1"
"10455",360,36000243,16,1,0.0305,1.42053690293834,317.2149,"0"
"10456",360,36000203,16,1,-1.2193,0.220587980996028,348.8714,"0"
"10457",360,36000393,16,1,-0.8619,0.563732279845589,451.6504,"1"
"10458",360,36000244,16,1,-1.9828,-0.512458107900558,368.3737,"0"
"10459",360,36000025,16,1,-1.5445,-0.0916406871233822,464.453,"1"
"10460",360,36000285,16,1,-2.4812,-0.990978305288978,422.0446,"1"
"10461",360,36000367,16,1,-2.4617,-0.97225610655488,374.9785,"1"
"10462",360,36000105,16,0,-1.7044,-0.245162716742982,342.4409,"1"
"10463",360,36000156,16,1,-1.9402,-0.471557304512222,359.1831,"0"
"10464",360,36000197,16,1,-1.7401,-0.279438742117714,352.356,"1"
"10465",360,36000109,16,1,-1e-04,1.39115745261714,355.9081,"0"
"10466",360,36000196,16,1,-3.108,-1.59277698049576,358.0192,"1"
"10467",360,36000008,16,0,-0.576,0.838228516670126,456.8085,"0"
"10468",360,36000252,16,1,-0.9584,0.471081398930697,447.5833,"1"
"10469",360,36000393,16,1,-0.4651,0.944705021265583,376.3771,"1"
"10470",360,36000120,16,1,0.8124,2.17124906653787,495.0035,"1"
"10471",360,36000342,16,1,-1.4518,-0.00263823467974954,475.9055,"1"
"10472",360,36000070,16,0,-1.5021,-0.0509319062861651,428.3091,"0"
"10473",360,36000346,16,0,-1.5339,-0.081463491914078,325.4933,"0"
"10474",360,36000030,16,0,-1.2031,0.236141807636663,423.055,"0"
"10475",360,36000065,16,0,0.0653,1.45394882683303,358.6823,"0"
"10476",360,36000259,16,1,0.1707,1.55514471127272,339.2858,"0"
"10477",360,36000119,16,0,-1.8823,-0.415966775963286,307.2774,"0"
"10478",360,36000030,16,0,-2.8259,-1.32192917214249,368.3945,"0"
"10479",360,36000041,16,0,-1.2037,0.235565739983306,333.8192,"0"
"10480",360,36000046,1,1,-2.359,-0.8736525265553,350.2613,"0"
"10481",360,36000017,16,0,0.4948,1.86631725536098,455.0949,"0"
"10482",360,36000137,16,1,-0.0823,1.31223618410725,292.9726,"0"
"10483",360,36000036,16,0,-2.3596,-0.874228594208657,438.8434,"1"
"10484",360,36000391,16,1,0.7553,2.11642662819341,431.7131,"0"
"10485",360,36000129,16,0,-2.6316,-1.13537926373043,397.801,"0"
"10486",360,36000037,16,0,-1.6947,-0.235849623013713,367.9041,"0"
"10487",360,36000067,16,0,-1.6316,-0.175266508135684,384.5913,"0"
"10488",360,36000010,16,0,-1.3374,0.107198664560289,344.2999,"0"
"10489",360,36000169,16,0,-2.4869,-0.996450947995868,384.1911,"0"
"10490",360,36000320,16,0,-1.2226,0.217419608902566,376.9064,"0"
"10491",360,36000403,16,0,-2.0606,-0.587154880285829,350.3239,"0"
"10492",360,36000067,16,0,-0.9704,0.45956004586356,261.8333,"1"
"10493",360,36000411,16,0,-2.4027,-0.91560945397479,297.6066,"1"
"10494",360,36000019,16,0,-0.2996,1.10360368231651,377.1449,"0"
"10495",360,36000340,16,1,0.1056,1.4926413708835,550.1271,"1"
"10496",360,36000376,16,0,-0.7132,0.706501046602528,352.9215,"0"
"10497",360,36000248,16,1,-3.1094,-1.5941211383536,277.8812,"0"
"10498",360,36000098,16,1,-2.5108,-1.01939764285458,344.1796,"0"
"10499",360,36000066,16,1,-0.8793,0.547026317898241,480.7635,"1"
"10500",360,36000375,16,1,-2.089,-0.61442208254472,378.4187,"0"
"10501",360,36000224,16,0,-0.865,0.560755930303246,479.6813,"1"
"10502",360,36000376,16,0,-2.2359,-0.755462646341587,448.0596,"1"
"10503",360,36000062,16,1,0.6235,1.98988376700602,400.8579,"0"
"10504",360,36000092,16,1,0.5753,1.94360633218635,549.9575,"1"
"10505",360,36000051,16,0,-3.0684,-1.55475651537421,327.4649,"0"
"10506",360,36000355,16,0,-1.9573,-0.487975232632892,353.8366,"1"
"10507",360,36000159,16,0,1.5322,2.86233822801496,538.5283,"1"
"10508",360,36000009,16,1,-2.5742,-1.08026879155929,306.5564,"1"
"10509",360,36000107,16,0,-3.7017,-2.16279592349236,359.4036,"0"
"10510",360,36000214,16,1,-1.7348,-0.274350144513062,371.6536,"1"
"10511",360,36000134,16,1,-1.6214,-0.165473358028618,335.4552,"1"
"10512",360,36000033,16,1,-1.3085,0.134945923196977,374.4748,"1"
"10513",360,36000104,16,0,-2.2372,-0.756710792923861,298.6464,"0"
"10514",360,36000072,16,0,-1.8253,-0.361240348894386,515.9112,"1"
"10515",360,36000046,16,1,-2.1163,-0.640633160772456,332.7501,"0"
"10516",360,36000081,16,1,-2.1552,-0.677981546965091,301.597,"0"
"10517",360,36000022,16,1,-0.9681,0.461768305201428,423.3065,"0"
"10518",360,36000390,16,1,-3.5497,-2.01685878464196,288.5684,"0"
"10519",360,36000294,16,1,-1.6987,-0.239690074036092,395.2536,"1"
"10520",360,36000104,16,0,-0.9933,0.43757346376044,335.9738,"0"
"10521",360,36000129,16,0,-1.4308,0.01752413318774,341.048,"0"
"10522",360,36000194,16,0,0.2538,1.63493008126264,458.4035,"0"
"10523",360,36000158,16,1,-2.3531,-0.867987861297291,353.1488,"1"
"10524",360,36000380,16,1,-2.3031,-0.819982223517554,359.3559,"0"
"10525",360,36000286,16,0,-0.5246,0.887578312307696,342.5186,"0"
"10526",360,36000052,16,1,-1.034,0.398496874607734,285.4459,"1"
"10527",360,36000364,16,0,-2.4571,-0.967839587879145,286.4611,"0"
"10528",360,36000115,16,0,-1.7375,-0.276942448953168,488.7615,"1"
"10529",360,36000026,16,1,-1.7482,-0.287215655438031,381.1925,"1"
"10530",360,36000276,16,0,-3.0192,-1.50751896779895,349.3012,"0"
"10531",360,36000010,16,1,-1.2453,0.195625049350565,285.6757,"1"
"10532",360,36000408,16,1,-2.0454,-0.572561166400789,363.7187,"1"
"10533",360,36000259,16,1,-0.7527,0.668576592756535,316.5871,"1"
"10534",360,36000101,16,0,0.1215,1.50790716369746,388.2241,"0"
"10535",360,36000287,16,0,-0.3675,1.03841202621163,415.1183,"0"
"10536",360,36000169,16,0,-1.8207,-0.35682383021865,340.2952,"0"
"10537",360,36000092,16,0,-1.6963,-0.237385803422664,412.6244,"1"
"10538",360,36000200,16,1,-0.2939,1.1090763250234,434.3623,"1"
"10539",360,36000166,16,0,-0.2701,1.13192700860656,383.6888,"1"
"10540",360,36000231,16,0,-0.7825,0.639965232639812,382.4199,"0"
"10541",360,36000226,16,0,-0.8102,0.613370109309837,457.7689,"0"
"10542",360,36000209,16,0,0.6452,2.01071821380243,393.1701,"0"
"10543",360,36000396,16,1,-1.6909,-0.232201194542453,387.8147,"1"
"10544",360,36000186,16,0,0.0147,1.40536712139994,339.3837,"0"
"10545",360,36000025,16,0,-2.3003,-0.817293907801889,359.7854,"0"
"10546",360,36000307,16,0,-2.2794,-0.797227551209959,347.9391,"0"
"10547",360,36000392,16,1,0.1459,1.53133391493397,395.0759,"0"
"10548",360,36000305,16,1,-2.4447,-0.95593418970977,315.0351,"0"
"10549",360,36000093,16,1,-1.5276,-0.0754147815538311,441.2665,"1"
"10550",360,36000115,16,0,-0.9213,0.506701582163262,468.9554,"0"
"10551",360,36000285,16,1,-1.8142,-0.350583097307284,375.3569,"0"
"10552",360,36000232,16,1,-0.8858,0.540785584986875,322.8655,"0"
"10553",360,36000070,16,1,-1.3577,0.0877083756217158,351.5893,"0"
"10554",360,36000404,16,1,-0.73,0.690371152308536,360.0434,"0"
"10555",360,36000366,16,0,-1.7359,-0.275406268544216,370.4175,"0"
"10556",360,36000290,16,0,-0.5755,0.838708573047924,388.5629,"0"
"10557",360,36000217,16,0,-0.9697,0.460232124792476,354.4849,"0"
"10558",360,36000226,16,0,0.1107,1.49753794593704,455.619,"0"
"10559",360,36000069,16,1,0.0355,1.42533746671631,415.0286,"0"
"10560",360,36000381,16,1,-1.2424,0.19840937634179,493.418,"1"
"10561",360,36000212,16,0,-3.1626,-1.64519913695124,356.3631,"0"
"10562",360,36000123,16,1,-1.5719,-0.117947776626678,440.7168,"0"
"10563",360,36000073,16,1,1.0503,2.39965989109386,453.9072,"1"
"10564",360,36000109,16,1,-1.6674,-0.209638544785976,317.0051,"0"
"10565",360,36000070,16,0,-1.5151,-0.0634133721088967,361.148,"0"
"10566",360,36000245,16,0,0.6038,1.9709695457208,427.6685,"0"
"10567",360,36000009,16,1,-0.4268,0.981477339804862,322.2056,"1"
"10568",360,36000312,16,1,-2.2361,-0.755654668892706,363.8769,"0"
"10569",360,36000370,16,0,-3.3582,-1.83299719194557,389.8665,"0"
"10570",360,36000247,16,0,-1.5339,-0.081463491914078,412.4598,"0"
"10571",360,36000199,16,1,-1.0898,0.344922582845547,286.0892,"0"
"10572",360,36000030,16,1,-1.3856,0.0609212297406225,400.0785,"0"
"10573",360,36000194,16,1,-1.011,0.420579467986413,410.4712,"1"
"10574",360,36000040,16,0,-1.4995,-0.0484356131216188,328.5988,"0"
"10575",360,36000100,16,1,-1.9664,-0.496712258708804,313.0443,"0"
"10576",360,36000311,16,1,-2.1918,-0.713121673819859,327.5218,"0"
"10577",360,36000213,16,0,-1.5691,-0.115259460911013,359.4609,"0"
"10578",360,36000258,16,1,-1.7079,-0.248523111387563,353.2005,"0"
"10579",360,36000392,16,1,-1.5339,-0.081463491914078,435.266,"0"
"10580",360,36000177,16,0,-1.1354,0.301141441190427,436.9725,"0"
"10581",360,36000213,16,1,-2.5061,-1.01488511290329,336.2986,"1"
"10582",360,36000312,16,0,-1.994,-0.523211370763219,317.7095,"0"
"10583",360,36000155,16,0,-2.2741,-0.792138953605306,292.7341,"0"
"10584",360,36000060,16,1,-1.9945,-0.523691427141016,320.8238,"1"
"10585",360,36000302,16,1,-0.5709,0.843125091723659,340.5454,"0"
"10586",360,36000017,16,0,-0.7963,0.626715676612604,379.3321,"0"
"10587",360,36000100,16,0,-0.3872,1.01949780492641,294.1277,"0"
"10588",360,36000314,16,0,-1.9352,-0.466756740734248,299.6899,"1"
"10589",360,36000359,16,1,-1.5539,-0.100665747025973,338.8719,"0"
"10590",360,36000025,16,1,-0.2504,1.15084122989177,553.2115,"1"
"10591",360,36000174,16,0,0.7313,2.09338392205913,426.4034,"1"
"10592",360,36000156,16,0,-2.4003,-0.913305183361363,377.695,"1"
"10593",360,36000110,16,1,-1.0273,0.404929630070219,341.4593,"0"
"10594",360,36000113,16,1,-0.7002,0.718982512425259,292.0462,"0"
"10595",360,36000083,16,1,-0.5686,0.845333351061527,316.2607,"1"
"10596",360,36000021,16,0,-1.5535,-0.100281701923735,399.0383,"0"
"10597",360,36000414,16,0,-0.3842,1.0223781431932,289.5345,"1"
"10598",360,36000252,16,0,-2.1536,-0.67644536655614,353.9833,"0"
"10599",360,36000359,16,1,-1.5869,-0.132349467960599,513.4052,"0"
"10600",360,36000314,16,1,-2.1948,-0.716002012086643,484.1852,"1"
"10601",360,36000293,16,0,-1.7136,-0.253995754094453,393.3982,"0"
"10602",360,36000100,16,1,-2.0968,-0.621910962038359,304.7762,"0"
"10603",360,36000412,16,1,-1.3989,0.0481517300912123,344.229,"1"
"10604",360,36000236,16,0,-0.7168,0.703044640682386,402.7116,"0"
"10605",360,36000411,16,0,-4.5613,-2.9881088482016,371.8843,"1"
"10606",360,36000350,16,1,-1.3942,0.0526642600425075,393.0082,"0"
"10607",360,36000320,16,0,-1.3761,0.0700423009187724,280.1437,"0"
"10608",360,36000130,16,1,-3.187,-1.66862588818775,299.1335,"1"
"10609",360,36000029,16,0,0.8586,2.21560627584634,377.1754,"0"
"10610",360,36000075,16,1,-1.985,-0.514570355962867,360.1815,"0"
"10611",360,36000321,16,0,0.316,1.69464909466064,342.0798,"0"
"10612",360,36000341,16,0,-1.3846,0.0618813424962171,494.0551,"1"
"10613",360,36000207,16,1,-1.6947,-0.235849623013713,308.3837,"0"
"10614",360,36000370,16,0,-2.4081,-0.920794062855002,303.7814,"0"
"10615",360,36000201,16,0,-3.0842,-1.56992629691261,314.2663,"0"
"10616",360,36000191,16,0,-1.725,-0.264941039508233,273.73,"0"
"10617",360,36000193,16,1,0.1309,1.51693222360005,324.8065,"0"
"10618",360,36000110,16,1,-1.9801,-0.509865803460452,268.4102,"0"
"10619",360,36000183,16,0,-2.2687,-0.786954344725095,407.0388,"0"
"10620",360,36000391,16,1,0.2023,1.58548427434951,425.9157,"0"
"10621",360,36000064,16,0,-2.6936,-1.1949062545773,309.1162,"1"
"10622",360,36000217,16,1,0.6214,1.98786753021927,337.3902,"1"
"10623",360,36000260,16,0,0.4062,1.78125126521528,500.8106,"1"
"10624",360,36000315,16,1,0.2198,1.60228624757242,395.7245,"0"
"10625",360,36000101,16,0,-2.3145,-0.830927508931334,440.7924,"1"
"10626",360,36000270,16,1,-2.2743,-0.792330976156426,300.8968,"0"
"10627",360,36000208,16,0,-2.9916,-1.48101985574453,399.92,"0"
"10628",360,36000356,16,1,-0.6407,0.776109221383146,287.4269,"0"
"10629",360,36000345,16,0,-1.3595,0.0859801726616453,436.9555,"1"
"10630",360,36000266,16,0,-0.9938,0.437093407382643,364.7727,"0"
"10631",360,36000049,16,1,0.7241,2.08647111021885,456.2006,"1"
"10632",360,36000167,16,1,-1.1697,0.268209573673527,314.767,"0"
"10633",360,36000235,16,0,-1.5899,-0.135229806227384,366.6541,"0"
"10634",360,36000203,16,0,-1.3515,0.0936610747064032,457.9362,"0"
"10635",360,36000302,16,1,-0.3916,1.0152733088018,378.6541,"0"
"10636",360,36000272,16,0,-1.6627,-0.205126014834681,341.5215,"0"
"10637",360,36000021,16,1,0.338,1.71577157528372,411.4054,"1"
"10638",360,36000169,16,0,-2.4028,-0.91570546525035,425.2249,"1"
"10639",360,36000353,16,1,-2.0339,-0.561519869711449,343.9882,"1"
"10640",360,36000284,16,1,-1.2439,0.196969207208398,413.7302,"0"
"10641",360,36000288,16,0,-2.3115,-0.82804717066455,355.1167,"0"
"10642",360,36000189,16,1,0.6119,1.97874645904112,327.4711,"0"
"10643",360,36000117,16,0,-1.2294,0.210890842164521,359.0437,"0"
"10644",360,36000002,16,1,-2.0462,-0.573329256605265,365.4659,"0"
"10645",360,36000164,16,0,-3.0393,-1.5268172341864,335.8143,"1"
"10646",360,36000019,16,0,-2.1658,-0.688158742174396,354.0559,"1"
"10647",360,36000315,16,0,-0.3616,1.04407669146964,394.6526,"0"
"10648",360,36000156,16,1,-1.6698,-0.211942815399403,451.4983,"1"
"10649",360,36000167,16,0,-0.7226,0.697475986699937,454.9779,"1"
"10650",360,36000017,16,0,-0.3135,1.09025811501375,464.6893,"0"
"10651",360,36000223,16,0,0.813,2.17182513419122,576.2318,"1"
"10652",360,36000380,16,1,-1.5069,-0.0555404475130198,428.7995,"0"
"10653",360,36000229,16,0,-1.089,0.345690673050023,311.421,"0"
"10654",360,36000234,16,0,-1.0175,0.414338735075047,365.4531,"0"
"10655",360,36000059,16,1,-1.8913,-0.424607790763639,352.9128,"1"
"10656",360,36000246,16,0,-0.4051,1.00231178660127,409.847,"1"
"10657",360,36000082,16,1,-0.4173,0.990598410983012,430.8192,"1"
"10658",360,36000123,16,1,-2.5741,-1.08017278028373,475.1083,"0"
"10659",360,36000393,16,0,0.4483,1.82167201222582,469.5165,"1"
"10660",360,36000156,16,1,-1.2418,0.198985443995146,398.4494,"1"
"10661",360,36000071,16,1,0.1526,1.53776667039646,315.1149,"0"
"10662",360,36000253,16,0,0.281,1.66104514821482,384.4964,"1"
"10663",360,36000167,16,1,-1.2834,0.159044753362405,366.9306,"0"
"10664",360,36000054,16,1,-3.47,-1.94033779802106,316.1481,"0"
"10665",360,36000368,16,1,-1.7842,-0.321779714639442,474.2608,"0"
"10666",360,36000047,16,1,-2.3335,-0.849169651287634,372.7036,"1"
"10667",360,36000179,16,0,-0.9843,0.446214478560793,414.978,"1"
"10668",360,36000056,16,1,-1.955,-0.485766973295024,384.3653,"0"
"10669",360,36000104,16,1,-1.2552,0.186119933070177,333.5991,"0"
"10670",360,36000392,16,0,-2.9847,-1.47439507773093,357.627,"1"
"10671",360,36000189,16,1,0.1478,1.5331581291696,379.5365,"0"
"10672",360,36000277,16,1,-3.0149,-1.50339048294989,291.2432,"0"
"10673",360,36000226,16,0,0.0759,1.46412602204234,499.6612,"1"
"10674",360,36000305,16,1,0.7704,2.13092433080289,253.5717,"0"
"10675",360,36000021,16,0,-2.1638,-0.686238516663207,314.1142,"0"
"10676",360,36000110,16,0,-1.3249,0.119200074005223,343.648,"0"
"10677",360,36000020,16,1,-1.376,0.0701383121943321,265.2527,"0"
"10678",360,36000315,16,1,-0.9357,0.492875958482697,461.8169,"0"
"10679",360,36000357,16,1,-3.4035,-1.87649029977401,369.5792,"0"
"10680",360,36000308,16,1,-1.342,0.102782145884553,297.2311,"1"
"10681",360,36000089,16,1,-0.8669,0.558931716067616,338.3419,"0"
"10682",360,36000181,16,0,0.7324,2.09444004609029,549.3276,"1"
"10683",360,36000100,16,1,-1.6801,-0.221831976782029,376.3506,"1"
"10684",360,36000264,16,0,-1.8199,-0.356055740014175,304.1014,"0"
"10685",360,36000302,16,0,-0.87,0.555955366525272,321.7763,"0"
"10686",360,36000270,16,1,-0.5764,0.837844471567888,397.7948,"0"
"10687",360,36000181,16,0,-1.8166,-0.352887367920712,402.8499,"0"
"10688",360,36000207,16,1,-0.6475,0.769580454645102,267.5703,"0"
"10689",360,36000082,16,0,-1.1437,0.293172505318991,449.1164,"1"
"10690",360,36000393,16,1,0.2414,1.62302468309327,493.9074,"1"
"10691",360,36000181,16,0,-1.4037,0.0435431888643576,298.8623,"0"
"10692",360,36000286,16,0,-1.6545,-0.197253090238804,325.6393,"0"
"10693",360,36000201,16,1,-1.5325,-0.0801193340562453,279.9887,"0"
"10694",360,36000266,16,0,-0.2126,1.18713349205326,348.8917,"0"
"10695",360,36000383,16,1,-0.6028,0.812497494820187,406.4321,"1"
"10696",360,36000276,16,0,-2.2632,-0.781673724569324,321.8996,"0"
"10697",360,36000006,16,1,-2.3295,-0.845329200265255,354.4247,"1"
"10698",360,36000373,16,1,-1.0709,0.363068713926288,393.4002,"0"
"10699",360,36000180,16,0,0.1299,1.51597211084446,374.9652,"1"
"10700",360,36000035,16,0,-2.8994,-1.3924974596787,311.1503,"0"
"10701",360,36000172,16,0,-3.3454,-1.82070774867395,403.8678,"1"
"10702",360,36000252,16,0,-2.5108,-1.01939764285458,339.5067,"0"
"10703",360,36000032,16,1,-3.7727,-2.23096392913959,347.0316,"1"
"10704",360,36000265,16,0,-1.9293,-0.461092075476239,388.7851,"0"
"10705",360,36000203,16,0,-2.234,-0.753638432105957,382.5123,"1"
"10706",360,36000006,16,1,-1.3851,0.0614012861184198,308.2582,"1"
"10707",360,36000060,16,0,0.1431,1.52864559921831,323.8236,"0"
"10708",360,36000030,16,0,-1.2038,0.235469728707747,347.2127,"1"
"10709",360,36000374,16,0,-2.1068,-0.631512089594306,352.3059,"0"
"10710",360,36000326,16,0,-1.2983,0.144739073304043,358.0113,"0"
"10711",360,36000299,16,0,-0.5822,0.832275817585439,386.2875,"0"
"10712",360,36000353,16,0,-0.7696,0.652350687186984,381.5217,"0"
"10713",360,36000169,16,0,-1.7821,-0.319763477852693,345.1918,"0"
"10714",360,36000164,16,0,-3.0686,-1.55494853792533,426.9376,"1"
"10715",360,36000165,16,1,-2.1191,-0.643321476488121,361.5485,"0"
"10716",360,36000314,16,0,-2.0358,-0.563344083947079,340.7751,"0"
"10717",360,36000334,16,0,-2.4603,-0.970911948697048,455.2586,"0"
"10718",360,36000374,16,0,-1.029,0.403297438385708,317.7287,"0"
"10719",360,36000250,16,1,-1.1274,0.308822343235185,336.2485,"0"
"10720",360,36000067,16,1,-3.2067,-1.68754010947296,395.6901,"0"
"10721",360,36000218,16,1,-3.2877,-1.76530924267614,379.444,"0"
"10722",360,36000142,16,0,-1.6628,-0.20522202611024,396.1364,"0"
"10723",360,36000144,16,1,-1.2697,0.172198298114053,420.2043,"0"
"10724",360,36000260,16,0,-1.2235,0.21655550742253,424.6538,"0"
"10725",360,36000377,16,1,-2.047,-0.574097346809741,349.2418,"0"
"10726",360,36000097,7,0,-1.5796,-0.125340644844758,427.3212,"1"
"10727",360,36000165,16,1,-1.5731,-0.119099911933392,326.2669,"1"
"10728",360,36000124,16,0,-3.0009,-1.48994890437157,361.9754,"1"
"10729",360,36000391,16,1,-0.2099,1.18972579649336,456.1897,"1"
"10730",360,36000225,16,0,0.3587,1.73564590932453,377.9911,"1"
"10731",360,36000270,16,0,-2.2768,-0.794731258045413,457.1916,"0"
"10732",360,36000237,16,0,-1.984,-0.513610243207272,470.108,"1"
"10733",360,36000131,16,0,-1.941,-0.472325394716698,296.9221,"0"
"10734",360,36000407,16,0,-2.1791,-0.700928241823806,347.4278,"0"
"10735",360,36000118,16,0,-1.8224,-0.358456021903161,414.925,"1"
"10736",360,36000118,16,0,-2.7495,-1.24857655761505,307.5115,"0"
"10737",360,36000207,16,0,-3.5389,-2.00648956688154,302.7058,"0"
"10738",360,36000080,16,0,0.3552,1.73228551467995,402.039,"0"
"10739",360,36000168,16,1,-2.6974,-1.19855468304856,312.3638,"1"
"10740",360,36000202,16,1,-1.7712,-0.309298248816711,360.1082,"1"
"10741",360,36000010,16,1,-0.4425,0.966403569542024,373.9163,"1"
"10742",360,36000307,16,0,-1.1313,0.305077903488366,366.1859,"0"
"10743",360,36000307,16,0,-2.0565,-0.583218417987891,364.2317,"0"
"10744",360,36000056,16,0,-0.9903,0.440453802027224,408.4853,"0"
"10745",360,36000194,16,0,-2.2564,-0.77514495783128,373.9272,"0"
"10746",360,36000034,16,1,-3.1673,-1.64971166690253,362.1771,"0"
"10747",360,36000046,16,1,-1.706,-0.246698897151933,391.7504,"0"
"10748",360,36000207,16,0,-2.6966,-1.19778659284409,311.0568,"0"
"10749",360,36000243,16,1,-0.7801,0.642269503253239,420.1702,"0"
"10750",360,36000356,16,1,-1.2602,0.181319369292203,352.4598,"0"
"10751",360,36000115,16,1,-0.9012,0.525999848550716,330.5364,"0"
"10752",360,36000188,16,0,-1.3931,0.0537203840736619,408.4723,"1"
"10753",360,36000113,16,1,-1.7253,-0.265229073334912,378.6913,"0"
"10754",360,36000339,16,1,-0.5843,0.83025958079869,331.1455,"0"
"10755",360,36000392,16,1,-0.1056,1.28986555690189,350.3339,"0"
"10756",360,36000355,16,0,-2.6464,-1.14958893251323,336.1041,"0"
"10757",360,36000164,16,0,-1.0802,0.354139665299257,307.9444,"0"
"10758",360,36000094,16,1,-1.9996,-0.52858800219455,436.7623,"0"
"10759",360,36000372,16,0,-3.2669,-1.74533889735977,417.9567,"1"
"10760",360,36000277,16,1,-2.5661,-1.07249187823897,294.671,"1"
"10761",360,36000023,16,1,-2.7741,-1.27219533140268,388.7994,"0"
"10762",360,36000369,16,1,-1.1363,0.300277339710392,370.0173,"0"
"10763",360,36000404,16,1,-0.252,1.14930504948282,308.8912,"0"
"10764",360,36000231,16,0,-2.6165,-1.12088156112095,338.9541,"0"
"10765",360,36000176,16,1,-3.1832,-1.66497745971649,338.2312,"1"
"10766",360,36000370,16,1,-0.0459,1.3471842884109,364.8952,"1"
"10767",360,36000191,16,1,-1.031,0.401377212874518,291.584,"1"
"10768",360,36000202,16,1,-1.7491,-0.288079756918067,403.1233,"0"
"10769",360,36000381,16,1,-1.8862,-0.419711215710106,458.1068,"1"
"10770",360,36000151,16,0,0.0688,1.45730922147762,374.0463,"0"
"10771",360,36000102,16,1,-0.9842,0.446310489836352,359.4982,"0"
"10772",360,36000230,16,0,-1.6844,-0.225960461631087,353.0206,"1"
"10773",360,36000014,16,1,-2.0501,-0.577073696352084,361.1278,"1"
"10774",360,36000252,16,0,-1.561,-0.107482547590695,329.6608,"0"
"10775",360,36000002,16,1,-1.0484,0.38467125092717,325.0189,"0"
"10776",360,36000278,16,0,-1.4289,0.01934834742337,369.2021,"1"
"10777",360,36000128,16,1,-3.3611,-1.83578151893679,355.5264,"0"
"10778",360,36000325,16,0,-0.4634,0.946337212950094,439.9878,"0"
"10779",360,36000106,16,1,-2.0238,-0.551822730879942,361.6599,"1"
"10780",360,36000408,16,0,-3.5245,-1.99266394320097,372.8313,"0"
"10781",360,36000243,16,0,-1.3708,0.0751308985234246,315.6591,"0"
"10782",360,36000277,16,1,-1.6804,-0.222120010608708,366.104,"0"
"10783",360,36000041,16,1,-0.1375,1.25923795999842,300.658,"1"
"10784",360,36000042,16,0,-0.3121,1.09160227287158,414.4917,"0"
"10785",360,36000099,16,1,0.1705,1.5549526887216,539.6206,"1"
"10786",360,36000204,16,0,-2.8378,-1.33335451393406,388.8551,"0"
"10787",360,36000382,16,0,-0.9454,0.483562864753428,484.275,"0"
"10788",360,36000023,16,1,-2.6382,-1.14171600791735,368.1036,"0"
"10789",360,36000022,16,0,-1.194,0.244878833712575,430.3469,"1"
"10790",360,36000326,16,1,-1.2021,0.237101920392258,268.1569,"0"
"10791",360,36000229,16,0,-2.6766,-1.17858433773219,362.2707,"1"
"10792",360,36000039,16,0,-2.5587,-1.06538704384757,349.7437,"0"
"10793",360,36000385,16,1,-1.5339,-0.081463491914078,565.9424,"0"
"10794",360,36000161,16,0,-1.4608,-0.0112792494801023,368.0011,"0"
"10795",360,36000147,16,1,-1.4654,-0.0156957681558381,430.0779,"0"
"10796",360,36000026,16,1,-1.1846,0.253903893615166,275.1145,"0"
"10797",360,36000290,16,0,-0.2239,1.17628421791504,402.9056,"0"
"10798",360,36000042,16,1,0.3408,1.71845989099939,403.1018,"0"
"10799",360,36000028,16,0,-0.508,0.903516184050569,410.3368,"1"
"10800",360,36000192,16,0,-2.2228,-0.742885169243296,420.6658,"0"
"10801",360,36000108,16,0,-1.5583,-0.10489024315059,341.2875,"1"
"10802",360,36000153,16,1,-1.6497,-0.192644549011949,381.2996,"1"
"10803",360,36000113,16,0,-0.7892,0.633532477177327,345.0843,"1"
"10804",360,36000183,16,1,-1.9065,-0.439201504648679,295.0512,"0"
"10805",360,36000394,16,1,-1.9184,-0.450626846440257,442.105,"1"
"10806",360,36000109,16,0,-0.5049,0.906492533592912,366.2799,"1"
"10807",360,36000176,16,0,0.3794,1.75552024336534,458.7219,"1"
"10808",360,36000110,16,1,-0.9455,0.483466853477869,352.8871,"0"
"10809",360,36000197,16,1,-1.2058,0.233549503196557,386.2015,"0"
"10810",360,36000074,16,1,-3.2061,-1.68696404181961,445.4254,"1"
"10811",360,36000105,16,1,-2.3411,-0.856466508230154,323.9353,"0"
"10812",360,36000213,16,0,-0.2584,1.14316032784702,390.5521,"1"
"10813",360,36000179,16,0,-0.5932,0.821714577273897,443.1015,"1"
"10814",360,36000181,16,0,-0.4566,0.952865979688139,440.9441,"1"
"10815",360,36000370,16,1,-2.6602,-1.16283848854044,405.2747,"0"
"10816",360,36000312,16,1,-1.688,-0.229416867551228,311.4176,"1"
"10817",360,36000185,16,1,-1.2267,0.213483146604627,338.8023,"0"
"10818",360,36000314,16,0,-1.4958,-0.0448831959259183,408.8278,"0"
"10819",360,36000026,16,0,-2.3517,-0.866643703439459,349.6261,"0"
"10820",360,36000245,16,1,-1.2425,0.19831336506623,432.3467,"1"
"10821",360,36000412,16,0,-2.1855,-0.707072963459613,276.5268,"0"
"10822",360,36000377,16,1,-1.7964,-0.333493090257698,305.6961,"1"
"10823",360,36000201,16,0,-3.7018,-2.16289193476792,287.3495,"0"
"10824",360,36000081,16,0,-1.5339,-0.081463491914078,394.2205,"0"
"10825",360,36000212,16,0,-3.1052,-1.5900886647801,379.7594,"0"
"10826",360,36000056,16,1,-1.2838,0.158660708260167,479.8379,"1"
"10827",360,36000312,16,1,-1.7881,-0.325524154386262,396.9234,"0"
"10828",360,36000285,16,0,-0.5924,0.822482667478373,371.4862,"0"
"10829",360,36000107,16,1,-2.4029,-0.915801476525909,339.5352,"0"
"10830",360,36000140,16,1,0.3461,1.72354848860404,462.1036,"1"
"10831",360,36000352,16,0,-1.5748,-0.120732103617903,335.3654,"1"
"10832",360,36000076,16,0,-1.1925,0.246319002845967,374.7441,"1"
"10833",360,36000315,16,1,0.1216,1.50800317497302,404.6626,"0"
"10834",360,36000158,16,1,-2.24,-0.759399108639526,306.8745,"1"
"10835",360,36000307,16,0,-3.4731,-1.9433141475634,328.982,"1"
"10836",360,36000239,16,1,-1.54,-0.0873201797232059,286.8463,"0"
"10837",360,36000264,16,1,-0.5163,0.895547248179132,345.2669,"0"
"10838",360,36000253,16,1,0.326,1.70425022221658,459.5243,"0"
"10839",360,36000257,16,1,-1.8581,-0.392732047277894,395.7162,"0"
"10840",360,36000291,16,1,-1.2032,0.236045796361103,365.597,"0"
"10841",360,36000049,16,0,0.0409,1.43052207559652,507.8188,"0"
"10842",360,36000003,16,1,-2.0903,-0.615670229126993,372.5988,"0"
"10843",360,36000047,16,1,-2.9577,-1.44847203332987,338.3865,"1"
"10844",360,36000103,16,1,-2.3049,-0.821710426477625,388.7627,"1"
"10845",360,36000113,16,1,-3.0313,-1.51913633214165,299.8096,"0"
"10846",360,36000119,16,1,-1.4525,-0.00331031360866578,350.6929,"0"
"10847",360,36000064,16,1,-2.3042,-0.821038347548708,402.1251,"0"
"10848",360,36000229,16,1,-3.4606,-1.93131273811847,317.0347,"0"
"10849",360,36000171,16,0,-0.9804,0.449958918307612,359.0774,"0"
"10850",360,36000044,16,0,0.0215,1.41189588813799,492.104,"0"
"10851",360,36000394,16,0,-0.9883,0.442374027538414,333.0722,"0"
"10852",360,36000213,16,1,-1.4078,0.0396067265664192,320.3006,"0"
"10853",360,36000238,16,0,-3.4506,-1.92171161056252,349.6983,"0"
"10854",360,36000001,16,0,-0.1043,1.29111370348417,511.4706,"1"
"10855",360,36000257,16,0,-2.3927,-0.906008326418843,369.8272,"0"
"10856",360,36000317,16,1,-1.0652,0.368541356633178,407.2656,"1"
"10857",360,36000353,16,0,-1.9142,-0.446594372866759,400.5578,"1"
"10858",360,36000214,16,1,0.3953,1.7707860361793,425.2865,"0"
"10859",360,36000199,16,1,-0.6702,0.747785895093101,278.4978,"0"
"10860",360,36000393,16,1,-0.4953,0.915709616046622,496.063,"1"
"10861",360,36000118,16,0,-1.7166,-0.256876092361237,439.0163,"0"
"10862",360,36000353,16,0,-2.9818,-1.47161075073971,343.5166,"0"
"10863",360,36000244,16,1,-0.505,0.906396522317353,368.1227,"0"
"10864",360,36000074,16,1,-0.2648,1.13701560621121,389.4018,"1"
"10865",360,36000122,16,0,0.5703,1.93880576840838,599.1332,"1"
"10866",360,36000293,16,0,0.0637,1.45241264642408,393.0526,"0"
"10867",360,36000099,16,1,-0.5455,0.867511955715766,479.0327,"1"
"10868",360,36000268,16,0,-0.655,0.762379608978142,347.8702,"0"
"10869",360,36000050,16,0,-1.786,-0.323507917599513,317.6472,"0"
"10870",360,36000086,16,1,-0.7634,0.658303386271672,400.9617,"1"
"10871",360,36000211,16,1,-1.8569,-0.39157991197118,339.3275,"1"
"10872",360,36000402,16,1,-2.8349,-1.33057018694284,305.6583,"0"
"10873",360,36000272,16,0,-2.175,-0.696991779525867,323.8623,"0"
"10874",360,36000268,16,1,-2.5919,-1.09726278733332,329.8447,"0"
"10875",360,36000358,16,0,-2.7946,-1.29187764289237,381.0805,"0"
"10876",360,36000361,16,0,-1.6833,-0.224904337599933,344.6637,"0"
"10877",360,36000393,16,0,-1.7755,-0.313426733665768,427.8569,"0"
"10878",360,36000320,16,1,-1.4336,0.0148358174720748,372.7418,"0"
"10879",360,36000342,16,1,-0.7676,0.654270912698174,457.7659,"0"
"10880",360,36000286,16,0,-2.0862,-0.611733766829054,317.1961,"0"
"10881",360,36000352,16,0,-1.2469,0.194088868941613,282.4095,"1"
"10882",360,36000297,16,1,-0.9868,0.443814196671806,376.2648,"0"
"10883",360,36000042,16,1,-0.7361,0.684514464499408,445.8781,"1"
"10884",360,36000399,16,0,-2.1446,-0.667804351755787,304.731,"0"
"10885",360,36000016,16,1,-0.2213,1.17878051107958,288.3713,"0"
"10886",360,36000025,16,0,-0.3993,1.00788044058372,509.5877,"1"
"10887",360,36000159,16,0,-0.4267,0.981573351080421,427.3673,"1"
"10888",360,36000260,16,0,-1.868,-0.402237163558282,387.6772,"0"
"10889",360,36000367,16,1,-1.8765,-0.410398121980837,365.8738,"0"
"10890",360,36000331,16,0,-1.5464,-0.0934649013590122,366.5101,"0"
"10891",360,36000247,16,1,-1.5339,-0.081463491914078,467.4619,"0"
"10892",360,36000064,16,0,-2.0501,-0.577073696352084,408.8538,"1"
"10893",360,36000242,16,0,-1.3177,0.126112885845505,376.6685,"0"
"10894",360,36000153,16,1,-3.2096,-1.69032443646419,413.3885,"0"
"10895",360,36000124,16,0,-1.3249,0.119200074005223,237.2933,"1"
"10896",360,36000223,16,1,0.4561,1.82916089171946,441.6118,"0"
"10897",360,36000032,16,0,-3.2781,-1.75609216022243,351.5209,"0"
"10898",360,36000393,16,0,-1.045,0.387935634296192,344.9801,"0"
"10899",360,36000081,16,1,-3.1563,-1.63915042659099,367.4618,"0"
"10900",360,36000368,16,1,-1.4748,-0.0247208280584287,388.0534,"0"
"10901",360,36000296,16,1,-1.114,0.321687854160154,425.4497,"0"
"10902",360,36000374,16,1,0.3651,1.74179063096034,403.6622,"0"
"10903",360,36000037,16,0,-1.3507,0.0944291649108789,355.4162,"0"
"10904",360,36000109,16,1,0.6631,2.02790423212757,459.7418,"0"
"10905",360,36000017,16,0,1.349,2.68644557119001,384.9223,"0"
"10906",360,36000140,16,1,0.1549,1.53997492973432,403.9133,"0"
"10907",360,36000158,16,1,-2.5936,-1.09889497901783,291.9105,"0"
"10908",360,36000335,16,0,-1.4211,0.026837226917009,388.6652,"0"
"10909",360,36000224,16,0,-1.8309,-0.366616980325717,421.0324,"1"
"10910",360,36000123,16,1,-3.1289,-1.61284333708769,318.0911,"0"
"10911",360,36000236,16,1,0.5097,1.88062293541934,354.0054,"1"
"10912",360,36000083,16,0,-3.3799,-1.85383163874197,403.5526,"1"
"10913",360,36000180,16,1,-2.3751,-0.889110341920376,365.9781,"0"
"10914",360,36000322,16,0,-1.5103,-0.058804830882042,333.7221,"0"
"10915",360,36000077,16,1,-1.8604,-0.394940306615762,430.6582,"0"
"10916",360,36000155,16,0,-2.2752,-0.793195077636461,262.1458,"0"
"10917",360,36000073,16,1,-2.3821,-0.895831131209539,481.364,"0"
"10918",360,36000409,16,0,-3.0307,-1.51856026448829,401.5539,"1"
"10919",360,36000013,16,0,-0.1487,1.24848469713576,498.7264,"0"
"10920",360,36000345,16,0,-1.3433,0.10153399930228,323.6205,"0"
"10921",360,36000115,16,0,-0.3106,1.09304244200497,411.2953,"0"
"10922",360,36000195,16,0,0.0577,1.44665196989051,441.855,"0"
"10923",360,36000111,16,1,0.4155,1.79018031384231,341.7816,"0"
"10924",360,36000116,16,1,-2.6294,-1.13326701566812,412.2188,"0"
"10925",360,36000240,16,1,-1.8417,-0.37698619808614,405.1031,"0"
"10926",360,36000218,16,1,-1.7562,-0.294896557482789,343.6108,"1"
"10927",360,36000290,16,1,0.0768,1.46499012352237,437.058,"1"
"10928",360,36000272,16,0,-1.0681,0.365757029641953,381.7799,"0"
"10929",360,36000347,16,1,-2.5523,-1.05924232221176,315.1341,"1"
"10930",360,36000032,16,1,-2.1175,-0.64178529607917,373.0788,"0"
"10931",360,36000021,16,0,-1.4222,0.0257811028858549,406.5263,"1"
"10932",360,36000194,16,0,-0.9951,0.43584526080037,387.2976,"0"
"10933",360,36000113,16,1,-1.9291,-0.46090005292512,305.5927,"0"
"10934",360,36000356,16,1,-1.8764,-0.410302110705277,360.5951,"1"
"10935",360,36000121,16,1,-0.8468,0.57822998245507,405.717,"0"
"10936",360,36000377,16,0,-1.4986,-0.0475715116415835,303.1751,"0"
"10937",360,36000226,16,0,-0.7063,0.713125824616131,371.0704,"1"
"10938",360,36000189,16,1,-0.0555,1.33796720595719,380.1312,"0"
"10939",360,36000269,16,1,-0.9522,0.477034098015384,472.1089,"1"
"10940",360,36000038,16,1,-0.0011,1.39019733986154,342.8219,"0"
"10941",360,36000233,16,0,0.4213,1.79574896782476,325.2434,"0"
"10942",360,36000103,16,1,-1.337,0.107582709662527,325.8107,"0"
"10943",360,36000067,16,0,-1.6574,-0.200037417230029,459.8155,"1"
"10944",360,36000004,16,0,0.0824,1.4703667549537,416.7849,"0"
"10945",360,36000114,16,1,-2.3668,-0.881141406048939,357.3264,"0"
"10946",360,36000018,16,0,-2.3216,-0.837744309496057,343.9019,"0"
"10947",360,36000006,16,1,-1.3272,0.116991814667355,399.6588,"1"
"10948",360,36000240,16,1,0.0569,1.44588387968604,482.6724,"0"
"10949",360,36000372,16,0,-3.445,-1.91633497913119,358.525,"0"
"10950",360,36000360,16,1,-1.5339,-0.081463491914078,305.454,"0"
"10951",360,36000315,16,0,-1.0992,0.335897522942957,424.0904,"0"
"10952",360,36000069,16,0,-0.1966,1.20249529614277,494.3768,"1"
"10953",360,36000386,16,1,-2.3648,-0.87922118053775,424.8548,"1"
"10954",360,36000116,16,0,-2.2546,-0.773416754871209,373.2665,"1"
"10955",360,36000387,16,1,-1.6488,-0.191780447531914,432.2033,"1"
"10956",360,36000077,16,0,-2.4052,-0.918009735863777,333.3022,"1"
"10957",360,36000276,16,1,-0.9997,0.431428742124634,326.1678,"0"
"10958",360,36000211,16,0,-2.3466,-0.861747128385925,330.9945,"0"
"10959",360,36000380,16,1,0.4192,1.79373273103801,369.6263,"0"
"10960",360,36000119,16,1,-2.8676,-1.36196587405079,319.7519,"0"
"10961",360,36000223,16,1,0.4408,1.81447116655886,563.1128,"1"
"10962",360,36000066,16,1,0.2551,1.63617822784492,434.7982,"1"
"10963",360,36000290,16,1,1.1321,2.47819711450151,411.5905,"1"
"10964",360,36000223,16,1,1.072,2.42049433789026,492.0207,"0"
"10965",360,36000102,16,0,-1.4696,-0.019728241729336,435.834,"1"
"10966",360,36000062,16,0,-0.1649,1.23293087049512,351.221,"0"
"10967",360,36000291,16,0,-1.5319,-0.0795432664028885,415.8601,"0"
"10968",360,36000205,16,0,0.0619,1.45068444346401,476.1099,"1"
"10969",360,36000402,16,0,-2.834,-1.3297060854628,305.286,"0"
"10970",360,36000293,16,1,-0.3394,1.06539119464384,383.1483,"1"
"10971",360,36000327,16,0,-3.872,-2.32630312577015,361.6372,"0"
"10972",360,36000302,16,0,-2.3656,-0.879989270742226,378.5119,"0"
"10973",360,36000149,16,0,0.33,1.70809067323896,381.831,"1"
"10974",360,36000217,16,0,-1.8259,-0.361816416547743,303.9279,"0"
"10975",360,36000193,16,0,-2.8825,-1.37627155410915,377.3998,"1"
"10976",360,36000142,16,1,-1.9969,-0.525995697754444,306.1548,"0"
"10977",360,36000211,16,0,-2.1,-0.624983322856262,380.8347,"0"
"10978",360,36000089,16,0,-3.2853,-1.76300497206271,362.6478,"0"
"10979",360,36000335,16,0,-3.1183,-1.60266614187839,447.0349,"1"
"10980",360,36000237,16,0,-2.6376,-1.141139940264,397.7913,"0"
"10981",360,36000399,16,1,-2.2884,-0.805868566010312,364.8961,"0"
"10982",360,36000036,16,0,-1.0608,0.372765852757795,418.7175,"0"
"10983",360,36000128,16,1,-2.1491,-0.672124859155964,360.5419,"0"
"10984",360,36000153,16,1,-2.5556,-1.06241069430523,395.5282,"1"
"10985",360,36000393,16,0,0.1096,1.49648182190588,395.2462,"1"
"10986",360,36000188,16,0,-1.7006,-0.241514288271721,333.6073,"0"
"10987",360,36000256,16,0,-2.2007,-0.721666677344652,444.4047,"1"
"10988",360,36000145,16,1,-2.0769,-0.602804718202024,374.0585,"0"
"10989",360,36000221,16,0,-2.3683,-0.882581575182331,311.3961,"0"
"10990",360,36000130,16,0,-2.3742,-0.888246240440341,326.5992,"0"
"10991",360,36000364,16,0,-1.9468,-0.477894048699147,348.3209,"0"
"10992",360,36000173,16,1,-2.1413,-0.664635979662325,427.2895,"0"
"10993",360,36000341,16,1,-0.516,0.895835282005811,403.4686,"1"
"10994",360,36000080,16,0,0.1078,1.49475361894581,441.9317,"1"
"10995",360,36000381,16,1,-3.3536,-1.82858067326983,370.1235,"1"
"10996",360,36000044,16,0,0.7226,2.08503094108546,506.6093,"1"
"10997",360,36000380,16,1,-0.9379,0.490763710420389,330.7982,"1"
"10998",360,36000408,16,1,-2.13,-0.653786705524104,337.066,"0"
"10999",360,36000221,16,1,-0.2829,1.11963756533495,362.3994,"0"
"11000",360,36000213,16,1,-1.5017,-0.0505478611839273,301.622,"0"
"11001",360,36000355,16,0,-2.3565,-0.871252244666313,397.9062,"0"
"11002",360,36000135,16,0,-2.7519,-1.25088082822847,296.379,"0"
"11003",360,36000132,16,1,-0.7828,0.639677198813133,285.6245,"0"
"11004",360,36000248,16,0,-2.8158,-1.31223203331098,261.5029,"0"
"11005",360,36000062,16,1,-0.334,1.07057580352405,419.9717,"0"
"11006",360,36000081,16,0,-1.8281,-0.363928664610051,375.4152,"0"
"11007",360,36000248,16,0,-2.9865,-1.476123280691,307.7836,"1"
"11008",360,36000131,16,1,0.5415,1.91115452104725,337.4126,"0"
"11009",360,36000140,16,1,0.357,1.73401371764002,427.9007,"1"
"11010",360,36000293,16,1,-1.7809,-0.318611342545979,401.3263,"1"
"11011",360,36000414,16,1,-2.8593,-1.35399693817935,372.5894,"1"
"11012",360,36000181,16,1,-1.9328,-0.464452470120821,439.6229,"1"
"11013",360,36000117,16,0,-1.6858,-0.227304619488919,298.3623,"0"
"11014",360,36000075,16,1,-2.6695,-1.17176753716747,409.4179,"0"
"11015",360,36000318,16,1,-0.1289,1.26749492969654,379.2515,"1"
"11016",360,36000317,16,1,-1.1398,0.29691694506581,334.2027,"0"
"11017",360,36000302,16,1,-1.7459,-0.285007396100163,365.9308,"1"
"11018",360,36000383,16,1,-0.7138,0.705924978949171,438.1338,"0"
"11019",360,36000351,16,1,0.8777,2.2339444294782,524.7163,"1"
"11020",360,36000403,16,0,-0.2642,1.13759167386457,397.0869,"0"
"11021",360,36000059,16,1,-0.8953,0.531664513808725,334.4955,"0"
"11022",360,36000097,16,0,-2.0971,-0.622198995865037,345.3865,"1"
"11023",360,36000352,16,1,-0.9878,0.442854083916211,317.7058,"1"
"11024",360,36000095,16,0,-1.8928,-0.426047959897031,449.1462,"0"
"11025",360,36000215,16,0,-2.6291,-1.13297898184144,350.4044,"0"
"11026",360,36000268,16,1,-1.2252,0.214923315738019,402.774,"0"
"11027",360,36000337,16,1,-2.3962,-0.909368721063425,384.9241,"1"
"11028",360,36000186,16,0,-2.6902,-1.19164187120828,380.7362,"0"
"11029",360,36000193,16,0,-1.8041,-0.340885958475778,298.639,"0"
"11030",360,36000307,16,1,-1.4493,-0.00023795279076272,391.1073,"1"
"11031",360,36000011,16,0,-0.8374,0.58725504235766,399.6981,"1"
"11032",360,36000264,16,1,-1.3526,0.0926049506752489,309.3455,"0"
"11033",360,36000374,16,1,-1.6613,-0.203781856976848,361.5745,"0"
"11034",360,36000233,16,0,-0.2224,1.17772438704843,382.0494,"1"
"11035",360,36000186,16,0,-1.9777,-0.507561532847025,358.9042,"0"
"11036",360,36000359,16,0,-1.6472,-0.190244267122962,390.1415,"0"
"11037",360,36000239,16,0,-1.9133,-0.445730271386723,377.0898,"0"
"11038",360,36000387,16,1,-1.2467,0.194280891492732,357.4866,"0"
"11039",360,36000221,16,0,-3.3959,-1.86919344283149,434.839,"0"
"11040",360,36000277,16,0,-2.1143,-0.638712935261267,290.2054,"0"
"11041",360,36000057,16,1,-2.2276,-0.747493710470151,352.5568,"0"
"11042",360,36000166,16,0,-1.3088,0.134657889370299,397.3406,"1"
"11043",360,36000140,16,0,0.2414,1.62302468309327,399.3529,"0"
"11044",360,36000120,16,0,-2.4791,-0.988962068502229,502.7655,"0"
"11045",360,36000326,16,1,-3.3176,-1.79401661406842,350.3559,"0"
"11046",360,36000390,17,0,-1.4059,0.0414309408020492,338.0373,"0"
"11047",360,36000215,16,1,-1.8014,-0.338293654035672,334.2605,"0"
"11048",360,36000323,16,1,-2.0251,-0.553070877462216,320.4421,"0"
"11049",360,36000237,16,0,-1.6909,-0.232201194542453,437.9994,"1"
"11050",360,36000099,16,1,-1.1745,0.263601032446673,505.8324,"0"
"11051",360,36000003,16,1,-1.4119,0.0356702642684808,387.9756,"0"
"11052",360,36000179,16,0,-3.0973,-1.5825037740109,376.327,"1"
"11053",360,36000284,16,1,-0.3701,1.03591573304708,360.7832,"0"
"11054",360,36000085,16,1,-1.4085,0.0389346476375027,343.3874,"0"
"11055",360,36000067,16,1,-1.2741,0.167973801989436,437.3378,"0"
"11056",360,36000409,16,1,0.3708,1.74726327366723,316.8342,"0"
"11057",360,36000071,17,1,2.8347,4.11288509217712,267.5307,"1"
"11058",360,36000124,16,1,-0.7259,0.694307614606474,306.6226,"0"
"11059",360,36000369,16,1,-2.0106,-0.539149242506092,508.2428,"0"
"11060",360,36000030,16,1,-1.8048,-0.341558037404694,497.8251,"0"
"11061",360,36000169,16,0,-3.2572,-1.7360258036305,300.163,"1"
"11062",360,36000038,16,0,-3.5835,-2.04931059578106,286.6122,"1"
"11063",360,36000351,16,0,0.7568,2.1178667973268,497.3024,"1"
"11064",360,36000313,16,1,-2.2765,-0.794443224218734,277.1216,"0"
"11065",360,36000234,16,1,-1.7423,-0.281550990180022,360.8756,"0"
"11066",360,36000152,16,1,-0.8531,0.572181272094823,314.0402,"0"
"11067",360,36000310,16,0,-1.8928,-0.426047959897031,367.3603,"0"
"11068",360,36000111,16,1,1.226,2.56835170225185,473.0134,"1"
"11069",360,36000060,16,1,-1.3343,0.110175014102633,362.0647,"1"
"11070",360,36000179,16,1,0.3367,1.71452342870145,380.8104,"1"
"11071",360,36000067,16,0,-2.3881,-0.901591807743107,405.288,"1"
"11072",360,36000382,16,0,-0.5676,0.846293463817122,400.5469,"1"
"11073",360,36000260,16,1,-1.5474,-0.0944250141146071,443.091,"0"
"11074",360,36000117,16,0,0.047,1.43637876340565,415.9097,"1"
"11075",360,36000387,16,0,-1.2927,0.150115704735374,458.1676,"0"
"11076",360,36000008,16,1,0.792,2.15166276632373,467.6296,"0"
"11077",360,36000054,16,0,-2.293,-0.810285084686047,340.0928,"0"
"11078",360,36000105,16,0,-2.8164,-1.31280810096434,305.2066,"1"
"11079",360,36000114,16,0,-1.1847,0.253807882339606,361.3375,"1"
"11080",360,36000355,16,0,-2.4652,-0.975616501199462,363.8718,"0"
"11081",360,36000198,16,1,-1.6284,-0.172194147317781,351.5367,"1"
"11082",360,36000181,16,1,0.5831,1.95109521167999,465.3526,"1"
"11083",360,36000153,16,0,-1.5339,-0.081463491914078,365.1367,"0"
"11084",360,36000116,16,1,-3.4163,-1.88877974304562,403.0248,"1"
"11085",360,36000265,16,0,-1.9451,-0.476261857014636,393.8741,"0"
"11086",360,36000290,16,1,-0.1392,1.25760576831391,399.5141,"1"
"11087",360,36000359,16,0,-1.6996,-0.240554175516127,417.1994,"1"
"11088",360,36000344,16,0,-2.2709,-0.789066592787404,308.6147,"0"
"11089",360,36000351,16,1,1.3228,2.66129061699342,510.5749,"1"
"11090",360,36000243,16,1,-1.2207,0.219243823138196,355.1577,"0"
"11091",360,36000393,16,0,0.0872,1.47497529618056,486.4774,"1"
"11092",360,36000098,16,1,0.017,1.40757538073781,326.5459,"0"
"11093",360,36000359,16,0,-0.4574,0.952097889483663,376.1581,"0"
"11094",360,36000141,16,0,0.3787,1.75484816443643,341.2919,"1"
"11095",360,36000263,16,0,-1.3033,0.13993850952607,500.6733,"1"
"11096",360,36000343,16,1,-2.9427,-1.43407034199595,359.5718,"0"
"11097",360,36000349,16,0,-2.2189,-0.739140729496477,443.7406,"0"
"11098",360,36000260,16,0,0.833,2.19102738930312,307.1735,"0"
"11099",360,36000178,16,0,-1.8001,-0.337045507453399,453.1485,"1"
"11100",360,36000119,16,1,-2.078,-0.603860842233177,347.025,"0"
"11101",360,36000169,16,0,-1.1036,0.33167302681834,395.3296,"1"
"11102",360,36000340,16,0,-1.9648,-0.495176078299853,472.9014,"1"
"11103",360,36000381,16,1,-1.6885,-0.229896923929025,450.4918,"0"
"11104",360,36000101,16,1,-2.5106,-1.01920562030346,383.9864,"1"
"11105",360,36000150,16,1,-1.0987,0.336377579320754,321.9845,"0"
"11106",360,36000269,16,1,0.2267,1.60891102558603,462.8941,"1"
"11107",360,36000094,16,1,0.2345,1.61639990507967,485.4623,"1"
"11108",360,36000019,16,1,-0.7649,0.656863217138279,373.4531,"1"
"11109",360,36000414,16,0,-1.5676,-0.113819291777621,297.8618,"0"
"11110",360,36000406,16,1,0.0408,1.43042606432096,506.4932,"0"
"11111",360,36000213,16,0,-1.9881,-0.51754670550521,325.3233,"1"
"11112",360,36000010,16,0,-1.4382,0.010419298796339,428.4449,"0"
"11113",360,36000063,17,0,-1.0823,0.352123428512508,253.7291,"0"
"11114",360,36000170,16,1,-1.5962,-0.14127851658763,377.759,"0"
"11115",360,36000412,16,0,-1.3862,0.0603451620872655,365.7757,"1"
"11116",360,36000101,16,0,-1.9174,-0.449666733684662,437.0672,"0"
"11117",360,36000134,16,0,-1.3961,0.0508400458068777,400.7982,"0"
"11118",360,36000057,16,1,-0.6792,0.739144880292749,375.7113,"1"
"11119",360,36000028,16,0,-2.6196,-1.12385791066329,366.3878,"1"
"11120",360,36000161,16,0,-1.2283,0.211946966195676,430.259,"0"
"11121",360,36000186,16,1,-3.5979,-2.06313621946163,316.66,"0"
"11122",360,36000111,16,0,1.1656,2.51036089181393,463.9339,"1"
"11123",360,36000331,16,1,-0.4629,0.946817269327892,498.488,"1"
"11124",360,36000412,16,1,-1.1334,0.303061666701617,347.8158,"0"
"11125",360,36000339,16,0,-1.7079,-0.248523111387563,446.2092,"1"
"11126",360,36000021,16,0,-1.2099,0.229613040898619,402.8022,"0"
"11127",360,36000024,16,1,-0.955,0.474345782299719,319.833,"0"
"11128",360,36000020,16,1,-1.0405,0.392256141696368,323.7809,"0"
"11129",360,36000270,16,0,-1.4532,-0.00398239253758224,322.0299,"0"
"11130",360,36000260,16,0,0.0778,1.46595023627797,463.9318,"1"
"11131",360,36000320,16,1,-1.7877,-0.325140109284024,352.9969,"0"
"11132",360,36000303,16,0,-2.398,-0.911096924023495,365.0834,"0"
"11133",360,36000179,16,1,-1.295,0.147907445397506,343.6737,"0"
"11134",360,36000085,16,0,-3.067,-1.55341235751638,329.487,"0"
"11135",360,36000160,16,1,-2.4231,-0.935195754188923,372.5023,"0"
"11136",360,36000199,16,0,-0.5912,0.823634802785086,279.0413,"1"
"11137",360,36000064,16,0,-2.809,-1.30570326657293,328.0871,"0"
"11138",360,36000264,16,0,-2.2648,-0.783209904978276,385.9872,"1"
"11139",360,36000292,16,0,-0.8468,0.57822998245507,449.9729,"1"
"11140",360,36000245,16,0,-0.0887,1.30609146247144,393.1838,"1"
"11141",360,36000045,16,0,-1.3562,0.0891485447551078,427.8522,"0"
"11142",360,36000203,16,1,-0.822,0.60204077879382,280.9613,"1"
"11143",360,36000111,16,0,1.3397,2.67751652256298,499.0793,"1"
"11144",360,36000376,16,0,-3.1223,-1.60650659290077,366.3004,"0"
"11145",360,36000036,16,0,-0.6638,0.753930616728908,441.4551,"0"
"11146",360,36000391,16,1,-1.4001,0.0469995947844987,546.2666,"1"
"11147",360,36000323,16,1,-0.8892,0.537521201617853,328.7742,"1"
"11148",360,36000108,16,0,-2.2292,-0.749029890879103,222.9201,"0"
"11149",360,36000038,16,0,-3.5262,-1.99429613488548,292.5496,"0"
"11150",360,36000200,16,1,-0.6446,0.772364781636327,467.976,"1"
"11151",360,36000056,16,0,-1.4281,0.0201164376278459,424.1723,"0"
"11152",360,36000206,16,1,-2.5373,-1.04484063087784,292.8742,"1"
"11153",360,36000044,16,0,-0.2601,1.14152813616251,546.9239,"1"
"11154",360,36000341,16,0,0.3374,1.71519550763036,391.4718,"1"
"11155",360,36000156,16,1,-0.0735,1.32068517635648,490.514,"1"
"11156",360,36000189,16,0,-1.6667,-0.20896646585706,384.8547,"0"
"11157",360,36000299,16,0,-1.2679,0.173926501074124,386.1977,"1"
"11158",360,36000396,16,1,-2.4368,-0.948349298940571,332.2545,"1"
"11159",360,36000032,16,0,-1.7776,-0.315442970452517,345.7674,"0"
"11160",360,36000240,16,0,-1.8219,-0.357975965525364,386.0878,"0"
"11161",360,36000008,16,1,-0.9993,0.431812787226872,322.8684,"0"
"11162",360,36000221,16,1,-0.9558,0.473577692095243,443.7001,"0"
"11163",360,36000284,16,0,-2.1902,-0.711585493410908,383.7119,"0"
"11164",360,36000406,16,0,-1.2237,0.216363484871411,487.3948,"1"
"11165",360,36000164,16,1,0.2825,1.66248531734821,359.4271,"1"
"11166",360,36000384,16,1,-2.0518,-0.578705888036595,359.6819,"0"
"11167",360,36000122,16,1,-2.1667,-0.689022843654431,389.6296,"0"
"11168",360,36000244,16,0,-0.9804,0.449958918307612,388.7352,"0"
"11169",360,36000344,16,0,-2.7122,-1.21276435183136,305.9426,"0"
"11170",360,36000098,16,1,0.3052,1.68427987690021,385.0608,"0"
"11171",360,36000272,16,0,-1.9513,-0.482214556099324,488.3039,"1"
"11172",360,36000010,16,1,-0.7345,0.686050644908359,417.7615,"0"
"11173",360,36000294,16,1,-2.377,-0.890934556156005,419.0116,"1"
"11174",360,36000180,16,0,-2.8148,-1.31127192055538,335.0988,"0"
"11175",360,36000091,16,1,-2.0411,-0.568432681551732,324.9973,"0"
"11176",360,36000104,16,1,-2.4926,-1.00192359070276,317.3347,"1"
"11177",360,36000394,16,0,-1.4129,0.0347101515128859,440.7895,"1"
"11178",360,36000142,16,1,0.62,1.98652337236144,384.7521,"0"
"11179",360,36000392,16,1,-0.813,0.610681793594172,380.0512,"0"
"11180",360,36000170,16,1,0.4536,1.82676060983047,334.5093,"1"
"11181",360,36000298,16,0,-2.7016,-1.20258715662206,356.9804,"0"
"11182",360,36000197,16,1,-0.9248,0.50334118751868,356.8722,"0"
"11183",360,36000082,16,0,-0.6967,0.722342907069841,382.3654,"0"
"11184",360,36000232,16,0,-2.7288,-1.22870222357424,326.5922,"1"
"11185",360,36000317,16,1,-1.146,0.290964245981123,334.9399,"1"
"11186",360,36000327,16,0,-2.9485,-1.4396389959784,380.1584,"1"
"11187",360,36000305,16,0,-1.2913,0.151459862593207,328.7076,"0"
"11188",360,36000331,16,1,-1.1487,0.288371941541017,474.2539,"1"
"11189",360,36000249,16,0,-1.3557,0.0896286011329053,459.0676,"1"
"11190",360,36000076,16,0,-1.0799,0.354427699125935,398.0064,"1"
"11191",360,36000280,16,1,-0.0613,1.33239855197474,453.1193,"1"
"11192",360,36000284,16,0,-1.2567,0.184679763936785,374.6246,"0"
"11193",360,36000006,16,1,-0.9815,0.448902794276458,451.8128,"0"
"11194",360,36000233,16,1,0.1939,1.57741932720252,380.2778,"1"
"11195",360,36000349,16,0,-2.638,-1.14152398536623,442.0218,"0"
"11196",360,36000149,16,0,-1.6537,-0.196485000034328,405.5849,"0"
"11197",360,36000099,16,1,-0.4032,1.0041360008369,492.273,"1"
"11198",360,36000168,16,0,-1.5492,-0.0961532170746774,259.1666,"0"
"11199",360,36000090,16,0,-1.0307,0.401665246701197,289.9475,"0"
"11200",360,36000185,16,0,-1.3851,0.0614012861184198,387.0105,"1"
"11201",360,36000135,16,1,-1.7025,-0.243338502507352,383.9122,"1"
"11202",360,36000349,16,0,-2.6798,-1.18165669855009,431.2467,"0"
"11203",360,36000193,16,1,-1.4505,-0.00139008809747629,310.8138,"0"
"11204",360,36000206,16,0,-1.5329,-0.0805033791584831,434.2246,"0"
"11205",360,36000165,16,1,-1.8362,-0.371705577930369,320.8966,"0"
"11206",360,36000095,16,1,-1.6052,-0.149919531387983,374.9244,"1"
"11207",360,36000404,16,0,-2.5049,-1.01373297759657,401.0444,"0"
"11208",360,36000087,16,0,-1.181,0.257360299535307,265.9428,"1"
"11209",360,36000099,16,0,0.0273,1.41746454212043,440.2747,"0"
"11210",360,36000334,16,0,-2.9368,-1.42840567673794,315.759,"0"
"11211",360,36000089,16,0,-2.1391,-0.662523731600016,337.9409,"0"
"11212",360,36000074,16,0,-1.4171,0.030677677939388,388.9846,"0"
"11213",360,36000075,16,1,-0.3906,1.01623342155739,328.5358,"0"
"11214",360,36000048,16,1,-1.094,0.340890109272049,460.6175,"1"
"11215",360,36000261,16,1,-1.4748,-0.0247208280584287,282.3471,"1"
"11216",360,36000082,16,0,0.2547,1.63579418274268,418.5923,"0"
"11217",360,36000068,16,0,-1.6009,-0.145791046538926,305.2157,"0"
"11218",360,36000414,16,1,-1.4803,-0.0300014482141997,387.8722,"1"
"11219",360,36000270,16,1,-0.6414,0.77543714245423,318.4626,"0"
"11220",360,36000369,16,1,0.4037,1.7788509833263,485.4535,"1"
"11221",360,36000046,16,1,-2.4905,-0.999907353916009,346.4971,"1"
"11222",360,36000235,16,1,-0.8386,0.586102907050947,329.177,"0"
"11223",360,36000049,16,1,0.6243,1.9906518572105,418.3931,"0"
"11224",360,36000099,16,0,-2.4164,-0.928762998726438,464.8616,"1"
"11225",360,36000356,16,0,-2.2428,-0.762087424355191,343.2888,"0"
"11226",360,36000243,16,1,-0.3574,1.04810916504314,324.6401,"0"
"11227",360,36000256,16,1,-2.4137,-0.926170694286333,435.2502,"0"
"11228",360,36000039,16,1,-2.1058,-0.630551976838711,422.1675,"0"
"11229",360,36000194,16,0,-2.0286,-0.556431272106797,427.791,"0"
"11230",360,36000197,16,1,-0.5965,0.818546205180434,340.6432,"0"
"11231",360,36000006,16,1,-0.4771,0.933183668198446,360.1903,"1"
"11232",360,36000037,16,0,-1.002,0.429220482786766,357.6535,"1"
"11233",360,36000190,16,0,0.1864,1.57021848153556,456.7423,"0"
"11234",360,36000304,16,0,0.4612,1.83405746677299,324.374,"0"
"11235",360,36000408,16,1,0.6459,2.01139029273134,451.994,"1"
"11236",360,36000093,16,1,-1.0242,0.407905979612563,355.5783,"0"
"11237",360,36000260,16,0,0.9352,2.2891509129249,502.617,"1"
"11238",360,36000225,16,1,0.2658,1.64645143432978,445.03,"1"
"11239",360,36000155,16,0,-1.2048,0.234509615952152,335.8648,"0"
"11240",360,36000046,16,0,-2.3723,-0.88642202620471,361.7145,"1"
"11241",360,36000173,16,1,-1.7259,-0.265805140988269,341.06,"1"
"11242",360,36000226,16,1,-0.3447,1.06030259703919,413.1284,"0"
"11243",360,36000063,16,1,-2.4153,-0.927706874695284,388.056,"0"
"11244",360,36000382,16,0,-2.94,-1.43147803755585,333.2818,"1"
"11245",360,36000148,16,1,-2.1007,-0.625655401785178,478.0631,"0"
"11246",360,36000001,16,0,-0.2882,1.11454896773029,465.5967,"1"
"11247",360,36000295,16,0,-1.5788,-0.124572554640282,414.2896,"1"
"11248",360,36000386,16,0,-0.7378,0.682882272814897,467.6119,"0"
"11249",360,36000269,16,1,-1.6821,-0.223752202293219,471.6155,"1"
"11250",360,36000377,16,1,-2.161,-0.683550200947541,338.3543,"0"
"11251",360,36000226,16,1,-1.4557,-0.00638267442656905,361.7756,"1"
"11252",360,36000193,16,1,-1.3362,0.108350799867003,321.8633,"0"
"11253",360,36000301,16,0,-1.8114,-0.347894781591619,412.0598,"1"
"11254",360,36000052,16,0,-1.4059,0.0414309408020492,352.6996,"1"
"11255",360,36000373,16,0,-1.4023,0.0448873467221901,449.4622,"1"
"11256",360,36000143,16,1,-0.8187,0.605209150887282,340.9183,"0"
"11257",360,36000367,16,0,-2.3142,-0.830639475104656,338.1699,"0"
"11258",360,36000359,16,0,-1.2439,0.196969207208398,383.8075,"0"
"11259",360,36000225,16,0,-0.1019,1.29341797409759,505.288,"1"
"11260",360,36000072,16,0,-1.6075,-0.152127790725851,392.132,"1"
"11261",360,36000355,16,1,-1.5385,-0.0858800105898137,355.9846,"0"
"11262",360,36000280,16,0,0.997,2.34848588122066,408.2078,"1"
"11263",360,36000024,16,0,-0.9392,0.489515563838116,356.4068,"0"
"11264",360,36000030,16,0,-2.9228,-1.41496409815962,373.855,"0"
"11265",360,36000169,16,0,-1.4308,0.01752413318774,416.8447,"1"
"11266",360,36000080,16,0,0.8747,2.23106409121142,436.6067,"1"
"11267",360,36000107,16,1,-2.9545,-1.44539967251197,306.2191,"0"
"11268",360,36000381,16,1,-1.3713,0.0746508421456273,375.4297,"0"
"11269",360,36000349,16,0,-3.0122,-1.50079817850979,464.4358,"1"
"11270",360,36000381,16,1,0.4872,1.85902039841846,450.2685,"1"
"11271",360,36000152,16,1,-2.1389,-0.662331709048897,446.3924,"0"
"11272",360,36000127,16,0,-3.3441,-1.81945960209168,269.9499,"1"
"11273",360,36000142,16,1,-0.599,0.816145923291447,314.2409,"1"
"11274",360,36000144,16,0,-1.1506,0.286547727305387,361.5885,"0"
"11275",360,36000358,16,1,0.2269,1.60910304813715,300.0333,"1"
"11276",360,36000398,16,1,-0.8102,0.613370109309837,505.5709,"1"
"11277",360,36000205,16,0,-0.8339,0.590615437002242,440.8176,"0"
"11278",360,36000141,16,0,-2.1679,-0.690174978961145,366.8312,"0"
"11279",360,36000086,16,0,-1.8742,-0.408189862642969,351.2266,"0"
"11280",360,36000340,16,1,-0.4017,1.00557616997029,529.3963,"1"
"11281",360,36000409,16,1,-1.4109,0.0366303770240754,280.9085,"1"
"11282",360,36000102,16,0,-0.301,1.10225952445868,392.9147,"1"
"11283",360,36000327,16,0,-2.767,-1.26537853083796,287.5306,"0"
"11284",360,36000155,16,0,-2.9169,-1.40929943290161,296.2566,"0"
"11285",360,36000345,16,0,-3.06,-1.54669156822722,412.587,"1"
"11286",360,36000113,16,1,-3.4857,-1.9554115682839,352.1885,"0"
"11287",360,36000032,16,0,-1.6544,-0.197157078963245,339.6632,"1"
"11288",360,36000089,16,0,-2.1218,-0.645913780928227,330.2017,"1"
"11289",360,36000073,16,0,-1.0438,0.389087769602905,430.1843,"0"
"11290",360,36000111,16,0,0.9445,2.29807996155193,500.5954,"1"
"11291",360,36000159,16,0,0.722,2.0844548734321,373.1471,"1"
"11292",360,36000165,16,1,-1.6928,-0.234025408778083,342.3753,"0"
"11293",360,36000252,16,1,-2.4748,-0.984833583653172,391.8174,"0"
"11294",360,36000215,16,1,-2.0664,-0.592723534268278,312.4935,"0"
"11295",360,36000373,16,1,-1.6753,-0.217223435555175,362.3573,"0"
"11296",360,36000283,16,0,-3.0937,-1.57904736809076,342.9829,"1"
"11297",360,36000247,16,0,-1.5339,-0.081463491914078,462.9359,"0"
"11298",360,36000362,16,1,-1.5524,-0.0992255778925807,338.9087,"0"
"11299",360,36000341,16,1,0.2102,1.59306916511871,308.4644,"0"
"11300",360,36000226,16,1,-0.5883,0.826419129776311,501.9522,"0"
"11301",360,36000122,16,0,0.0369,1.42668162457414,556.4789,"0"
"11302",360,36000376,16,0,-1.9622,-0.492679785135306,425.8134,"0"
"11303",360,36000067,16,1,-1.7224,-0.262444746343687,393.0003,"0"
"11304",360,36000208,16,0,-2.4319,-0.943644746438157,358.0594,"0"
"11305",360,36000385,16,0,-1.5339,-0.081463491914078,543.0759,"0"
"11306",360,36000041,16,1,-1.6843,-0.225864450355527,308.4099,"1"
"11307",360,36000372,16,1,-2.1798,-0.701600320752723,365.6097,"1"
"11308",360,36000048,16,1,0.0706,1.45903742443769,446.9673,"0"
"11309",360,36000161,16,1,-3.2606,-1.73929018699952,339.6708,"0"
"11310",360,36000218,16,0,-1.4943,-0.0434430267925261,379.027,"0"
"11311",360,36000090,16,1,-1.8974,-0.430464478572767,352.3596,"1"
"11312",360,36000385,16,1,-1.5339,-0.081463491914078,556.3245,"0"
"11313",360,36000057,16,1,-1.7793,-0.317075162137028,315.189,"1"
"11314",360,36000220,16,1,-2.3109,-0.827471103011193,472.7213,"1"
"11315",360,36000412,16,0,1.3314,2.66954758669154,386.9895,"1"
"11316",360,36000326,16,1,-1.6082,-0.152799869654767,323.3231,"0"
"11317",360,36000189,16,1,-1.4781,-0.0278892001518913,341.7927,"0"
"11318",360,36000390,16,1,-0.8679,0.557971603312021,378.5745,"0"
"11319",360,36000083,16,0,-2.4227,-0.934811709086685,278.9711,"1"
"11320",360,36000323,16,1,-2.917,-1.40939544417717,384.5123,"0"
"11321",360,36000330,16,1,-0.867,0.558835704792056,487.2504,"1"
"11322",360,36000315,16,0,-0.4089,0.998663358130008,400.3005,"0"
"11323",360,36000191,16,0,-0.7164,0.703428685784624,378.3764,"1"
"11324",360,36000355,16,0,-1.3421,0.102686134608994,329.2526,"0"
"11325",360,36000234,16,1,-1.4195,0.0283734073259607,423.6348,"1"
"11326",360,36000174,16,0,-0.6687,0.749226064226494,485.2234,"1"
"11327",360,36000399,16,1,-3.0622,-1.54880381628952,357.3368,"0"
"11328",360,36000391,16,0,1.2133,2.5561582702558,300.0229,"0"
"11329",360,36000338,16,0,-1.0698,0.364124837957442,392.6688,"0"
"11330",360,36000184,16,1,-2.4921,-1.00144353432496,360.327,"0"
"11331",360,36000294,16,1,-2.3245,-0.840528636487282,347.1366,"0"
"11332",360,36000367,16,1,-0.9787,0.451591109992123,350.9917,"0"
"11333",360,36000059,16,1,-1.8583,-0.392924069829013,371.8444,"0"
"11334",360,36000293,16,0,-2.3831,-0.896791243965134,329.32,"0"
"11335",360,36000223,16,1,-0.663,0.754698706933384,305.752,"0"
"11336",360,36000297,16,1,-1.3833,0.0631294890784904,382.4097,"0"
"11337",360,36000185,16,1,-0.9913,0.43949368927163,397.3831,"0"
"11338",360,36000334,16,0,-0.8802,0.546162216418206,427.7406,"1"
"11339",360,36000233,16,0,-2.176,-0.697951892281462,396.1026,"0"
"11340",360,36000310,16,0,-2.5864,-1.09198216717754,314.1204,"0"
"11341",360,36000287,16,0,0.5588,1.92776447171904,534.9628,"0"
"11342",360,36000185,16,1,-0.8154,0.608377522980745,344.5445,"1"
"11343",360,36000373,16,1,-1.5471,-0.0941369802879285,419.8427,"1"
"11344",360,36000129,16,0,-1.9571,-0.487783210081773,463.8883,"1"
"11345",360,36000346,16,1,-1.8122,-0.348662871796095,330.3397,"0"
"11346",360,36000292,16,1,-1.814,-0.350391074756165,384.0439,"0"
"11347",360,36000307,16,0,-2.6717,-1.17387978522978,318.6849,"1"
"11348",360,36000031,16,1,-2.0815,-0.607221236877759,319.4952,"1"
"11349",360,36000276,16,1,-0.9026,0.524655690692883,325.6827,"0"
"11350",360,36000320,16,0,-0.5273,0.88498600786759,316.6535,"1"
"11351",360,36000119,16,1,-1.4033,0.0439272339665955,337.8306,"1"
"11352",360,36000001,16,0,-1.6084,-0.152991892205886,429.442,"0"
"11353",360,36000266,16,1,-0.445,0.964003287653038,441.6897,"1"
"11354",360,36000102,16,0,-0.8039,0.619418819670084,486.8689,"1"
"11355",360,36000411,16,1,-1.3676,0.0782032593413279,385.0407,"1"
"11356",360,36000048,16,1,-1.8774,-0.411262223460872,411.6043,"0"
"11357",360,36000369,16,1,-0.899,0.528112096613024,466.1585,"1"
"11358",360,36000008,16,1,0.8699,2.22645554998457,443.2348,"1"
"11359",360,36000165,16,1,-2.0513,-0.578225831658798,328.0873,"0"
"11360",360,36000147,16,0,-0.7244,0.695747783739866,356.3238,"0"
"11361",360,36000246,16,0,-0.4512,0.95805058856835,255.0357,"0"
"11362",360,36000193,16,0,-2.5576,-1.06433091981642,345.02,"0"
"11363",360,36000131,1,0,-1.577,-0.122844351680211,324.4654,"1"
"11364",360,36000037,16,0,-1.6053,-0.150015542663543,316.2042,"0"
"11365",360,36000048,16,1,-2.4771,-0.987041842991039,473.3644,"1"
"11366",360,36000024,16,0,-0.6875,0.731175944421312,348.8898,"0"
"11367",360,36000330,16,1,-2.4009,-0.91388125101472,370.9454,"0"
"11368",360,36000352,16,0,-0.474,0.93616001774079,398.382,"1"
"11369",360,36000179,16,0,-0.5121,0.89957972175263,360.5769,"0"
"11370",360,36000075,16,1,-1.1183,0.317559369311097,376.9958,"1"
"11371",360,36000393,16,1,0.341,1.71865191355051,580.749,"1"
"11372",360,36000259,16,1,-1.242,0.198793421444028,314.715,"1"
"11373",360,36000352,16,0,-2.5869,-1.09246222355534,357.6395,"0"
"11374",360,36000096,16,0,-1.0922,0.34261831223212,259.483,"0"
"11375",360,36000099,16,0,0.7521,2.1133542673755,451.8844,"0"
"11376",360,36000396,16,1,-1.15,0.287123794958744,464.4538,"1"
"11377",360,36000335,16,1,-1.6382,-0.18160325232261,376.7349,"0"
"11378",360,36000110,16,1,-0.832,0.592439651237872,378.3411,"1"
"11379",360,36000371,16,1,-2.5749,-1.08094087048821,415.5556,"0"
"11380",360,36000033,16,1,-1.6922,-0.233449341124726,368.2267,"0"
"11381",360,36000058,16,0,-2.2584,-0.777065183342469,404.6802,"0"
"11382",360,36000181,16,0,-0.6775,0.74077707197726,503.9178,"1"
"11383",360,36000238,16,0,-1.7285,-0.268301434152815,430.8574,"0"
"11384",360,36000080,16,0,0.1008,1.48803282965665,399.0955,"0"
"11385",360,36000092,16,0,-1.5254,-0.0733025334915227,414.8035,"1"
"11386",360,36000410,16,1,-1.9116,-0.444098079702212,366.114,"0"
"11387",360,36000052,16,1,-0.6503,0.766892138929437,380.3546,"0"
"11388",360,36000032,16,0,-2.6469,-1.15006898889103,358.4775,"0"
"11389",360,36000078,16,1,-1.4835,-0.0330738090321029,302.1087,"0"
"11390",360,36000312,16,1,-1.0387,0.393984344656439,293.0342,"0"
"11391",360,36000335,16,1,-1.6872,-0.228648777346752,425.1223,"0"
"11392",360,36000033,16,1,-0.7032,0.716102174158475,323.6759,"0"
"11393",360,36000358,16,0,-1.704,-0.244778671640744,347.8198,"1"
"11394",360,36000090,16,1,-0.7435,0.677409630108007,322.4061,"0"
"11395",360,36000331,16,0,0.0266,1.41679246319152,468.8196,"1"
"11396",360,36000056,16,0,0.336,1.71385134977253,432.0046,"1"
"11397",360,36000118,16,0,-1.8643,-0.398684746362581,370.1117,"0"
"11398",360,36000319,16,1,-2.0924,-0.617686465913742,412.8439,"0"
"11399",360,36000187,16,0,0.1907,1.57434696638462,345.0676,"0"
"11400",360,36000212,16,1,-1.921,-0.453123139604803,377.8803,"1"
"11401",360,36000204,16,1,-2.3019,-0.81883008821084,362.4106,"0"
"11402",360,36000041,16,1,-0.8474,0.577653914801713,280.3248,"1"
"11403",360,36000360,16,0,-2.8762,-1.3702228437489,324.2491,"1"
"11404",360,36000409,16,0,-2.088,-0.613461969789125,337.3161,"1"
"11405",360,36000045,16,1,-1.6215,-0.165569369304177,358.724,"0"
"11406",360,36000012,16,0,-1.331,0.113343386196095,450.8093,"1"
"11407",360,36000057,16,0,-1.8745,-0.408477896469647,361.097,"1"
"11408",360,36000333,16,1,-0.3885,1.01824965834414,289.1798,"0"
"11409",360,36000345,16,0,-2.5991,-1.1041755991736,345.2062,"0"
"11410",360,36000170,16,1,-3.1638,-1.64635127225795,351.9251,"0"
"11411",360,36000029,16,1,-0.3432,1.06174276617258,374.488,"0"
"11412",360,36000164,16,0,-2.9644,-1.45490478879236,359.2548,"0"
"11413",360,36000098,16,1,-1.1126,0.323032012017987,372.2972,"0"
"11414",360,36000036,16,1,-1.7649,-0.303249538456463,424.8666,"1"
"11415",360,36000399,16,1,-0.6278,0.788494675930319,331.6716,"0"
"11416",360,36000185,16,0,-0.9542,0.475113872504194,388.9315,"1"
"11417",360,36000195,16,1,-0.5946,0.820370419416064,398.6602,"0"
"11418",360,36000370,16,0,-1.7431,-0.282319080384498,325.5607,"0"
"11419",360,36000248,16,1,-2.5735,-1.07959671263037,289.2856,"0"
"11420",360,36000264,16,1,-0.9199,0.508045740021094,385.6498,"0"
"11421",360,36000035,16,0,-1.5314,-0.0790632100250912,318.3916,"0"
"11422",360,36000412,16,1,-1.5321,-0.0797352889540074,318.6183,"0"
"11423",360,36000406,16,0,0.487,1.85882837586734,415.6753,"1"
"11424",360,36000018,15,0,-0.2877,1.11502902410809,249.1645,"0"
"11425",360,36000355,16,1,-2.2501,-0.769096247471033,315.5661,"0"
"11426",360,36000124,16,1,-2.3852,-0.898807480751883,315.1367,"0"
"11427",360,36000296,16,1,-0.7199,0.700068291140043,367.6854,"0"
"11428",360,36000291,16,0,0.3397,1.71740376696823,420.3962,"0"
"11429",360,36000377,16,1,-1.6711,-0.213190961981677,279.2511,"1"
"11430",360,36000352,14,0,-3.0172,-1.50559874228776,298.2306,"0"
"11431",360,36000104,16,1,-1.446,0.0029304193027,336.3326,"1"
"11432",360,36000025,16,1,-0.9128,0.514862540585817,535.2189,"1"
"11433",360,36000383,16,1,-1.9153,-0.447650496897913,433.6258,"1"
"11434",360,36000011,16,0,-2.5948,-1.10004711432454,401.8064,"0"
"11435",360,36000281,16,0,-0.1676,1.23033856605502,291.7138,"1"
"11436",360,36000017,16,0,0.0856,1.47343911577161,497.1851,"1"
"11437",360,36000034,16,0,-1.8447,-0.379866536352924,412.3694,"0"
"11438",360,36000410,16,0,-2.5075,-1.01622927076112,324.4484,"1"
"11439",360,36000268,16,1,-2.2362,-0.755750680168266,351.1499,"0"
"11440",360,36000132,16,1,-1.5339,-0.081463491914078,318.4173,"0"
"11441",360,36000003,16,0,-1.8838,-0.417406945096678,357.0862,"0"
"11442",360,36000221,16,0,-1.3738,0.0722505602566405,395.1183,"0"
"11443",360,36000294,16,1,-2.8658,-1.36023767109072,365.3768,"1"
"11444",360,36000253,16,0,0.4229,1.79728514823372,481.3704,"0"
"11445",360,36000315,16,0,-1.7188,-0.258988340423546,411.9477,"0"
"11446",360,36000212,16,0,-2.5061,-1.01488511290329,366.0865,"0"
"11447",360,36000060,16,0,-2.4062,-0.918969848619372,359.7866,"0"
"11448",360,36000256,16,1,-2.5349,-1.04253636026442,465.0108,"1"
"11449",360,36000032,16,1,-0.7163,0.703524697060184,279.6095,"0"
"11450",360,36000058,16,0,0.2861,1.66594172326835,416.717,"0"
"11451",360,36000229,16,0,-0.4004,1.00682431655256,315.4953,"0"
"11452",360,36000160,16,1,-2.161,-0.683550200947541,427.2958,"0"
"11453",360,36000082,16,1,0.0769,1.46508613479793,443.4937,"1"
"11454",360,36000364,16,0,-2.3489,-0.863955387723793,316.5161,"0"
"11455",360,36000152,16,0,-1.3778,0.0684101092342615,257.5203,"0"
"11456",360,36000265,16,1,-1.1274,0.308822343235185,376.8374,"1"
"11457",360,36000367,16,1,-2.8347,-1.33037816439172,355.6618,"0"
"11458",360,36000291,16,0,-0.1833,1.21526479579218,319.8596,"0"
"11459",360,36000039,16,1,-0.9643,0.465416733672688,361.6508,"1"
"11460",360,36000164,16,0,-0.7124,0.707269136807003,356.7739,"0"
"11461",360,36000206,16,1,-2.3305,-0.84628931302085,317.489,"0"
"11462",360,36000208,16,0,-2.6774,-1.17935242793667,440.6422,"0"
"11463",360,36000291,16,1,-0.6011,0.814129686504698,380.7219,"1"
"11464",360,36000315,16,0,-1.4843,-0.0338418992365787,486.3918,"0"
"11465",360,36000206,16,0,-1.7762,-0.314098812594684,345.9578,"1"
"11466",360,36000118,16,0,-3.0909,-1.57635905237509,376.6278,"0"
"11467",360,36000107,16,0,-3.4476,-1.91883127229574,361.0275,"1"
"11468",360,36000210,16,1,-3.1669,-1.64932762180029,347.0029,"0"
"11469",360,36000346,16,0,-2.8512,-1.34622002485903,301.6534,"0"
"11470",360,36000249,16,0,-1.1354,0.301141441190427,336.6107,"1"
"11471",360,36000340,16,0,0.4707,1.84317853795114,543.1536,"1"
"11472",360,36000215,16,1,-0.9055,0.521871363701659,274.7641,"0"
"11473",360,36000157,16,1,-1.063,0.370653604695487,311.8557,"0"
"11474",360,36000404,16,1,-2.7044,-1.20527547233772,359.7219,"1"
"11475",360,36000052,16,1,-1.0976,0.337433703351908,306.4574,"0"
"11476",360,36000182,16,0,-0.0268,1.36552244204276,356.3037,"0"
"11477",360,36000372,16,0,-2.6171,-1.1214576287743,325.7544,"0"
"11478",360,36000238,16,1,-0.0173,1.37464351322091,348.6245,"0"
"11479",360,36000042,16,0,-1.8419,-0.377178220637259,414.5678,"1"
"11480",360,36000118,16,1,-2.8149,-1.31136793183094,347.9809,"0"
"11481",360,36000183,16,0,-1.7508,-0.289711948602578,343.2009,"1"
"11482",360,36000090,16,0,-1.4571,-0.00772683228440175,488.5623,"0"
"11483",360,36000097,16,1,-0.1697,1.22832232926827,377.8968,"0"
"11484",360,36000131,16,1,-1.7094,-0.249963280520955,373.5677,"0"
"11485",360,36000098,16,0,-1.7806,-0.318323308719301,383.1357,"1"
"11486",360,36000143,16,0,-1.5112,-0.0596689323620774,245.2984,"0"
"11487",360,36000189,16,0,-1.4172,0.0305816666638285,359.0498,"0"
"11488",360,36000171,16,0,-0.7363,0.684322441948289,484.4841,"1"
"11489",360,36000409,16,0,-2.6378,-1.14133196281511,373.6424,"0"
"11490",360,36000159,16,0,0.6958,2.05929991923552,412.867,"0"
"11491",360,36000141,16,0,-1.3449,0.0999978188933285,477.1946,"1"
"11492",360,36000340,16,1,-1.0438,0.389087769602905,407.7407,"1"
"11493",360,36000095,16,1,-2.0906,-0.615958262953671,343.7224,"0"
"11494",360,36000053,16,1,-0.5317,0.880761511742973,535.3144,"0"
"11495",360,36000193,16,1,-0.5346,0.877977184751749,319.461,"0"
"11496",360,36000023,16,1,-2.349,-0.864051398999353,433.5663,"0"
"11497",360,36000409,16,0,-2.8922,-1.38558464783842,333.6152,"0"
"11498",360,36000372,16,1,-0.9987,0.432388854880228,275.858,"1"
"11499",360,36000151,16,0,-1.8851,-0.418655091678952,383.6052,"1"
"11500",360,36000245,16,0,-0.0411,1.35179282963775,351.0436,"1"
"11501",360,36000257,16,1,-1.1694,0.268497607500206,341.6246,"1"
"11502",360,36000136,16,1,-3.2386,-1.71816770637644,395.1082,"1"
"11503",360,36000121,17,1,-1.6684,-0.210598657541571,353.1482,"1"
"11504",360,36000176,16,1,-2.3354,-0.850993865523264,316.9877,"1"
"11505",360,36000246,16,1,0.4473,1.82071189947023,299.2652,"0"
"11506",360,36000001,16,0,0.5218,1.89224029976204,456.2066,"1"
"11507",360,36000123,16,0,-1.6984,-0.239402040209413,388.865,"0"
"11508",360,36000261,16,0,-0.233,1.16754719183912,234.4076,"0"
"11509",360,36000211,16,1,-0.9565,0.472905613166327,368.5127,"0"
"11510",360,36000187,16,1,0.456,1.8290648804439,499.2164,"1"
"11511",360,36000410,16,1,-1.3077,0.135714013401453,424.739,"0"
"11512",360,36000364,16,0,-2.0381,-0.565552343284947,350.9156,"0"
"11513",360,36000404,16,1,-3.4598,-1.93054464791399,376.8275,"0"
"11514",360,36000040,16,1,-3.5756,-2.04172570501186,298.8455,"0"
"11515",360,36000145,16,0,-1.2738,0.168261835816115,364.9796,"0"
"11516",360,36000290,16,0,-1.7021,-0.242954457405114,411.4738,"0"
"11517",360,36000294,16,1,-2.3976,-0.910712878921258,412.8865,"1"
"11518",360,36000286,16,0,-1.9998,-0.528780024745669,372.8775,"0"
"11519",360,36000312,17,1,-2.4186,-0.930875246788747,302.1022,"0"
"11520",360,36000116,16,1,-2.4521,-0.963039024101171,292.3324,"0"
"11521",360,36000037,16,1,-0.8593,0.566228573010136,432.3233,"1"
"11522",360,36000117,16,1,-0.4102,0.997415211547735,432.1964,"0"
"11523",360,36000149,16,1,-2.0211,-0.549230426439837,394.3128,"0"
"11524",360,36000106,16,0,-3.4399,-1.91143840407766,328.4654,"1"
"11525",360,36000312,16,1,-1.2388,0.201865782261931,335.7812,"0"
"11526",360,36000326,16,1,-1.0847,0.349819157899081,372.9532,"0"
"11527",360,36000108,16,0,-1.4015,0.045655436926666,350.9139,"0"
"11528",360,36000022,16,1,-1.7167,-0.256972103636797,384.5223,"0"
"11529",360,36000173,16,1,-0.5094,0.902172026192736,412.5249,"0"
"11530",360,36000137,16,0,-3.7527,-2.21176167402769,286.3794,"0"
"11531",360,36000260,16,0,-0.2316,1.16889134969696,344.2649,"1"
"11532",360,36000196,16,1,-1.02,0.41193845318606,358.8471,"0"
"11533",360,36000390,16,1,-1.3805,0.0658178047941556,288.364,"0"
"11534",360,36000047,16,0,-1.3039,0.139362441872713,280.7357,"1"
"11535",360,36000323,16,1,-1.8125,-0.348950905622773,329.175,"0"
"11536",360,36000385,16,0,-1.5339,-0.081463491914078,493.1361,"0"
"11537",360,36000086,16,0,-1.8934,-0.426624027550388,361.9448,"0"
"11538",360,36000025,16,0,-0.7589,0.662623893671848,491.1771,"1"
"11539",360,36000325,16,1,-1.7629,-0.301329312945274,413.5405,"1"
"11540",360,36000058,16,0,-2.1951,-0.716290045913322,371.6017,"1"
"11541",360,36000372,16,0,-2.3507,-0.865683590683864,319.0193,"0"
"11542",360,36000223,16,0,0.5075,1.87851068735703,515.9961,"0"
"11543",360,36000245,16,0,-1.3937,0.0531443164203051,415.147,"1"
"11544",360,36000124,16,0,-1.9507,-0.481638488445967,312.5181,"0"
"11545",360,36000326,16,1,-2.1922,-0.713505718922097,375.1413,"0"
"11546",360,36000234,16,1,-3.0275,-1.51548790367039,294.0818,"1"
"11547",360,36000068,16,0,-1.5448,-0.0919287209500606,375.5259,"0"
"11548",360,36000071,16,0,-2.4855,-0.995106790138035,320.1197,"0"
"11549",360,36000359,16,0,-1.5589,-0.105466310803946,362.1611,"1"
"11550",360,36000282,16,0,-2.0876,-0.613077924686887,379.2243,"0"
"11551",360,36000070,17,1,-0.7455,0.675489404596817,315.1198,"0"
"11552",360,36000114,16,0,-3.1687,-1.65105582476036,306.8307,"0"
"11553",360,36000165,16,0,-1.643,-0.186211793549464,324.7867,"0"
"11554",360,36000253,16,0,-0.5337,0.878841286231784,443.6451,"1"
"11555",360,36000156,16,0,0.3182,1.69676134272295,402.1673,"0"
"11556",360,36000329,16,0,-2.5105,-1.0191096090279,332.4938,"1"
"11557",360,36000028,16,0,-1.4415,0.00725092670287629,344.8297,"0"
"11558",360,36000195,16,1,0.2104,1.59326118766983,508.4525,"0"
"11559",360,36000301,16,1,-2.8588,-1.35351688180155,364.7592,"0"
"11560",360,36000086,16,1,-1.599,-0.143966832303296,436.4533,"0"
"11561",360,36000173,16,1,-2.3714,-0.885557924724675,437.0457,"1"
"11562",360,36000095,16,1,-1.1952,0.243726698405861,376.963,"0"
"11563",360,36000181,16,0,-0.3576,1.04791714249202,516.9378,"1"
"11564",360,36000297,16,1,-2.2915,-0.808844915552655,307.6246,"1"
"11565",360,36000276,16,1,-1.7615,-0.299985155087442,303.4924,"1"
"11566",360,36000155,16,0,-0.843,0.58187841092633,412.4533,"1"
"11567",360,36000280,16,1,0.506,1.87707051822364,465.5004,"0"
"11568",360,36000327,16,1,-0.9271,0.501132928180812,410.7994,"0"
"11569",360,36000285,16,0,-1.6106,-0.155104140268195,395.9169,"0"
"11570",360,36000185,16,1,-1.5654,-0.111707043715312,433.6359,"1"
"11571",360,36000039,16,0,-1.7041,-0.244874682916303,363.6917,"1"
"11572",360,36000335,16,0,-2.5739,-1.07998075773261,380.467,"1"
"11573",360,36000166,16,1,-1.489,-0.0383544291878741,354.784,"0"
"11574",360,36000236,16,1,-2.5137,-1.02218196984581,323.4299,"0"
"11575",360,36000339,16,0,0.22,1.60247827012354,463.9314,"1"
"11576",360,36000334,16,0,-1.8666,-0.400893005700449,453.5048,"1"
"11577",360,36000230,16,0,-0.935,0.493548037411614,417.8555,"0"
"11578",360,36000006,16,0,-1.6623,-0.204741969732443,366.0779,"0"
"11579",360,36000137,16,0,-2.8735,-1.3676305393088,345.9822,"0"
"11580",360,36000203,16,1,0.7844,2.14436590938121,345.3443,"0"
"11581",360,36000236,16,0,-0.9733,0.456775718872335,351.6943,"0"
"11582",360,36000156,16,0,-1.1215,0.314487008493194,404.7031,"1"
"11583",360,36000295,16,1,-2.2058,-0.726563252398186,426.9013,"1"
"11584",360,36000104,16,0,-2.7326,-1.2323506520455,328.6885,"0"
"11585",360,36000121,16,1,-1.886,-0.419519193158987,398.7604,"0"
"11586",360,36000141,16,1,-1.4017,0.0454634143755471,339.0294,"0"
"11587",360,36000268,16,1,-2.3284,-0.844273076234101,335.2275,"0"
"11588",360,36000016,16,1,-0.3278,1.07652850260874,269.5464,"0"
"11589",360,36000155,16,1,-1.7916,-0.328884549030843,332.462,"0"
"11590",360,36000025,16,1,-1.9209,-0.453027128329244,451.7365,"1"
"11591",360,36000157,16,0,-2.6314,-1.13518724117931,337.7079,"0"
"11592",360,36000148,16,0,-2.5349,-1.04253636026442,491.4601,"0"
"11593",360,36000070,16,1,-1.7177,-0.257932216392392,371.0354,"1"
"11594",360,36000380,16,1,-1.0013,0.429892561715682,363.5136,"0"
"11595",360,36000023,16,0,-1.2724,0.169605993673947,484.6367,"0"
"11596",360,36000263,16,1,-0.8367,0.587927121286577,430.097,"1"
"11597",360,36000072,16,0,-0.6008,0.814417720331377,450.8717,"0"
"11598",360,36000064,16,1,-2.5703,-1.07652435181247,322.1907,"1"
"11599",360,36000411,16,0,-2.9754,-1.4654660291039,335.2311,"0"
"11600",360,36000181,16,0,-0.9969,0.434117057840299,398.1994,"0"
"11601",360,36000175,16,0,-1.2448,0.196105105728362,342.3144,"0"
"11602",360,36000081,16,1,-1.4549,-0.00561458422209334,328.0194,"0"
"11603",360,36000270,16,0,-1.9566,-0.487303153703976,302.0719,"0"
"11604",360,36000207,16,1,-1.4732,-0.0231846476494771,306.16,"0"
"11605",360,36000263,16,0,-1.2816,0.160772956322476,521.1514,"1"
"11606",360,36000133,16,0,-0.3807,1.02573853783778,261.0306,"0"
"11607",360,36000010,16,0,-2.5739,-1.07998075773261,263.3811,"0"
"11608",360,36000409,16,1,-1.6088,-0.153375937308124,384.7217,"0"
"11609",360,36000205,16,1,-1.4212,0.0267412156414496,495.6312,"1"
"11610",360,36000353,16,0,-0.2407,1.16015432362104,370.5058,"0"
"11611",360,36000278,16,0,-2.9776,-1.46757827716621,380.8118,"0"
"11612",360,36000051,16,1,-3.0472,-1.5344021249556,307.2829,"0"
"11613",360,36000052,16,1,-0.4132,0.99453487328095,429.2359,"0"
"11614",360,36000083,16,0,-1.5159,-0.0641814623133726,313.1154,"0"
"11615",360,36000326,16,0,-1.9197,-0.45187499302253,304.4936,"0"
"11616",360,36000118,16,1,-3.0441,-1.53142577541326,366.9362,"0"
"11617",360,36000384,16,1,-1.705,-0.245738784396339,377.6948,"0"
"11618",360,36000348,16,1,-0.4646,0.945185077643381,296.3823,"0"
"11619",360,36000058,16,1,0.2353,1.61716799528414,307.0958,"0"
"11620",360,36000313,16,0,-1.0628,0.370845627246605,364.6675,"1"
"11621",360,36000244,16,1,-1.5409,-0.0881842812032411,396.3608,"0"
"11622",360,36000249,16,1,-0.6015,0.81374564140246,465.5698,"1"
"11623",360,36000017,16,0,-1.8367,-0.372185634308166,402.1425,"0"
"11624",360,36000343,16,0,-4.1106,-2.55538602925505,318.7915,"0"
"11625",360,36000131,16,1,-1.5081,-0.0566925828197336,334.3337,"0"
"11626",360,36000176,16,1,-1.1465,0.290484189603325,345.494,"0"
"11627",360,36000204,16,0,-1.554,-0.100761758301532,396.3495,"0"
"11628",360,36000116,16,1,-0.2388,1.16197853785667,322.1993,"1"
"11629",360,36000329,16,0,-2.6679,-1.17023135675852,311.0395,"0"
"11630",360,36000345,16,0,-1.4845,-0.0340339217876976,396.454,"1"
"11631",360,36000158,16,1,-1.712,-0.252459573685502,216.833,"0"
"11632",360,36000159,16,0,-0.5496,0.863575493417827,459.6211,"0"
"11633",360,36000132,16,1,-1.6245,-0.168449707570962,364.916,"0"
"11634",360,36000403,16,1,-1.3093,0.134177832992501,454.2236,"1"
"11635",360,36000398,16,1,-1.0507,0.382462991589302,452.554,"0"
"11636",360,36000239,16,0,-1.5112,-0.0596689323620774,359.3839,"1"
"11637",360,36000223,16,1,0.1936,1.57713129337584,480.1175,"1"
"11638",360,36000231,16,1,-1.1714,0.266577381989016,290.473,"1"
"11639",360,36000370,16,1,-1.5557,-0.102393949986043,386.2504,"0"
"11640",360,36000385,16,1,-1.5339,-0.081463491914078,553.6837,"0"
"11641",360,36000205,16,1,0.4464,1.81984779799019,545.4594,"0"
"11642",360,36000290,16,1,0.0333,1.423225218654,378.0992,"0"
"11643",360,36000390,16,0,-3.611,-2.07571369655992,353.6847,"0"
"11644",360,36000076,16,0,-1.8302,-0.3659449013968,358.2305,"0"
"11645",360,36000059,16,1,-2.7536,-1.25251301991299,367.7314,"0"
"11646",360,36000373,16,1,-1.4349,0.0135876708898015,369.02,"1"
"11647",360,36000293,16,0,-2.1863,-0.707841053664088,361.2158,"0"
"11648",360,36000149,16,0,-2.7304,-1.23023840398319,315.7802,"0"
"11649",360,36000049,16,1,0.1174,1.50397070139952,394.1131,"0"
"11650",360,36000276,16,0,-1.4959,-0.0449792072014777,409.8766,"0"
"11651",360,36000057,16,0,-1.6196,-0.163745155068547,352.5322,"1"
"11652",360,36000132,16,0,-1.5653,-0.111611032439753,323.8202,"0"
"11653",360,36000259,16,1,-2.1688,-0.69103908044118,317.9009,"0"
"11654",360,36000358,16,0,-2.5355,-1.04311242791777,372.1071,"1"
"11655",360,36000075,16,1,-0.5087,0.902844105121652,335.8716,"0"
"11656",360,36000198,16,1,-1.8144,-0.350775119858403,330.5028,"0"
"11657",360,36000188,16,0,-2.6394,-1.14286814322407,318.7372,"1"
"11658",360,36000307,16,0,-2.2525,-0.77140051808446,390.7836,"0"
"11659",360,36000195,16,0,0.014,1.40469504247102,456.7711,"1"
"11660",360,36000159,16,0,1.0724,2.4208783829925,416.9573,"0"
"11661",360,36000217,16,1,-1.3294,0.114879566605047,311.7673,"0"
"11662",360,36000076,16,1,-1.7593,-0.297872907025133,325.9065,"0"
"11663",360,36000024,16,1,-2.3991,-0.912153048054649,435.5733,"0"
"11664",360,36000211,16,0,-2.4529,-0.963807114305647,373.2781,"0"
"11665",360,36000313,16,1,-0.5217,0.890362639298921,298.0869,"0"
"11666",360,36000200,16,1,-1.3855,0.0610172410161819,310.4672,"0"
"11667",360,36000270,16,0,-3.2555,-1.73439361194599,382.0531,"0"
"11668",360,36000001,16,1,-1.9951,-0.524267494794374,301.2433,"1"
"11669",360,36000198,16,1,-1.6325,-0.17613060961572,369.0173,"1"
"11670",360,36000345,16,0,-2.8778,-1.37175902415785,432.8347,"0"
"11671",360,36000314,16,0,-1.9081,-0.440737685057631,441.4837,"0"
"11672",360,36000205,16,0,0.4117,1.78653188537105,522.671,"0"
"11673",360,36000253,16,0,0.4204,1.79488486634473,514.0839,"1"
"11674",360,36000247,16,1,-1.5339,-0.081463491914078,394.2716,"0"
"11675",360,36000201,16,0,-2.1952,-0.716386057188881,330.8134,"0"
"11676",360,36000075,16,0,0.1194,1.50589092691071,385.0225,"0"
"11677",360,36000161,16,1,-0.754,0.667328446174262,342.1572,"0"
"11678",360,36000179,16,0,-1.988,-0.517450694229651,413.6252,"0"
"11679",360,36000149,16,1,-1.4582,-0.00878295631555585,370.7402,"1"
"11680",360,36000156,16,0,-0.3138,1.08997008118707,445.1632,"1"
"11681",360,36000075,16,1,-2.2473,-0.766407931755368,371.0161,"1"
"11682",360,36000340,16,0,-1.3697,0.0761870225545789,555.1414,"1"
"11683",360,36000041,16,0,-2.5114,-1.01997371050794,366.6593,"0"
"11684",360,36000174,16,1,-0.176,1.22227361890802,415.5876,"1"
"11685",360,36000065,16,0,-1.1058,0.329560778756032,397.4917,"1"
"11686",360,36000287,16,0,-0.3854,1.02122600788648,452.4714,"0"
"11687",360,36000299,16,1,-2.2884,-0.805868566010312,436.4489,"1"
"11688",360,36000284,16,0,-0.1874,1.21132833349424,479.7828,"1"
"11689",360,36000286,16,1,-0.2973,1.10581194165438,302.4275,"0"
"11690",360,36000002,16,1,-1.9287,-0.460516007822883,309.5025,"0"
"11691",360,36000305,16,0,-2.7712,-1.26941100441145,319.7252,"0"
"11692",360,36000392,16,0,-0.6386,0.778125458169895,430.4724,"0"
"11693",360,36000066,16,1,-1.4744,-0.0243367829561907,454.2927,"0"
"11694",360,36000044,16,1,-0.3688,1.03716387962936,462.3674,"1"
"11695",360,36000121,16,1,1.0271,2.37738527516406,364.1973,"0"
"11696",360,36000403,16,0,-2.6814,-1.18319287895905,350.7921,"0"
"11697",360,36000001,16,1,-0.7883,0.634396578657362,538.1591,"0"
"11698",360,36000064,16,0,-1.3401,0.104606360120183,343.3842,"1"
"11699",360,36000217,1,1,3.9676,5.2005968329904,316.5146,"0"
"11700",360,36000142,16,0,-1.4483,0.00072215996483212,318.8838,"0"
"11701",360,36000211,16,0,-2.8176,-1.31396023627105,338.512,"0"
"11702",360,36000096,16,1,-1.9241,-0.456099489147147,346.2501,"0"
"11703",360,36000368,16,0,-2.7252,-1.2252458176541,348.798,"0"
"11704",360,36000399,16,0,-1.2137,0.225964612427359,331.8222,"0"
"11705",360,36000011,16,0,-1.7134,-0.253803731543334,384.0124,"0"
"11706",360,36000147,16,1,-1.1202,0.315735155075467,370.4957,"0"
"11707",360,36000159,16,0,0.7484,2.1098018501798,503.9634,"0"
"11708",360,36000167,16,1,-2.6687,-1.17099944696299,358.9681,"0"
"11709",360,36000127,16,1,-0.3597,1.04590090570527,278.9465,"0"
"11710",360,36000284,16,0,-1.4354,0.0131076145120042,367.1871,"0"
"11711",360,36000129,16,1,0.3267,1.7049223011455,372.4583,"0"
"11712",360,36000137,16,1,-1.6223,-0.166337459508653,291.0322,"0"
"11713",360,36000344,16,1,0.1083,1.49523367532361,301.1819,"1"
"11714",360,36000269,16,1,-1.7733,-0.311314485603459,372.818,"0"
"11715",360,36000222,16,1,-1.2117,0.227884837938548,372.5829,"0"
"11716",360,36000027,16,1,-0.8193,0.604633083233925,406.786,"0"
"11717",360,36000042,16,0,-0.6736,0.744521511724079,391.5482,"0"
"11718",360,36000229,16,1,-1.8559,-0.390619799215585,294.1769,"0"
"11719",360,36000112,16,1,-1.9172,-0.449474711133543,439.4439,"0"
"11720",360,36000278,16,1,-2.4413,-0.952669806340748,410.5558,"0"
"11721",360,36000358,16,0,-1.6662,-0.208486409479262,319.2444,"0"
"11722",360,36000303,16,1,-1.4319,0.0164680091565859,454.5042,"0"
"11723",360,36000219,16,1,-4.2057,-2.64669275231211,324.1044,"0"
"11724",360,36000280,16,0,0.0398,1.42946595156537,377.6218,"0"
"11725",360,36000235,16,1,-1.1417,0.29509273083018,364.9043,"0"
"11726",360,36000068,16,1,-1.0637,0.36998152576657,362.7006,"1"
"11727",360,36000078,16,0,-2.6811,-1.18290484513237,335.525,"0"
"11728",360,36000208,16,0,-2.8191,-1.31540040540444,440.0988,"1"
"11729",360,36000156,16,0,-1.2629,0.178727064852097,447.3442,"0"
"11730",360,36000269,16,1,-1.9505,-0.481446465894848,470.2383,"1"
"11731",360,36000087,16,0,-1.2264,0.213771180431306,311.6201,"1"
"11732",360,36000220,16,1,-1.2549,0.186407966896855,375.7869,"1"
"11733",360,36000217,16,0,-0.6927,0.72618335809222,302.9108,"0"
"11734",360,36000346,16,0,-2.6097,-1.1143527943829,327.8242,"1"
"11735",360,36000024,16,1,-0.8511,0.574101497606013,327.6806,"1"
"11736",360,36000165,16,0,-2.3326,-0.848305549807599,324.5694,"0"
"11737",360,36000085,16,0,-2.653,-1.15592567670015,322.676,"0"
"11738",360,36000247,16,0,-1.5339,-0.081463491914078,473.2435,"0"
"11739",360,36000285,16,0,-1.4476,0.00139423889374837,445.5549,"1"
"11740",360,36000056,16,0,-0.2561,1.14536858718488,329.549,"1"
"11741",360,36000233,16,0,-1.5045,-0.0532361768995925,414.2401,"1"
"11742",360,36000257,16,1,-1.5162,-0.064469496140051,366.5559,"1"
"11743",360,36000129,16,0,-1.7377,-0.277134471504287,401.2949,"0"
"11744",360,36000278,16,0,-3.1776,-1.65960082828516,408.1952,"0"
"11745",360,36000411,16,0,-4.0276,-2.47569667054069,384.9386,"0"
"11746",360,36000210,16,0,-2.707,-1.20777176550227,325.0265,"1"
"11747",360,36000122,16,0,-0.491,0.919838100895679,505.2474,"1"
"11748",360,36000090,16,1,-0.2648,1.13701560621121,395.8173,"0"
"11749",360,36000031,16,0,-2.2543,-0.773128721044531,317.8348,"0"
"11750",360,36000156,16,0,-1.9731,-0.503145014171289,436.4444,"1"
"11751",360,36000104,16,1,-2.065,-0.591379376410446,282.9154,"0"
"11752",360,36000246,16,0,-0.6314,0.785038270010178,431.4516,"1"
"11753",360,36000019,16,0,-0.5609,0.852726219279607,382.8261,"0"
"11754",360,36000385,16,0,-1.5339,-0.081463491914078,541.3583,"0"
"11755",360,36000232,16,1,-1.0432,0.389663837256262,250.4957,"1"
"11756",360,36000292,16,0,0.7549,2.11604258309117,438.0502,"0"
"11757",360,36000190,16,1,0.7462,2.1076896021175,448.5925,"0"
"11758",360,36000195,16,1,-0.5299,0.882489714703044,468.7798,"1"
"11759",360,36000302,16,1,0.6862,2.05008283678181,407.5004,"0"
"11760",360,36000104,16,1,-2.0866,-0.612117811931292,294.651,"0"
"11761",360,36000212,16,1,-0.9688,0.461096226272511,324.521,"0"
"11762",360,36000264,16,0,0.2071,1.59009281557637,308.0117,"0"
"11763",360,36000158,16,1,-1.6959,-0.237001758320426,326.0601,"0"
"11764",360,36000137,16,1,0.1836,1.56753016581989,348.4016,"0"
"11765",360,36000333,16,0,-3.2948,-1.77212604324086,334.837,"1"
"11766",360,36000234,16,1,-1.3358,0.108734844969241,418.126,"0"
"11767",360,36000253,16,0,0.6297,1.99583646609071,458.6454,"1"
"11768",360,36000156,16,0,-0.5249,0.887290278481018,382.7577,"0"
"11769",360,36000025,16,1,-0.4805,0.929919284829424,381.8513,"1"
"11770",360,36000375,16,1,-0.8431,0.58178239965077,352.148,"0"
"11771",360,36000089,16,0,-3.0834,-1.56915820670813,381.4147,"0"
"11772",360,36000029,16,0,0.2322,1.6141916457418,389.0668,"1"
"11773",360,36000022,16,1,-2.0438,-0.571024985991837,436.101,"1"
"11774",360,36000184,16,1,-2.5277,-1.03562354842413,358.1976,"0"
"11775",360,36000380,16,1,-1.5166,-0.0648535412422888,454.4683,"1"
"11776",360,36000028,16,0,-0.9326,0.495852308025041,406.2952,"0"
"11777",360,36000355,16,1,-2.284,-0.801644069885694,300.211,"1"
"11778",360,36000364,16,1,-1.9327,-0.464356458845261,229.9801,"1"
"11779",360,36000386,16,1,-1.6541,-0.196869045136566,366.2928,"0"
"11780",360,36000408,16,0,-3.0713,-1.55754084236544,353.4072,"1"
"11781",360,36000288,16,0,-1.22,0.219915902067112,480.9461,"1"
"11782",360,36000157,16,1,-1.8538,-0.388603562428836,350.2512,"0"
"11783",360,36000234,16,0,-0.4043,1.00307987680574,380.4581,"0"
"11784",360,36000237,16,1,-1.4448,0.00408255460941356,422.0109,"1"
"11785",360,36000110,16,0,-2.4871,-0.996642970546987,284.3917,"0"
"11786",360,36000319,16,1,-0.3825,1.02401033487771,502.1282,"1"
"11787",360,36000395,16,0,-2.9808,-1.47065063798411,436.9895,"0"
"11788",360,36000019,16,1,-2.1988,-0.719842463109022,342.8823,"0"
"11789",360,36000384,16,0,-2.3767,-0.890646522329327,375.0712,"1"
"11790",360,36000246,16,0,-1.8839,-0.417502956372238,332.6631,"0"
"11791",360,36000414,16,0,-1.1392,0.297493012719167,461.5598,"1"
"11792",360,36000207,16,0,-2.2211,-0.741252977558785,380.9405,"0"
"11793",360,36000392,16,1,-3.0719,-1.55811691001879,385.3714,"0"
"11794",360,36000323,16,1,-0.5807,0.833715986718831,311.5901,"1"
"11795",360,36000342,16,1,-1.0694,0.36450888305968,366.5786,"0"
"11796",360,36000314,16,1,-1.5256,-0.0734945560426416,326.3639,"0"
"11797",360,36000223,16,0,0.0897,1.47737557806955,420.1997,"0"
"11798",360,36000216,16,0,-1.9858,-0.515338446167342,327.1341,"0"
"11799",360,36000239,16,1,-1.2949,0.148003456673066,340.4395,"0"
"11800",360,36000028,16,0,-0.5954,0.819602329211588,445.0227,"1"
"11801",360,36000264,16,1,-1.5862,-0.131677389031683,300.0867,"0"
"11802",360,36000395,16,1,-2.5997,-1.10475166682695,345.8835,"0"
"11803",360,36000244,16,0,0.1257,1.51193963727096,434.9736,"0"
"11804",360,36000033,16,0,-1.7815,-0.319187410199336,405.0383,"0"
"11805",360,36000190,16,0,0.6103,1.97721027863217,535.7973,"1"
"11806",360,36000057,16,1,-2.3489,-0.863955387723793,360.5876,"1"
"11807",360,36000358,16,1,-0.2344,1.16620303398129,373.426,"1"
"11808",360,36000201,16,1,-2.0642,-0.59061128620597,331.9288,"0"
"11809",360,36000372,16,0,-3.0977,-1.58288781911314,278.6721,"1"
"11810",360,36000024,16,1,-2.4792,-0.989058079777788,350.1638,"0"
"11811",360,36000404,16,1,-3.8146,-2.27119265359901,342.7873,"0"
"11812",360,36000410,16,1,-1.0527,0.380542766078112,393.1012,"0"
"11813",360,36000315,16,0,1.0031,2.35434256902979,418.6615,"1"
"11814",360,36000304,16,0,-2.345,-0.860210947976974,311.6106,"0"
"11815",360,36000372,16,0,-2.0778,-0.603668819682058,354.4568,"0"
"11816",360,36000204,16,0,-2.3222,-0.838320377149414,362.3024,"0"
"11817",360,36000236,16,1,0.1608,1.54563959499233,373.902,"0"
"11818",360,36000213,16,1,-0.6671,0.750762244635445,358.4279,"1"
"11819",360,36000200,16,1,-2.6361,-1.1396997711306,426.517,"0"
"11820",360,36000140,16,0,-1.3646,0.081083597608112,395.1756,"1"
"11821",360,36000198,16,1,-2.4453,-0.956510257363127,387.2545,"0"
"11822",360,36000321,16,1,-2.498,-1.00710819958297,324.8368,"0"
"11823",360,36000101,16,0,0.0654,1.45404483810859,389.8426,"1"
"11824",360,36000288,16,0,-0.6403,0.776493266485384,371.962,"1"
"11825",360,36000364,16,1,-2.7148,-1.21526064499591,357.7505,"0"
"11826",360,36000224,16,0,-1.7215,-0.261580644863652,434.423,"0"
"11827",360,36000230,16,0,-1.9519,-0.48279062375268,424.9561,"1"
"11828",360,36000095,16,0,-2.2555,-0.774280856351244,376.9041,"1"
"11829",360,36000165,16,0,-1.1367,0.299893294608154,322.3204,"0"
"11830",360,36000136,16,0,-2.5488,-1.05588192756718,384.5012,"0"
"11831",360,36000184,16,1,-2.8441,-1.33940322429431,312.4258,"0"
"11832",360,36000319,16,1,0.1532,1.53834273804981,449.6115,"1"
"11833",360,36000325,16,1,-1.0043,0.427012223448898,421.0674,"0"
"11834",360,36000042,16,1,0.7332,2.09520813629476,385.8701,"0"
"11835",360,36000238,16,1,-0.538,0.874712801382726,516.5797,"0"
"11836",360,36000031,16,1,-3.5657,-2.03222058873148,338.7003,"0"
"11837",360,36000007,16,0,-2.1542,-0.677021434209497,334.4788,"0"
"11838",360,36000190,16,1,-1.998,-0.527051821785598,496.9952,"0"
"11839",360,36000164,16,1,-1.7606,-0.299121053607406,426.5377,"1"
"11840",360,36000413,16,1,-0.6961,0.722918974723198,354.8672,"0"
"11841",360,36000227,16,0,0.7928,2.15243085652821,506.5913,"1"
"11842",360,36000297,16,1,-1.1246,0.31151065895085,342.5846,"0"
"11843",360,36000256,16,0,-1.5318,-0.079447255127329,414.8879,"0"
"11844",360,36000173,16,1,-1.7887,-0.326100222039618,412.5376,"0"
"11845",360,36000041,16,0,-2.3014,-0.818350031833043,409.6739,"0"
"11846",360,36000128,16,1,-1.6058,-0.15049559904134,369.1434,"0"
"11847",360,36000101,16,1,-1.2119,0.227692815387429,380.4768,"0"
"11848",360,36000226,16,0,-1.3541,0.0911647815418568,461.3714,"0"
"11849",360,36000037,16,1,-2.2805,-0.798283675241113,341.2192,"0"
"11850",360,36000372,16,0,-1.8743,-0.408285873918528,342.2919,"0"
"11851",360,36000116,16,1,-1.8452,-0.380346592730721,366.6408,"1"
"11852",360,36000157,16,0,-3.1158,-1.6002658599894,317.054,"1"
"11853",360,36000294,16,0,-3.111,-1.59565731876255,407.2063,"0"
"11854",360,36000291,16,1,0.4506,1.82388027156369,452.5956,"1"
"11855",360,36000358,16,1,-3.0815,-1.5673339924725,414.3165,"0"
"11856",360,36000331,16,1,-0.2274,1.17292382327045,438.519,"1"
"11857",360,36000079,16,1,-1.9279,-0.459747917618407,305.9419,"1"
"11858",360,36000098,16,1,-1.7709,-0.309010214990032,323.001,"1"
"11859",360,36000091,16,1,-2.576,-1.08199699451936,388.6412,"0"
"11860",360,36000164,16,1,-3.0391,-1.52662521163528,403.3805,"1"
"11861",360,36000371,16,0,-1.0412,0.391584062767452,375.2766,"0"
"11862",360,36000078,16,0,-1.7986,-0.335605338320006,460.6445,"0"
"11863",360,36000297,16,1,-3.3765,-1.85056725537295,338.1137,"0"
"11864",360,36000204,16,1,-1.5913,-0.136573964085216,325.6495,"1"
"11865",360,36000131,16,0,-2.0001,-0.529068058572347,410.1488,"0"
"11866",360,36000335,16,1,-1.1096,0.325912350284772,273.5411,"0"
"11867",360,36000323,16,1,-1.8887,-0.422111497599093,389.7553,"0"
"11868",360,36000040,16,0,-1.9735,-0.503529059273527,313.1167,"0"
"11869",360,36000130,16,0,-2.3362,-0.85176195572774,366.0633,"0"
"11870",360,36000116,16,1,-2.1979,-0.718978361628987,315.2614,"1"
"11871",360,36000100,16,1,-0.9231,0.504973379203191,327.4883,"0"
"11872",360,36000015,16,0,-2.7284,-1.228318178472,303.5988,"0"
"11873",360,36000108,16,1,-2.45,-0.961022787314422,322.9008,"0"
"11874",360,36000007,16,0,-2.7893,-1.28678904528772,412.5043,"1"
"11875",360,36000267,16,0,-1.4243,0.023764866099106,493.9125,"1"
"11876",360,36000311,16,0,-3.9126,-2.36528370364729,338.6652,"0"
"11877",360,36000103,16,1,-2.1495,-0.672508904258202,372.1536,"1"
"11878",360,36000003,16,1,-0.9227,0.505357424305429,333.7324,"1"
"11879",360,36000171,16,1,-1.2215,0.21847573293372,381.5986,"1"
"11880",360,36000100,16,1,-1.5339,-0.081463491914078,307.6601,"0"
"11881",360,36000092,16,0,-0.5033,0.908028714001864,403.0149,"1"
"11882",360,36000069,16,1,-1.007,0.424419919008792,479.3319,"1"
"11883",360,36000300,16,0,0.2496,1.63089760768915,372.0627,"1"
"11884",360,36000282,16,0,-1.9373,-0.468772977520997,317.9187,"0"
"11885",360,36000250,16,1,-0.9091,0.518414957781517,306.3858,"0"
"11886",360,36000040,16,1,-2.4139,-0.926362716837452,353.8085,"0"
"11887",360,36000211,16,0,-3.4281,-1.90010907356164,305.1238,"0"
"11888",360,36000187,16,1,0.1612,1.54602364009457,441.4685,"0"
"11889",360,36000046,16,0,-2.767,-1.26537853083796,336.7014,"1"
"11890",360,36000173,16,0,-1.9729,-0.50295299162017,297.5974,"0"
"11891",360,36000305,16,0,-0.4478,0.961314971937372,268.7528,"0"
"11892",360,36000387,16,0,-0.6112,0.804432547673191,438.8833,"0"
"11893",360,36000106,16,1,-1.2771,0.165093463722652,297.929,"1"
"11894",360,36000342,16,1,-0.146,1.25107700157587,425.7376,"1"
"11895",360,36000201,16,0,-2.4543,-0.965151272163479,368.4977,"0"
"11896",360,36000181,16,0,0.2603,1.64117081417401,495.5455,"1"
"11897",360,36000260,16,0,-0.7871,0.635548713964076,462.754,"0"
"11898",360,36000398,16,1,-0.7069,0.712549756962774,529.9398,"1"
"11899",360,36000383,16,0,-2.0096,-0.538189129750497,396.163,"0"
"11900",360,36000346,16,1,-2.6269,-1.13086673377913,227.7574,"0"
"11901",360,36000027,16,1,-2.7645,-1.26297824894897,423.7183,"1"
"11902",360,36000034,16,1,-2.2135,-0.733956120616265,357.6665,"0"
"11903",360,36000095,16,1,0.0435,1.43301836876107,381.854,"0"
"11904",360,36000059,16,1,-1.6648,-0.20714225162143,443.0747,"0"
"11905",360,36000207,16,1,-1.9504,-0.481350454619288,369.8063,"0"
"11906",360,36000156,16,0,0.6423,2.0079338868112,365.9807,"0"
"11907",360,36000190,16,1,-0.9301,0.498252589914028,406.7773,"1"
"11908",360,36000334,16,0,-1.9232,-0.455235387667111,384.2426,"1"
"11909",360,36000200,16,1,-1.7159,-0.256204013432321,424.0713,"0"
"11910",360,36000288,16,1,0.2737,1.65403632509898,289.0614,"0"
"11911",360,36000073,16,1,-1.0466,0.38639945388724,423.1649,"0"
"11912",360,36000396,16,1,-1.2609,0.180647290363287,404.4246,"0"
"11913",360,36000383,16,0,-1.8557,-0.390427776664466,398.2564,"1"
"11914",360,36000080,16,0,0.3555,1.73257354850663,386.0761,"0"
"11915",360,36000337,16,1,-1.0984,0.336665613147433,384.2099,"1"
"11916",360,36000392,16,0,-2.8814,-1.37521543007799,354.3101,"0"
"11917",360,36000031,16,0,-1.5253,-0.0732065222159633,346.7692,"0"
"11918",360,36000183,16,0,-1.8642,-0.398588735087022,281.7999,"1"
"11919",360,36000343,16,0,-2.101,-0.625943435611857,358.6472,"0"
"11920",360,36000197,16,1,-1.1978,0.241230405241315,382.6374,"0"
"11921",360,36000107,16,0,-2.5182,-1.02650247724598,378.8189,"1"
"11922",360,36000101,16,0,-2.1241,-0.648122040266095,416.9748,"1"
"11923",360,36000027,16,1,-0.8723,0.553747107187404,354.4091,"0"
"11924",360,36000005,16,1,-0.8299,0.594455888024621,393.1527,"0"
"11925",360,36000026,17,0,-2.0517,-0.578609876761036,376.3951,"0"
"11926",360,36000077,16,0,-3.0903,-1.57578298472174,388.9229,"0"
"11927",360,36000375,16,1,-2.2972,-0.814317558259545,304.0165,"0"
"11928",360,36000147,16,0,-0.7738,0.648318213613486,363.5741,"0"
"11929",360,36000046,16,0,-2.7336,-1.23331076480109,295.6648,"0"
"11930",360,36000385,16,1,-1.5339,-0.081463491914078,527.7788,"0"
"11931",360,36000330,16,1,-0.9455,0.483466853477869,424.5356,"1"
"11932",360,36000100,16,0,-2.5947,-1.09995110304898,383.4814,"1"
"11933",360,36000205,16,0,-0.3379,1.06683136377723,458.4366,"0"
"11934",360,36000048,16,1,-0.9032,0.524079623039526,352.9682,"0"
"11935",360,36000314,16,0,-1.0954,0.339545951414217,380.4832,"0"
"11936",360,36000122,16,1,0.2771,1.657300708468,531.7484,"1"
"11937",360,36000111,16,1,0.4878,1.85959646607181,434.2835,"1"
"11938",360,36000260,16,1,-1.0417,0.391104006389654,416.2022,"1"
"11939",360,36000221,16,1,-2.7072,-1.20796378805339,385.6896,"0"
"11940",360,36000380,16,1,0.0551,1.44415567672597,408.8583,"1"
"11941",360,36000048,16,1,-2.4792,-0.989058079777788,458.5296,"1"
"11942",360,36000367,16,1,-2.1044,-0.629207818980879,352.7266,"1"
"11943",360,36000152,16,1,0.3491,1.72642882687082,360.0629,"0"
"11944",360,36000387,16,0,-2.7765,-1.27449960201611,459.4365,"0"
"11945",360,36000140,16,1,-1.5432,-0.090392540541109,298.9697,"1"
"11946",360,36000317,16,1,-1.5516,-0.098457487688105,295.7632,"0"
"11947",360,36000318,16,1,-2.8321,-1.32788187122717,471.4841,"1"
"11948",360,36000076,16,0,-1.3148,0.12889721283673,390.1989,"1"
"11949",360,36000223,16,1,1.2848,2.62480633228082,281.2328,"1"
"11950",360,36000149,16,0,-1.5431,-0.0902965292655495,368.3999,"0"
"11951",360,36000385,16,0,-1.5339,-0.081463491914078,523.0013,"0"
"11952",360,36000019,16,1,-1.6579,-0.200517473607826,411.3152,"0"
"11953",360,36000108,16,1,-1.7775,-0.315346959176957,353.6291,"1"
"11954",360,36000052,16,0,-1.5393,-0.0866481007942895,322.2261,"0"
"11955",360,36000122,16,1,-0.1322,1.26432655760307,560.716,"1"
"11956",360,36000258,16,1,-1.8125,-0.348950905622773,419.6763,"0"
"11957",360,36000297,16,1,-3.0207,-1.50895913693234,319.1277,"0"
"11958",360,36000103,16,1,-1.678,-0.21981573999528,348.0153,"0"
"11959",360,36000351,16,0,-0.2026,1.1967346196092,466.5113,"0"
"11960",360,36000138,16,1,-2.8887,-1.38222425319384,321.1764,"0"
"11961",360,36000085,16,0,-1.3124,0.131201483450158,330.0825,"0"
"11962",360,36000251,16,0,-0.0275,1.36485036311384,327.8474,"0"
"11963",360,36000270,16,0,-0.1423,1.25462941877157,335.5294,"1"
"11964",360,36000394,16,1,-1.4087,0.0387426250863838,342.6077,"1"
"11965",360,36000048,16,1,-1.2251,0.215019327013579,396.8175,"0"
"11966",360,36000320,16,0,-1.4481,0.00091418251595104,333.4494,"1"
"11967",360,36000065,16,0,-0.115,1.2808404969993,361.027,"1"
"11968",360,36000412,16,1,-3.1557,-1.63857435893763,337.0184,"0"
"11969",360,36000176,16,1,-1.2284,0.211850954920116,363.6448,"0"
"11970",360,36000406,16,0,-1.609,-0.153567959859243,395.6736,"0"
"11971",360,36000249,16,0,-1.8509,-0.385819235437611,385.5542,"0"
"11972",360,36000229,16,0,-2.6139,-1.1183852679564,318.8642,"0"
"11973",360,36000113,16,0,-0.6983,0.720806726660889,302.6288,"0"
"11974",360,36000079,16,0,-1.5903,-0.135613851329622,358.985,"0"
"11975",360,36000192,17,1,-0.1591,1.23849952447757,311.5062,"0"
"11976",360,36000187,16,1,1.2972,2.6367117304502,390.9964,"0"
"11977",360,36000301,16,0,-1.8443,-0.379482491250686,347.3254,"0"
"11978",360,36000203,16,1,-0.6798,0.738568812639392,455.369,"1"
"11979",360,36000297,16,0,-1.4548,-0.00551857294653387,316.3191,"1"
"11980",360,36000272,16,1,-2.6281,-1.13201886908585,483.932,"1"
"11981",360,36000246,16,0,-0.286,1.1166612157926,329.378,"0"
"11982",360,36000007,16,0,-2.3097,-0.826318967704479,390.0534,"1"
"11983",360,36000027,16,1,-1.3538,0.0914528153685353,362.0984,"0"
"11984",360,36000097,16,1,0.3188,1.6973374103763,365.758,"0"
"11985",360,36000189,16,1,0.6701,2.03462502141674,335.6825,"0"
"11986",360,36000196,16,0,-1.76,-0.298544985954049,335.4686,"1"
"11987",360,36000394,16,1,-0.8725,0.553555084636285,417.1817,"1"
"11988",360,36000026,16,1,-0.8743,0.551826881676215,360.7474,"0"
"11989",360,36000269,16,1,-1.86,-0.394556261513524,432.199,"1"
"11990",360,36000144,16,0,-2.1764,-0.6983359373837,400.5947,"1"
"11991",360,36000282,16,0,-2.4902,-0.999619320089331,367.8986,"0"
"11992",360,36000319,16,0,-0.7081,0.711397621656061,432.1309,"0"
"11993",360,36000327,16,1,-2.7349,-1.23455891138336,357.5799,"1"
"11994",360,36000220,16,1,-0.9353,0.493260003584935,391.4547,"0"
"11995",360,36000301,16,0,-2.1722,-0.694303463810202,383.5796,"1"
"11996",360,36000189,16,0,-0.2523,1.14901701565614,348.2021,"0"
"11997",360,36000122,16,0,0.0281,1.41823263232491,510.0015,"1"
"11998",360,36000290,16,1,-1.0631,0.370557593419927,372.1137,"1"
"11999",360,36000246,16,0,-1.3614,0.0841559584260153,411.5406,"1"
"12000",360,36000172,16,1,-0.2467,1.15439364708748,303.8094,"0"
"12001",360,36000066,16,0,-1.2417,0.199081455270706,424.8929,"1"
"12002",360,36000102,16,0,-1.5399,-0.0872241684476465,402.374,"0"
"12003",360,36000195,16,1,0.1076,1.49456159639469,447.6712,"1"
"12004",360,36000108,16,0,-0.953,0.476266007810908,399.3418,"0"
"12005",360,36000345,16,0,-1.8884,-0.421823463772414,355.4237,"0"
"12006",360,36000341,16,0,-0.4839,0.926654901460402,303.5396,"1"
"12007",360,36000077,16,1,-3.2347,-1.71442326662962,283.6757,"0"
"12008",360,36000149,16,1,-2.2076,-0.728291455358256,366.2561,"1"
"12009",360,36000215,16,1,-1.7807,-0.31841931999486,336.6896,"1"
"12010",360,36000094,16,1,-1.6735,-0.215495232595104,461.497,"0"
"12011",360,36000108,16,0,-2.3241,-0.840144591385044,374.396,"0"
"12012",360,36000260,16,0,0.0285,1.41861667742715,410.226,"0"
"12013",360,36000331,16,1,-1.7575,-0.296144704065062,505.6493,"1"
"12014",360,36000048,16,1,0.0281,1.41823263232491,428.2689,"1"
"12015",360,36000099,16,0,1.0508,2.40013994747165,325.458,"0"
"12016",360,36000207,16,0,-1.6834,-0.225000348875492,310.3155,"1"
"12017",360,36000279,16,0,-0.6276,0.788686698481437,386.9464,"0"
"12018",360,36000110,16,1,-1.0489,0.384191194549372,309.6674,"0"
"12019",360,36000299,16,1,-0.4043,1.00307987680574,400.8191,"1"
"12020",360,36000341,16,0,0.2455,1.62696114539121,403.4073,"0"
"12021",360,36000381,16,0,-1.5882,-0.133597614542873,470.0472,"1"
"12022",360,36000329,16,0,-2.6696,-1.17186354844303,380.0825,"0"
"12023",360,36000393,16,0,0.4486,1.8219600460525,342.719,"0"
"12024",360,36000289,16,1,-1.5763,-0.122172272751295,319.7964,"1"
"12025",360,36000315,16,0,-1.1027,0.332537128298375,328.7872,"0"
"12026",360,36000381,16,1,-1.8774,-0.411262223460872,387.5367,"0"
"12027",360,36000115,16,1,-1.917,-0.449282688582424,385.2994,"0"
"12028",360,36000323,16,1,-1.6497,-0.192644549011949,423.0018,"1"
"12029",360,36000396,16,1,-2.0277,-0.555567170626762,412.1482,"1"
"12030",360,36000201,16,1,-2.0266,-0.554511046595608,361.7852,"0"
"12031",360,36000004,16,0,-1.0159,0.415874915483999,366.5116,"1"
"12032",360,36000302,16,0,-1.66,-0.202533710394575,370.4692,"1"
"12033",360,36000318,16,1,0.4103,1.78518772751322,425.6819,"0"
"12034",360,36000052,16,0,-1.3582,0.0872283192439183,367.679,"0"
"12035",360,36000022,16,1,-1.0907,0.344058481365512,365.6799,"0"
"12036",360,36000410,16,0,-0.0733,1.3208771989076,378.5116,"1"
"12037",360,36000136,16,1,-1.8768,-0.410686155807515,391.6785,"0"
"12038",360,36000231,16,0,-2.0593,-0.585906733703556,340.1233,"1"
"12039",360,36000367,16,1,-2.2416,-0.760935289048478,383.8199,"1"
"12040",360,36000302,16,0,-2.3421,-0.857426620985749,377.8586,"0"
"12041",360,36000372,16,1,-2.1374,-0.660891539915505,369.4835,"0"
"12042",360,36000267,16,0,-0.048,1.34516805162415,514.9341,"1"
"12043",360,36000194,16,1,-1.1682,0.26964974280692,369.3285,"0"
"12044",360,36000392,16,0,-2.4965,-1.00566803044958,351.8361,"0"
"12045",360,36000131,16,0,-1.7426,-0.281839024006701,380.2139,"1"
"12046",360,36000350,16,1,-1.3032,0.140034520801629,486.6876,"1"
"12047",360,36000243,16,0,-0.8963,0.53070440105313,368.4456,"0"
"12048",360,36000004,16,1,-2.0842,-0.609813541317865,356.7081,"0"
"12049",360,36000403,16,1,-1.4929,-0.0420988689346934,355.1172,"0"
"12050",360,36000190,16,1,0.4119,1.78672390792217,426.1303,"1"
"12051",360,36000253,16,0,-0.1213,1.27479178663906,436.5621,"1"
"12052",360,36000207,16,0,-0.0858,1.30887578946267,298.0458,"0"
"12053",360,36000377,16,1,0.0677,1.45625309744646,309.6726,"0"
"12054",360,36000246,16,1,-0.1445,1.25251717070926,332.3195,"0"
"12055",360,36000047,16,1,-2.7231,-1.22322958086735,354.9665,"1"
"12056",360,36000375,16,0,-1.9503,-0.481254443343729,352.9481,"0"
"12057",360,36000307,16,0,-0.5827,0.831795761207642,437.5404,"1"
"12058",360,36000096,16,1,-2.5815,-1.08727761467513,362.3135,"0"
"12059",360,36000167,16,1,-2.1391,-0.662523731600016,340.1016,"0"
"12060",360,36000009,16,0,-2.2345,-0.754118488483755,391.0876,"0"
"12061",360,36000163,16,0,-1.3907,0.0560246546870892,416.8113,"1"
"12062",360,36000276,16,1,-2.2265,-0.746437586438997,413.0351,"0"
"12063",360,36000341,16,1,0.2593,1.64021070141841,292.3953,"0"
"12064",360,36000197,16,1,-2.8611,-1.35572514113942,439.5612,"1"
"12065",360,36000075,16,1,-1.1696,0.268305584949087,416.0087,"0"
"12066",360,36000062,16,1,-0.0683,1.32567776268558,472.8004,"1"
"12067",360,36000201,16,1,0.3104,1.68927246322931,362.8895,"1"
"12068",360,36000345,16,0,-2.3851,-0.898711469476323,417.9373,"0"
"12069",360,36000022,16,0,-1.431,0.017332110636621,385.5612,"0"
"12070",360,36000159,16,0,0.6414,2.00706978533117,352.0042,"0"
"12071",360,36000156,16,0,-0.4369,0.971780200973355,385.7089,"0"
"12072",360,36000411,16,0,-1.6879,-0.229320856275668,387.2447,"0"
"12073",360,36000395,16,1,-2.3568,-0.871540278492992,324.3107,"0"
"12074",360,36000020,16,0,-1.2441,0.196777184657279,310.3147,"0"
"12075",360,36000216,16,0,-2.2515,-0.770440405328865,327.1172,"0"
"12076",360,36000097,16,1,-3.6013,-2.06640060283065,347.2029,"0"
"12077",360,36000263,16,0,0.0495,1.43877904529464,441.0949,"0"
"12078",360,36000209,16,0,-0.0465,1.34660822075754,454.3151,"0"
"12079",360,36000024,16,0,0.0644,1.453084725353,388.8081,"0"
"12080",360,36000321,16,1,-1.5972,-0.142238629343225,302.872,"0"
"12081",360,36000135,16,1,-1.4504,-0.00129407682191683,310.2889,"0"
"12082",360,36000168,16,1,-2.2743,-0.792330976156426,473.0052,"0"
"12083",360,36000131,16,1,-1.02,0.41193845318606,333.7857,"1"
"12084",360,36000287,16,1,0.6296,1.99574045481515,564.4352,"0"
"12085",360,36000388,16,0,-1.0644,0.369309446837654,395.9285,"0"
"12086",360,36000165,16,1,-0.9266,0.501612984558609,294.1502,"1"
"12087",360,36000342,16,0,-1.7519,-0.290768072633732,392.2153,"1"
"12088",360,36000117,16,0,-2.9728,-1.46296973593935,342.1858,"0"
"12089",360,36000064,16,0,-0.9873,0.443334140294009,425.8341,"1"
"12090",360,36000177,16,0,-2.9258,-1.4178444364264,340.3186,"0"
"12091",360,36000267,16,0,-0.1964,1.20268731869389,407.5481,"0"
"12092",360,36000045,16,0,-1.9051,-0.437857346790847,329.5986,"0"
"12093",360,36000279,16,1,-1.4203,0.0276053171214849,473.2458,"0"
"12094",360,36000158,16,1,-1.8231,-0.359128100832078,330.3294,"0"
"12095",360,36000006,16,0,-1.242,0.198793421444028,311.1635,"0"
"12096",360,36000077,16,0,-3.2674,-1.74581895373756,392.0487,"0"
"12097",360,36000413,16,1,-1.1779,0.260336649077651,429.3406,"0"
"12098",360,36000263,16,1,-1.6773,-0.219143661066364,457.1425,"1"
"12099",360,36000256,16,1,-0.6238,0.792335126952698,435.5064,"1"
"12100",360,36000005,16,0,-1.6743,-0.21626332279958,361.0615,"0"
"12101",360,36000020,16,0,-0.054,1.33940737509058,421.3531,"1"
"12102",360,36000069,16,0,-0.1538,1.24358812208223,460.9424,"1"
"12103",360,36000103,16,0,-2.2201,-0.74029286480319,342.2167,"0"
"12104",360,36000264,16,0,-2.2214,-0.741541011385464,331.2072,"0"
"12105",360,36000392,16,0,-2.3786,-0.892470736564957,357.8217,"1"
"12106",360,36000358,16,0,-0.884,0.542513787946945,332.3167,"1"
"12107",360,36000326,16,0,-1.6747,-0.216647367901818,374.2949,"1"
"12108",360,36000208,16,1,-2.6143,-1.11876931305864,480.086,"1"
"12109",360,36000044,16,1,-0.4459,0.963139186173002,552.8165,"1"
"12110",360,36000383,16,0,-1.4924,-0.0416188125568961,419.2898,"1"
"12111",360,36000099,16,1,-0.8454,0.579574140312903,366.2256,"0"
"12112",360,36000184,16,1,-1.991,-0.520331032496435,318.9681,"0"
"12113",360,36000297,16,1,-2.3387,-0.854162237616727,261.6104,"1"
"12114",360,36000129,16,0,-1.0167,0.415106825279523,494.2901,"1"
"12115",360,36000345,16,0,-2.3416,-0.856946564607952,321.5879,"0"
"12116",360,36000070,16,1,-2.1071,-0.631800123420985,381.3498,"0"
"12117",360,36000131,16,1,-1.3704,0.0755149436256625,307.1057,"0"
"12118",360,36000326,16,1,-1.7636,-0.30200139187419,312.3731,"0"
"12119",360,36000002,16,0,-1.2317,0.208682582826653,296.6086,"0"
"12120",360,36000309,16,1,-2.5855,-1.09111806569751,359.2848,"0"
"12121",360,36000136,16,1,-1.2875,0.155108291064467,312.6533,"0"
"12122",360,36000158,16,0,-3.108,-1.59277698049576,306.2149,"0"
"12123",360,36000306,16,0,-1.0371,0.39552052506539,352.67,"0"
"12124",360,36000318,16,1,0.5541,1.92325194176774,455.7202,"1"
"12125",360,36000203,16,1,-0.7003,0.7188865011497,300.4554,"0"
"12126",360,36000121,16,0,-2.2683,-0.786570299622857,402.9917,"1"
"12127",360,36000063,16,1,-2.0084,-0.537036994443783,350.0923,"1"
"12128",360,36000158,16,1,-2.1817,-0.703424534988353,312.8007,"0"
"12129",360,36000089,16,0,-1.7661,-0.304401673763177,336.7927,"0"
"12130",360,36000193,16,1,-1.2842,0.158276663157929,307.9083,"1"
"12131",360,36000411,16,1,-1.9259,-0.457827692107217,334.4051,"1"
"12132",360,36000234,16,0,-1.9228,-0.454851342564874,281.7949,"0"
"12133",360,36000323,16,1,-1.0701,0.363836804130764,331.6345,"0"
"12134",360,36000398,16,0,-1.4657,-0.0159838019825165,358.8251,"0"
"12135",360,36000134,16,1,-3.0599,-1.54659555695166,391.7544,"0"
"12136",360,36000135,16,1,-2.4086,-0.921274119232799,356.9285,"1"
"12137",360,36000399,16,0,-2.3141,-0.830543463829096,379.5251,"1"
"12138",360,36000179,16,0,-1.2916,0.151171828766528,296.1275,"0"
"12139",360,36000213,16,0,-1.2708,0.171142174082899,335.9698,"0"
"12140",360,36000353,16,0,-1.0577,0.375742202300139,410.7334,"0"
"12141",360,36000003,16,0,-0.937,0.491627811900424,342.7418,"0"
"12142",360,36000253,16,0,-0.0177,1.37425946811867,444.9618,"1"
"12143",360,36000044,16,0,0.4597,1.8326172976396,560.977,"1"
"12144",360,36000098,16,0,-1.8339,-0.369497318592501,406.7415,"0"
"12145",360,36000385,16,0,-1.5339,-0.081463491914078,544.7581,"0"
"12146",360,36000388,16,1,-0.9546,0.474729827401957,382.9649,"0"
"12147",360,36000193,16,1,-2.8211,-1.31732063091563,329.1321,"1"
"12148",360,36000212,16,1,-0.84,0.584758749193114,394.6102,"0"
"12149",360,36000123,16,1,-0.3632,1.04254051106069,404.7439,"0"
"12150",360,36000129,16,1,-2.2543,-0.773128721044531,410.2443,"0"
"12151",360,36000245,16,1,-0.2598,1.14181616998918,442.4418,"0"
"12152",360,36000341,16,0,0.2848,1.66469357668608,394.6728,"0"
"12153",360,36000209,16,0,0.012,1.40277481695984,384.4136,"1"
"12154",360,36000036,16,0,-2.4537,-0.964575204510122,424.9224,"0"
"12155",360,36000022,16,0,-1.6903,-0.231625126889096,356.0926,"1"
"12156",360,36000200,16,1,-0.2682,1.13375122284219,475.5204,"1"
"12157",360,36000345,16,1,0.2731,1.65346025744562,456.1996,"0"
"12158",360,36000163,16,1,-2.4205,-0.932699461024377,331.4339,"0"
"12159",360,36000150,16,1,-1.0924,0.342426289681001,322.0369,"0"
"12160",360,36000343,16,1,-2.4865,-0.99606690289363,386.2166,"0"
"12161",360,36000266,16,0,-0.2389,1.16188252658111,412.7961,"1"
"12162",360,36000067,16,0,-1.9642,-0.494600010646496,373.5583,"0"
"12163",360,36000105,16,1,-2.3814,-0.895159052280623,351.6141,"0"
"12164",360,36000294,16,1,-2.379,-0.892854781667195,379.9953,"1"
"12165",360,36000266,16,0,-1.068,0.365853040917513,350.4193,"1"
"12166",360,36000044,16,1,0.8074,2.16644850275989,450.4867,"1"
"12167",360,36000141,16,0,0.1059,1.49292940471018,317.7796,"0"
"12168",360,36000370,16,1,-2.3502,-0.865203534306067,434.3223,"0"
"12169",360,36000214,16,0,0.5484,1.91777929906086,414.2065,"0"
"12170",360,36000069,16,0,-1.3694,0.0764750563812573,376.4364,"1"
"12171",360,36000199,16,0,-2.761,-1.25961785430439,322.8277,"0"
"12172",360,36000376,16,1,-3.0115,-1.50012609958087,374.177,"1"
"12173",360,36000039,16,0,0.0184,1.40891953859564,399.487,"1"
"12174",360,36000257,16,1,-0.5823,0.832179806309879,388.0274,"0"
"12175",360,36000036,16,0,-1.5621,-0.10853867162185,482.5208,"0"
"12176",360,36000399,16,0,-2.0759,-0.601844605446428,318.4113,"0"
"12177",360,36000337,16,0,-1.4805,-0.0301934707653186,441.775,"1"
"12178",360,36000133,16,0,-1.8747,-0.408669919020766,365.9165,"0"
"12179",360,36000356,16,0,-1.1356,0.300949418639308,341.5045,"0"
"12180",360,36000082,16,0,-0.024,1.36821075775842,370.8908,"0"
"12181",360,36000408,16,0,-2.8466,-1.3418035061833,317.5933,"0"
"12182",360,36000346,16,0,-3.4844,-1.95416342170162,311.8617,"1"
"12183",360,36000276,16,1,-3.2564,-1.73525771342602,443.5772,"1"
"12184",360,36000398,16,1,-1.9658,-0.496136191055447,552.002,"0"
"12185",360,36000128,16,0,-1.9838,-0.513418220656153,359.1244,"1"
"12186",360,36000329,16,1,-2.914,-1.40651510591038,383.2412,"1"
"12187",360,36000091,16,1,-2.2224,-0.742501124141058,322.3756,"0"
"12188",360,36000058,16,1,-1.0972,0.337817748454146,319.9779,"0"
"12189",360,36000214,16,0,0.7862,2.14609411234128,370.2458,"0"
"12190",360,36000173,16,1,-2.0884,-0.613846014891363,379.1843,"0"
"12191",360,36000187,1,1,0.2134,1.59614152593662,359.6339,"0"
"12192",360,36000030,16,1,0.5473,1.9167231750297,454.8885,"1"
"12193",360,36000050,16,1,-1.7075,-0.248139066285325,273.9231,"0"
"12194",360,36000137,16,0,-2.6589,-1.16159034195816,322.9875,"0"
"12195",360,36000338,16,0,-1.9744,-0.504393160753562,501.0785,"1"
"12196",360,36000033,16,1,-1.0165,0.415298847830642,372.187,"0"
"12197",360,36000217,16,0,-0.8174,0.606457297469555,384.8162,"1"
"12198",360,36000046,16,0,-2.4793,-0.989154091053348,342.2494,"0"
"12199",360,36000373,16,1,-1.445,0.00389053205829464,379.1686,"0"
"12200",360,36000106,16,0,-2.8547,-1.34958041950361,280.4755,"0"
"12201",360,36000225,16,1,0.3701,1.74659119473831,489.1364,"1"
"12202",360,36000355,16,1,-2.5788,-1.08468531023502,354.4807,"0"
"12203",360,36000412,16,0,-0.1906,1.20825597267634,323.8876,"0"
"12204",360,36000079,16,1,-2.3086,-0.825262843673325,313.8687,"0"
"12205",360,36000121,16,0,-1.996,-0.525131596274409,379.5728,"0"
"12206",360,36000075,16,1,-0.9485,0.480586515211085,355.1231,"1"
"12207",360,36000201,16,1,-0.5142,0.897563484965881,376.3523,"0"
"12208",360,36000288,16,1,-0.206,1.19347023624018,423.8636,"0"
"12209",360,36000392,16,0,-2.2194,-0.739620785874274,341.2445,"0"
"12210",360,36000355,16,1,-1.013,0.418659242475224,364.5617,"1"
"12211",360,36000174,16,1,-0.2603,1.14133611361139,348.2428,"0"
"12212",360,36000256,16,1,-0.1881,1.21065625456533,479.4794,"0"
"12213",360,36000355,16,1,-1.1952,0.243726698405861,484.3294,"1"
"12214",360,36000020,16,1,-1.6939,-0.235081532809237,342.4239,"0"
"12215",360,36000264,16,0,-1.8592,-0.393788171309048,285.8016,"1"
"12216",360,36000155,16,0,-3.4264,-1.89847688187713,377.554,"1"
"12217",360,36000283,16,1,-2.2171,-0.737412526536406,365.5249,"0"
"12218",360,36000243,16,0,-0.391,1.01584937645515,369.0516,"1"
"12219",360,36000404,16,1,-2.9175,-1.40987550055496,338.9829,"0"
"12220",360,36000037,16,0,-0.7022,0.71706228691407,386.0696,"1"
"12221",360,36000007,16,0,-3.2309,-1.71077483815836,356.6294,"0"
"12222",360,36000381,16,1,-1.2753,0.166821666682722,433.0071,"1"
"12223",360,36000259,16,1,-1.3462,0.0987496723110552,405.3048,"1"
"12224",360,36000221,16,0,-2.5483,-1.05540187118938,348.5886,"0"
"12225",360,36000111,16,1,0.6276,1.99382022930396,493.9997,"0"
"12226",360,36000119,16,1,-0.4348,0.973796437760104,350.2473,"0"
"12227",360,36000323,16,1,-1.0078,0.423651828804316,320.062,"0"
"12228",360,36000302,16,0,-0.5434,0.869528192502515,397.8347,"1"
"12229",360,36000376,16,1,-2.1781,-0.699968129068211,389.5734,"0"
"12230",360,36000111,16,0,-0.5051,0.906300511041794,385.7949,"1"
"12231",360,36000107,16,1,-3.6946,-2.15597912292764,407.7536,"1"
"12232",360,36000188,16,0,-1.8039,-0.340693935924659,295.2313,"1"
"12233",360,36000317,16,1,-1.7159,-0.256204013432321,361.8441,"0"
"12234",360,36000206,16,0,-2.6752,-1.17724017987436,315.9715,"0"
"12235",360,36000045,16,1,-0.979,0.451303076165445,313.8163,"0"
"12236",360,36000394,16,1,-1.7298,-0.269549580735088,401.8082,"1"
"12237",360,36000302,16,0,-0.9606,0.468969150868388,338.3081,"0"
"12238",360,36000239,16,0,-1.8576,-0.392251990900096,324.0465,"1"
"12239",360,36000086,16,0,-1.4737,-0.0236647040272744,420.1336,"1"
"12240",360,36000131,16,0,-1.1576,0.279826938016224,430.6725,"1"
"12241",360,36000019,16,0,-1.2396,0.201097692057455,363.2741,"0"
"12242",360,36000124,16,1,-1.3902,0.0565047110648865,328.2985,"0"
"12243",360,36000068,16,0,-0.6293,0.787054506796926,391.9797,"1"
"12244",360,36000054,16,1,-3.9983,-2.44756536680176,315.3968,"0"
"12245",360,36000323,16,1,-1.5743,-0.120252047240106,356.876,"0"
"12246",360,36000189,16,0,-1.8536,-0.388411539877717,362.8435,"0"
"12247",360,36000115,16,1,-0.6867,0.731944034625788,413.0917,"1"
"12248",360,36000010,16,0,-1.801,-0.337909608933434,384.4086,"0"
"12249",360,36000034,16,1,-3.6049,-2.06985700875079,313.1146,"0"
"12250",360,36000358,16,0,-1.2906,0.152131941522123,372.5537,"0"
"12251",360,36000245,16,0,0.3527,1.72988523279096,468.1261,"1"
"12252",360,36000311,16,1,-2.4498,-0.960830764763303,303.1741,"0"
"12253",360,36000087,16,0,-1.5956,-0.140702448934273,348.6556,"0"
"12254",360,36000252,16,0,-1.466,-0.0162718358091949,317.8691,"1"
"12255",360,36000243,16,1,-1.6808,-0.222504055710946,413.8704,"0"
"12256",360,36000201,16,0,-1.9514,-0.482310567374883,348.3364,"0"
"12257",360,36000149,16,1,0.0084,1.39931841103969,311.6072,"0"
"12258",360,36000251,16,1,-1.4216,0.0263571705392117,376.3748,"1"
"12259",360,36000006,16,1,-2.1508,-0.673757050840475,349.3316,"0"
"12260",360,36000027,16,1,-0.1731,1.22505794589925,455.1199,"1"
"12261",360,36000229,16,1,-3.1855,-1.66718571905436,326.4571,"0"
"12262",360,36000386,16,0,-1.2512,0.189960384092556,445.7215,"0"
"12263",360,36000239,16,1,-2.0837,-0.609333484940067,349.1412,"0"
"12264",360,36000036,16,0,-1.251,0.190152406643675,498.8872,"1"
"12265",360,36000288,16,0,-2.131,-0.654746818279699,372.6804,"1"
"12266",360,36000304,16,1,-1.0118,0.419811377781937,474.1618,"1"
"12267",360,36000085,16,1,-2.9041,-1.39700998962999,387.8916,"0"
"12268",360,36000192,16,0,-1.6197,-0.163841166344107,349.279,"0"
"12269",360,36000246,16,0,-1.4024,0.0447913354466307,278.5029,"1"
"12270",360,36000374,16,0,-1.7099,-0.250443336898753,329.6619,"0"
"12271",360,36000046,16,1,-2.8017,-1.29869444345709,308.2645,"0"
"12272",360,36000387,16,0,0.5306,1.90068929201127,333.8958,"0"
"12273",360,36000408,16,1,-0.4201,0.987910095267347,318.5667,"0"
"12274",360,36000140,16,0,-0.6668,0.751050278462124,385.0859,"0"
"12275",360,36000288,16,0,-1.7729,-0.310930440501221,460.3677,"1"
"12276",360,36000009,16,0,-2.6551,-1.1579419134869,253.2121,"1"
"12277",360,36000159,16,0,0.9027,2.25794724836807,500.5584,"1"
"12278",360,36000352,16,0,-1.1342,0.302293576497141,357.602,"1"
"12279",360,36000368,16,1,-2.4583,-0.968991723185858,359.4603,"0"
"12280",360,36000256,16,0,-1.9292,-0.46099606420068,417.4676,"1"
"12281",360,36000411,16,1,-2.1356,-0.659163336955435,304.7868,"1"
"12282",360,36000306,16,1,-1.9267,-0.458595782311693,295.1071,"0"
"12283",360,36000128,16,1,-1.4167,0.0310617230416259,461.0016,"1"
"12284",360,36000116,16,1,-2.1953,-0.716482068464441,394.8471,"0"
"12285",360,36000017,16,0,-2.0103,-0.538861208679413,443.5098,"0"
"12286",360,36000223,16,0,-0.4876,0.923102484264702,417.4875,"0"
"12287",360,36000073,16,1,-2.4764,-0.986369764062123,481.7055,"1"
"12288",360,36000204,16,0,-1.8623,-0.396764520851392,353.4619,"0"
"12289",360,36000287,16,0,-1.558,-0.104602209323911,484.4559,"0"
"12290",360,36000223,16,1,-1.5339,-0.081463491914078,281.6289,"0"
"12291",360,36000335,16,0,-1.5038,-0.0525640979706762,333.9808,"1"
"12292",360,36000390,16,0,-1.6642,-0.206566183968073,340.4619,"0"
"12293",360,36000086,16,0,-2.9415,-1.43291820668924,355.3125,"0"
"12294",360,36000032,16,0,-2.4199,-0.93212339337102,324.5404,"0"
"12295",360,36000100,16,0,-0.9561,0.473289658268565,262.1295,"0"
"12296",360,36000241,16,1,-1.0445,0.388415690673989,426.6893,"0"
"12297",360,36000284,16,1,-2.1119,-0.636408664647839,376.9628,"0"
"12298",360,36000231,16,1,-2.0428,-0.570064873236243,363.5802,"0"
"12299",360,36000046,16,0,-2.3703,-0.884501800693521,373.0851,"1"
"12300",360,36000098,16,1,0.5349,1.90481777686033,450.2767,"1"
"12301",360,36000171,16,1,-2.505,-1.01382898887213,322.0775,"0"
"12302",360,36000355,16,1,-1.6873,-0.228744788622312,319.8246,"0"
"12303",360,36000209,16,0,0.348,1.72537270283967,422.2629,"1"
"12304",360,36000230,16,0,-0.2629,1.13883982044684,420.193,"1"
"12305",360,36000293,16,0,-0.9884,0.442278016262854,411.6313,"0"
"12306",360,36000037,16,1,-1.5899,-0.135229806227384,365.365,"1"
"12307",360,36000377,16,0,-2.0528,-0.57966600079219,393.7216,"0"
"12308",360,36000251,16,1,-0.2127,1.1870374807777,308.7175,"1"
"12309",360,36000377,16,0,-2.8727,-1.36686244910432,421.2158,"0"
"12310",360,36000039,16,0,-2.691,-1.19240996141275,342.7633,"1"
"12311",360,36000190,16,1,0.2094,1.59230107491424,435.881,"1"
"12312",360,36000066,16,0,-1.1351,0.301429475017106,407.7792,"1"
"12313",360,36000130,16,1,-2.4376,-0.949117389145047,380.6097,"0"
"12314",360,36000032,16,1,-2.1911,-0.712449594890943,345.6735,"0"
"12315",360,36000380,16,0,-1.199,0.240078269934601,406.8828,"0"
"12316",360,36000299,16,1,-1.4239,0.0241489112013438,418.3465,"0"
"12317",360,36000414,16,0,-0.0926,1.30234702272462,400.2775,"0"
"12318",360,36000130,16,1,-1.802,-0.338869721689029,364.2481,"0"
"12319",360,36000155,16,1,-2.3801,-0.89391090569835,361.6863,"0"
"12320",360,36000075,16,1,-2.763,-1.26153807981558,358.8232,"0"
"12321",360,36000370,16,0,-3.0126,-1.50118222361202,414.0241,"0"
"12322",360,36000221,16,0,-2.8168,-1.31319214606657,356.6501,"0"
"12323",360,36000233,16,1,-0.5504,0.862807403213352,372.3247,"0"
"12324",360,36000189,16,0,-0.5354,0.877209094547273,394.7743,"1"
"12325",360,36000281,16,0,-1.2853,0.157220539126775,314.2988,"0"
"12326",360,36000413,16,1,-1.3523,0.0928929845019273,414.528,"0"
"12327",360,36000341,16,0,-0.6008,0.814417720331377,442.8672,"0"
"12328",360,36000412,16,1,-2.8121,-1.30867961611528,325.4186,"0"
"12329",360,36000190,16,1,-0.2759,1.12635835462411,452.1407,"0"
"12330",360,36000046,16,0,-1.9613,-0.491815683655271,312.7331,"0"
"12331",360,36000029,16,0,0.8055,2.16462428852426,460.1153,"0"
"12332",360,36000051,16,1,-2.3318,-0.847537459603123,310.3523,"0"
"12333",360,36000381,16,1,-2.4308,-0.942588622407003,454.7234,"1"
"12334",360,36000280,16,1,0.2826,1.66258132862377,464.8152,"0"
"12335",360,36000285,1,1,-2.6153,-1.11972942581423,386.5459,"1"
"12336",360,36000397,16,1,-3.4264,-1.89847688187713,288.3991,"0"
"12337",360,36000285,16,1,-1.7099,-0.250443336898753,391.1073,"1"
"12338",360,36000344,16,1,-0.1487,1.24848469713576,315.0944,"0"
"12339",360,36000104,16,1,-1.0991,0.335993534218516,330.4938,"0"
"12340",360,36000236,16,0,-0.9038,0.52350355538617,308.7429,"0"
"12341",360,36000278,16,0,-3.1641,-1.64663930608463,388.4073,"0"
"12342",360,36000394,16,0,-1.9502,-0.481158432068169,325.1934,"0"
"12343",360,36000164,16,1,-3.1781,-1.66008088466295,354.0793,"0"
"12344",360,36000355,16,0,-1.625,-0.168929763948759,278.8585,"0"
"12345",360,36000044,16,0,0.5143,1.88503945409507,539.256,"1"
"12346",360,36000285,16,0,-1.6717,-0.213767029635033,518.2801,"1"
"12347",360,36000251,16,1,-0.2816,1.12088571191722,279.5506,"1"
"12348",360,36000181,16,0,0.9518,2.30508878466777,453.6574,"0"
"12349",360,36000206,16,0,-1.6243,-0.168257685019843,366.4942,"0"
"12350",360,36000102,16,1,-1.5867,-0.13215744540948,378.6359,"0"
"12351",360,36000118,16,0,-3.043,-1.5303696513821,334.1464,"0"
"12352",360,36000069,16,1,-0.2901,1.11272475349466,379.2798,"0"
"12353",360,36000036,16,0,-1.4607,-0.0111832382045429,387.4096,"1"
"12354",360,36000225,16,1,0.1135,1.5002262616527,401.6793,"1"
"12355",360,36000167,16,1,-0.163,1.23475508473076,431.118,"1"
"12356",360,36000105,16,1,-2.1075,-0.632184168523222,373.3968,"0"
"12357",360,36000106,16,1,-2.3939,-0.907160461725557,397.968,"0"
"12358",360,36000003,16,0,-1.715,-0.255339911952286,318.846,"1"
"12359",360,36000096,16,1,-1.3234,0.120640243138616,273.7722,"0"
"12360",360,36000091,16,1,-2.0442,-0.571409031094075,323.2447,"0"
"12361",360,36000288,16,0,-3.1688,-1.65115183603592,390.2369,"0"
"12362",360,36000306,16,1,-2.6264,-1.13038667740133,307.4212,"0"
"12363",360,36000066,16,1,0.1282,1.51433991915994,359.7188,"0"
"12364",360,36000145,16,0,-1.9504,-0.481350454619288,347.6309,"0"
"12365",360,36000387,16,0,-3.4642,-1.93476914403861,397.0769,"0"
"12366",360,36000284,16,1,-0.5054,0.906012477215115,513.6509,"0"
"12367",360,36000352,16,0,-1.2121,0.22750079283631,296.4513,"0"
"12368",360,36000144,16,1,-1.3764,0.069754267092094,354.1739,"0"
"12369",360,36000249,16,0,-0.1766,1.22169755125467,399.4182,"0"
"12370",360,36000331,16,0,-1.8619,-0.396380475749154,425.5128,"0"
"12371",360,36000132,16,1,-0.6025,0.812785528646866,370.8324,"0"
"12372",360,36000325,16,0,-1.6138,-0.158176501086098,418.6552,"0"
"12373",360,36000142,16,1,-1.7133,-0.253707720267775,412.9481,"0"
"12374",360,36000229,16,1,-2.3794,-0.893238826769433,318.3222,"0"
"12375",360,36000340,16,0,-0.7135,0.706213012775849,556.7317,"1"
"12376",360,36000279,16,1,-1.4903,-0.0396025757701471,526.2648,"1"
"12377",360,36000227,16,0,0.7812,2.14129354856331,557.9454,"1"
"12378",360,36000003,16,0,-1.4857,-0.0351860570944114,376.2775,"0"
"12379",360,36000109,16,0,-1.2447,0.196201117003922,403.5871,"0"
"12380",360,36000079,16,1,-1.0546,0.378718551842482,324.8192,"1"
"12381",360,36000115,16,0,-1.5592,-0.105754344630625,393.2989,"1"
"12382",360,36000052,16,1,-1.4092,0.0382625687085865,477.9934,"1"
"12383",360,36000132,16,1,-1.5923,-0.137534076840811,275.4244,"0"
"12384",360,36000098,16,1,-2.7772,-1.27517168094502,340.324,"0"
"12385",360,36000059,16,1,-2.1928,-0.714081786575454,385.7572,"0"
"12386",360,36000241,16,1,0.0783,1.46643029265577,316.3312,"0"
"12387",360,36000116,16,0,-2.1425,-0.665788114969039,391.4183,"0"
"12388",360,36000131,16,1,-2.8301,-1.32596164571598,350.803,"1"
"12389",360,36000288,16,0,-2.3992,-0.912249059330209,427.5504,"0"
"12390",360,36000168,16,0,-2.8358,-1.33143428842287,264.3974,"0"
"12391",360,36000286,16,0,-0.6508,0.76641208255164,369.8865,"0"
"12392",360,36000100,16,1,-1.5755,-0.121404182546819,359.9147,"0"
"12393",360,36000037,16,1,-2.2438,-0.763047537110786,396.5057,"1"
"12394",360,36000237,16,1,-1.5013,-0.0501638160816894,333.5221,"0"
"12395",360,36000255,16,0,-1.5796,-0.125340644844758,392.8596,"1"
"12396",360,36000071,16,0,-0.942,0.48682724812245,200.4021,"0"
"12397",360,36000002,16,0,-1.6574,-0.200037417230029,331.9737,"1"
"12398",360,36000123,16,0,-2.5844,-1.09006194166636,389.9433,"0"
"12399",360,36000158,16,1,-2.8386,-1.33412260413854,421.6067,"1"
"12400",360,36000047,16,0,-2.0812,-0.606933203051081,354.0183,"0"
"12401",360,36000325,16,0,-1.394,0.0528562825936267,331.5233,"0"
"12402",360,36000329,16,0,-0.7155,0.70429278726466,326.8818,"1"
"12403",360,36000336,17,0,-1.7845,-0.322067748466121,277.8315,"0"
"12404",360,36000072,16,0,-1.2725,0.169509982398388,503.8959,"1"
"12405",360,36000058,16,1,-2.8297,-1.32557760061375,364.2238,"0"
"12406",360,36000386,16,1,-1.9533,-0.484134781610513,375.4614,"1"
"12407",360,36000094,16,0,-0.9558,0.473577692095243,395.6737,"0"
"12408",360,36000217,16,0,-2.2355,-0.75507860123935,395.2818,"0"
"12409",360,36000384,16,1,-1.628,-0.171810102215543,391.0138,"0"
"12410",360,36000276,16,0,-3.7746,-2.23278814337522,334.7868,"0"
"12411",360,36000409,16,0,-3.318,-1.79440065917066,313.4077,"0"
"12412",360,36000147,16,0,-0.6372,0.779469616027728,439.2337,"1"
"12413",360,36000334,16,1,-2.7332,-1.23292671969885,359.0888,"1"
"12414",360,36000051,16,0,-3.9035,-2.35654667757138,366.2549,"1"
"12415",360,36000200,16,1,-1.5052,-0.0539082558285089,506.0195,"0"
"12416",360,36000164,16,1,-1.4332,0.0152198625743126,291.1132,"0"
"12417",360,36000097,16,0,-0.4972,0.913885401810992,383.082,"0"
"12418",360,36000341,16,1,0.215,1.59767770634557,413.0822,"1"
"12419",360,36000028,16,0,-1.3079,0.135521990850334,399.6184,"0"
"12420",360,36000160,16,0,-2.5747,-1.08074884793709,379.1382,"1"
"12421",360,36000203,16,1,-2.8787,-1.37262312563789,442.1177,"1"
"12422",360,36000313,16,0,-2.9765,-1.46652215313505,379.2372,"1"
"12423",360,36000192,16,1,-1.432,0.0163719978810264,325.316,"1"
"12424",360,36000399,16,0,-3.0367,-1.52432094102186,341.5144,"0"
"12425",360,36000052,16,0,-3.2285,-1.70847056754493,491.2866,"1"
"12426",360,36000230,16,0,0.4764,1.84865118065803,337.6027,"0"
"12427",360,36000098,16,0,-1.9291,-0.46090005292512,354.2088,"0"
"12428",360,36000264,16,0,-1.2582,0.183239594803393,265.8998,"1"
"12429",360,36000042,16,0,0.1219,1.5082912087997,426.7965,"0"
"12430",360,36000158,16,0,-2.9157,-1.40814729759489,369.473,"1"
"12431",360,36000322,16,0,-2.5677,-1.07402805864792,340.2278,"1"
"12432",360,36000097,16,1,-1.7304,-0.270125648388445,333.6542,"1"
"12433",360,36000378,16,0,-2.2001,-0.721090609691296,264.6043,"0"
"12434",360,36000335,16,0,-2.7138,-1.21430053224032,315.9478,"1"
"12435",360,36000045,16,1,-1.3413,0.10345422481347,342.725,"1"
"12436",360,36000066,16,1,-0.9869,0.443718185396246,416.3456,"0"
"12437",360,36000046,16,1,-2.0754,-0.601364549068631,346.5644,"0"
"12438",360,36000067,16,0,-0.9879,0.442758072640652,367.4935,"0"
"12439",360,36000134,16,0,-1.5492,-0.0961532170746774,361.6869,"0"
"12440",360,36000342,16,1,-0.6073,0.808176987420011,373.4256,"0"
"12441",360,36000140,16,1,-1.1378,0.298837170577,407.9585,"1"
"12442",360,36000082,16,1,-0.709,0.710533520176026,298.5564,"1"
"12443",360,36000347,16,1,-1.7356,-0.275118234717538,374.8465,"0"
"12444",360,36000094,16,1,-2.0371,-0.564592230529353,465.0263,"0"
"12445",360,36000170,16,1,-1.438,0.0106113213474579,378.655,"0"
"12446",360,36000409,16,1,-1.5631,-0.109498784377444,345.7084,"1"
"12447",360,36000183,16,1,-1.4815,-0.0311535835209135,338.6695,"1"
"12448",360,36000217,16,1,-1.6736,-0.215591243870664,276.0286,"0"
"12449",360,36000115,16,1,0.8932,2.24882617718992,387.741,"0"
"12450",360,36000378,16,1,-1.9461,-0.477221969770231,340.8906,"0"
"12451",360,36000291,16,1,-0.4239,0.984261666796087,345.5822,"1"
"12452",360,36000345,16,1,-2.2381,-0.757574894403896,349.4131,"1"
"12453",360,36000294,16,1,-3.0464,-1.53363403475113,393.241,"0"
"12454",360,36000101,16,1,-0.8745,0.551634859125095,385.3384,"1"
"12455",360,36000388,16,0,-0.7524,0.668864626583214,410.9526,"0"
"12456",360,36000326,16,1,-2.0022,-0.531084295359096,331.507,"0"
"12457",360,36000371,16,0,-1.8192,-0.355383661085258,418.9622,"0"
"12458",360,36000169,16,0,-2.8409,-1.33633086347641,337.9475,"0"
"12459",360,36000179,1,1,-2.6015,-1.10647986978703,310.4842,"0"
"12460",360,36000144,16,1,-0.9548,0.474537804850838,323.3908,"1"
"12461",360,36000294,16,1,-3.7949,-2.25227843231379,395.0827,"0"
"12462",360,36000319,16,0,-1.5818,-0.127452892907066,422.4094,"0"
"12463",360,36000069,16,1,-0.3889,1.0178656132419,471.7092,"1"
"12464",360,36000312,16,1,-1.9499,-0.480870398241491,279.3235,"0"
"12465",360,36000093,16,1,-1.5339,-0.081463491914078,374.2065,"0"
"12466",360,36000302,16,0,-1.835,-0.370553442623655,384.6134,"1"
"12467",360,36000002,16,1,-2.847,-1.34218755128553,330.8375,"0"
"12468",360,36000185,16,1,-1.7339,-0.273486043033027,416.0758,"1"
"12469",360,36000151,16,0,-1.5391,-0.0864560782431705,368.0652,"0"
"12470",360,36000034,16,1,-2.0364,-0.563920151600436,327.0956,"0"
"12471",360,36000261,16,1,-3.7866,-2.24430949644236,302.5148,"0"
"12472",360,36000267,16,1,-1.8726,-0.406653682234017,464.7533,"0"
"12473",360,36000383,16,1,-2.0159,-0.544237840110744,462.4085,"1"
"12474",360,36000350,16,0,-1.9237,-0.455715444044909,471.1397,"0"
"12475",360,36000165,16,0,-1.8451,-0.380250581455162,345.9065,"0"
"12476",360,36000095,16,1,-1.6107,-0.155200151543754,379.2779,"1"
"12477",360,36000149,16,1,-1.5922,-0.137438065565252,491.3552,"1"
"12478",360,36000106,16,1,-1.5012,-0.0500678048061299,324.7699,"0"
"12479",360,36000310,16,1,-2.2593,-0.777929284822505,389.1503,"0"
"12480",360,36000270,16,1,-0.1185,1.27748010235472,263.59,"1"
"12481",360,36000130,16,0,-2.5024,-1.01133269570759,369.7848,"0"
"12482",360,36000387,16,1,0.0939,1.48140805164304,448.2149,"1"
"12483",360,36000187,16,1,0.5448,1.91432289314071,444.0594,"1"
"12484",360,36000116,16,1,-1.6606,-0.203109778047932,387.1179,"1"
"12485",360,36000335,16,1,-2.4605,-0.971103971248167,311.4043,"0"
"12486",360,36000223,16,1,-0.3799,1.02650662804226,493.9518,"0"
"12487",360,36000295,16,0,-0.6913,0.727527515950052,394.8388,"1"
"12488",360,36000409,16,1,0.3334,1.71135505660799,307.0409,"0"
"12489",360,36000001,16,0,-0.6562,0.761227473671428,471.1901,"1"
"12490",360,36000252,16,1,-2.2023,-0.723202857753604,324.9384,"0"
"12491",360,36000352,16,0,-0.8689,0.557011490556426,355.414,"0"
"12492",360,36000200,16,1,-1.2741,0.167973801989436,466.3977,"0"
"12493",360,36000046,16,0,-2.8336,-1.32932204036057,375.5006,"1"
"12494",360,36000064,16,1,-1.6072,-0.151839756899173,364.3658,"0"
"12495",360,36000277,16,1,-2.7375,-1.23705520454791,313.3675,"0"
"12496",360,36000356,16,1,-2.7278,-1.22774211081864,335.8937,"1"
"12497",360,36000127,16,1,-0.7885,0.634204556106243,277.2339,"0"
"12498",360,36000111,16,1,0.6847,2.04864266764842,480.579,"1"
"12499",360,36000058,16,0,-3.1226,-1.60679462672745,318.2099,"0"
"12500",360,36000310,16,0,-2.1382,-0.661659630119981,346.9838,"0"
"12501",360,36000325,16,0,-1.2705,0.171430207909577,442.5082,"0"
"12502",360,36000020,16,1,-0.894,0.532912660390998,310.366,"0"
"12503",360,36000305,16,0,-0.9232,0.504877367927631,319.3906,"0"
"12504",360,36000398,16,0,-1.2354,0.205130165630953,528.4149,"1"
"12505",360,36000224,16,0,-2.8951,-1.38836897482964,384.78,"1"
"12506",360,36000334,16,0,-0.6765,0.741737184732855,371.303,"0"
"12507",360,36000052,16,0,-0.9623,0.467336959183877,342.3157,"0"
"12508",360,36000215,16,0,-2.6301,-1.13393909459704,307.8999,"0"
"12509",360,36000180,16,1,-1.7985,-0.335509327044447,342.3677,"0"
"12510",360,36000279,16,0,-0.6705,0.747497861266423,405.3175,"0"
"12511",360,36000002,16,1,-1.2435,0.197353252310635,281.7554,"0"
"12512",360,36000124,16,0,-1.865,-0.399356825291497,331.308,"1"
"12513",360,36000184,16,1,-1.5186,-0.0667737667534783,308.6497,"0"
"12514",360,36000126,16,1,-0.5354,0.877209094547273,302.4074,"0"
"12515",360,36000214,16,0,-2.6812,-1.18300085640793,393.2106,"0"
"12516",360,36000370,16,1,-2.4722,-0.982337290488625,392.3599,"0"
"12517",360,36000346,16,1,-2.1928,-0.714081786575454,264.5067,"0"
"12518",360,36000214,16,0,-1.2181,0.221740116302742,476.3326,"0"
"12519",360,36000295,16,1,-1.5339,-0.081463491914078,403.7718,"0"
"12520",360,36000185,16,1,-2.2278,-0.74768573302127,331.0116,"1"
"12521",360,36000081,16,1,-1.1542,0.283091321385246,343.7575,"0"
"12522",360,36000329,16,0,-0.9905,0.440261779476105,204.418,"1"
"12523",360,36000117,16,1,-0.8526,0.57266132847262,355.6585,"1"
"12524",360,36000263,16,0,-1.5989,-0.143870821027736,444.6186,"0"
"12525",360,36000023,16,0,-2.9723,-1.46248967956156,338.0775,"0"
"12526",360,36000024,16,1,-0.0793,1.31511652237404,311.8926,"0"
"12527",360,36000240,16,1,-0.1485,1.24867671968688,407.4131,"1"
"12528",360,36000090,16,1,-0.0994,1.29581825598658,420.6239,"1"
"12529",360,36000140,16,1,-1.1401,0.296628911239132,523.3914,"1"
"12530",360,36000239,16,0,-0.4302,0.97821295643584,278.9538,"1"
"12531",360,36000369,16,1,0.3919,1.76752165281028,469.8416,"1"
"12532",360,36000025,16,1,-1.2351,0.205418199457631,380.7909,"0"
"12533",360,36000040,16,0,-2.6357,-1.13931572602837,374.7071,"1"
"12534",360,36000229,16,0,-2.6549,-1.15774989093578,346.4238,"0"
"12535",360,36000338,16,1,-1.5122,-0.060629045117672,339.9076,"0"
"12536",360,36000235,16,1,-2.0357,-0.56324807267152,386.4777,"1"
"12537",360,36000136,16,0,-0.5929,0.822002611100575,333.5134,"0"
"12538",360,36000360,16,0,-4.532,-2.95997754446268,331.0649,"1"
"12539",360,36000370,16,0,-1.7156,-0.255915979605643,390.2657,"0"
"12540",360,36000372,16,1,-2.8367,-1.33229838990291,344.4275,"0"
"12541",360,36000017,16,1,-0.5746,0.839572674527959,384.4298,"1"
"12542",360,36000118,16,1,-2.7259,-1.22591789658301,355.564,"0"
"12543",360,36000155,16,1,-0.6872,0.731463978247991,323.8196,"0"
"12544",360,36000073,16,0,-2.6801,-1.18194473237677,410.7316,"0"
"12545",360,36000290,16,0,0.0997,1.48697670562549,370.5067,"1"
"12546",360,36000195,16,0,-0.469,0.940960581518764,528.9789,"1"
"12547",360,36000203,16,0,-1.842,-0.377274231912818,440.368,"0"
"12548",360,36000070,16,0,-1.7477,-0.286735599060234,365.7962,"0"
"12549",360,36000304,16,0,-2.7646,-1.26307426022453,406.2762,"0"
"12550",360,36000117,16,1,-0.7755,0.646686021928975,389.2471,"1"
"12551",360,36000133,16,0,-0.2506,1.15064920734066,386.1478,"0"
"12552",360,36000378,16,0,-2.8541,-1.34900435185026,316.0772,"1"
"12553",360,36000299,16,0,-1.3017,0.141474689935021,390.5227,"1"
"12554",360,36000128,16,0,-0.5827,0.831795761207642,343.6347,"0"
"12555",360,36000188,7,1,-1.9051,-0.437857346790847,313.5256,"1"
"12556",360,36000255,16,1,-1.7489,-0.287887734366948,304.2563,"0"
"12557",360,36000100,16,0,-0.5067,0.904764330632842,295.1002,"0"
"12558",360,36000356,16,1,-1.9369,-0.468388932418759,379.9929,"0"
"12559",360,36000192,16,0,-2.1724,-0.694495486361321,330.5707,"0"
"12560",360,36000067,16,0,-3.1865,-1.66814583180995,366.913,"0"
"12561",360,36000137,16,1,-2.4048,-0.917625690761539,325.6663,"1"
"12562",360,36000395,16,1,-2.4047,-0.91752967948598,343.3929,"0"
"12563",360,36000045,16,0,-1.7182,-0.258412272770189,361.3208,"1"
"12564",360,36000131,16,0,-1.4076,0.0397987491175381,417.8652,"0"
"12565",360,36000305,16,0,-1.9195,-0.451682970471411,337.4004,"0"
"12566",360,36000064,16,1,-0.0158,1.3760836823543,328.9243,"0"
"12567",360,36000131,16,0,-1.5351,-0.0826156272207915,399.6444,"0"
"12568",360,36000385,16,1,-1.5339,-0.081463491914078,568.9769,"0"
"12569",360,36000384,16,0,-2.4882,-0.997699094578141,448.9062,"1"
"12570",360,36000375,16,1,-2.9549,-1.44578371761421,323.7243,"0"
"12571",360,36000307,17,1,-2.0481,-0.575153470840895,300.7502,"0"
"12572",360,36000109,16,0,-1.2249,0.215211349564698,344.4552,"0"
"12573",360,36000268,16,0,-1.4335,0.0149318287476342,319.4909,"1"
"12574",360,36000003,16,0,-1.8653,-0.399644859118176,337.877,"1"
"12575",360,36000197,16,1,-1.8296,-0.365368833743443,355.9655,"1"
"12576",360,36000375,16,1,-1.9618,-0.492295740033068,355.1172,"1"
"12577",360,36000367,16,1,-2.9745,-1.46460192762386,315.1117,"0"
"12578",360,36000322,16,0,-2.2996,-0.816621828872972,399.9014,"0"
"12579",360,36000249,16,1,-0.1645,1.23331491559736,395.7752,"0"
"12580",360,36000340,16,1,0.2895,1.66920610663738,569.8682,"1"
"12581",360,36000129,16,0,-1.5206,-0.0686939922646678,377.8189,"0"
"12582",360,36000330,16,1,0.1194,1.50589092691071,402.3443,"0"
"12583",360,36000191,16,1,0.0911,1.47871973592738,461.9607,"1"
"12584",360,36000335,16,1,-2.3839,-0.89755933416961,326.5121,"0"
"12585",360,36000218,16,0,-1.5394,-0.0867441120698491,320.1541,"0"
"12586",360,36000057,16,0,-2.5088,-1.01747741734339,364.5665,"1"
"12587",360,36000235,16,1,0.9261,2.28041388684899,351.2257,"0"
"12588",360,36000063,16,1,-3.3807,-1.85459972894645,328.3224,"0"
"12589",360,36000062,16,0,-0.4996,0.911581131197565,468.401,"0"
"12590",360,36000050,16,1,-1.5339,-0.081463491914078,284.7618,"0"
"12591",360,36000113,16,0,-2.8811,-1.37492739625132,325.8431,"0"
"12592",360,36000220,16,1,-1.8492,-0.3841870437531,392.3602,"0"
"12593",360,36000286,16,0,-0.7472,0.673857212912306,372.8873,"0"
"12594",360,36000414,16,1,-3.1262,-1.61025103264759,388.5002,"0"
"12595",360,36000211,16,0,-2.4942,-1.00345977111171,329.9893,"0"
"12596",360,36000200,16,1,-1.2051,0.234221582125473,361.2498,"0"
"12597",360,36000351,16,1,-0.0914,1.30349915803134,553.1522,"1"
"12598",360,36000061,16,1,-1.5843,-0.129853174796053,318.5937,"0"
"12599",360,36000337,16,1,0.7881,2.14791832657692,329.2299,"0"
"12600",360,36000359,16,1,-2.4582,-0.968895711910299,388.6158,"0"
"12601",360,36000327,16,0,-2.7302,-1.23004638143207,429.328,"1"
"12602",360,36000296,16,0,-3.4471,-1.91835121591794,374.3503,"1"
"12603",360,36000255,16,0,1.1405,2.4862620616485,406.2842,"1"
"12604",360,36000044,16,1,0.4225,1.79690110313148,558.8806,"1"
"12605",360,36000331,16,0,-0.5783,0.836020257332258,390.6658,"1"
"12606",360,36000117,16,0,-1.5934,-0.138590200871965,323.9958,"0"
"12607",360,36000176,16,0,-1.7032,-0.244010581436268,357.9808,"1"
"12608",360,36000286,16,0,-1.5359,-0.0833837174252675,263.2958,"0"
"12609",360,36000100,16,0,-0.4563,0.953154013514817,357.3961,"0"
"12610",360,36000226,16,0,-0.7752,0.646974055755653,436.3826,"1"
"12611",360,36000176,16,0,-1.6603,-0.202821744221254,363.04,"1"
"12612",360,36000310,16,0,-2.6233,-1.12741032785899,329.5716,"1"
"12613",360,36000186,16,0,-3.2097,-1.69042044773975,390.4424,"0"
"12614",360,36000051,16,0,-3.332,-1.80784223774899,422.2827,"0"
"12615",360,36000159,16,0,0.7661,2.12679584595383,490.0868,"0"
"12616",360,36000178,16,0,-2.8825,-1.37627155410915,427.8687,"0"
"12617",360,36000027,16,0,-1.3918,0.0549685306559351,415.359,"1"
"12618",360,36000032,16,1,-2.8766,-1.37060688885114,333.884,"0"
"12619",360,36000266,16,0,0.4736,1.84596286494237,378.6383,"0"
"12620",360,36000026,16,1,-0.6524,0.764875902142688,305.2171,"0"
"12621",360,36000203,16,1,-1.5832,-0.128797050764899,457.7603,"0"
"12622",360,36000224,16,1,-1.5737,-0.119675979586749,327.3594,"0"
"12623",360,36000199,16,1,-0.0506,1.3426717584596,439.3278,"1"
"12624",360,36000296,16,0,-2.2538,-0.772648664666733,317.7159,"0"
"12625",360,36000099,16,0,-1.2682,0.173638467247445,444.4149,"0"
"12626",360,36000032,16,0,-2.818,-1.31434428137329,411.9987,"1"
"12627",360,36000218,16,1,-1.6817,-0.223368157190981,358.2746,"1"
"12628",360,36000178,16,1,-2.1856,-0.707168974735172,454.8791,"0"
"12629",360,36000171,16,1,-1.0935,0.341370165649847,456.9837,"1"
"12630",360,36000395,16,1,-2.2543,-0.773128721044531,342.3172,"0"
"12631",360,36000135,16,1,-1.8811,-0.414814640656573,379.8438,"0"
"12632",360,36000116,16,0,-2.457,-0.967743576603585,399.5681,"0"
"12633",360,36000375,16,0,-3.3169,-1.7933445351395,319.0352,"1"
"12634",360,36000377,16,0,-1.7682,-0.306417910549926,410.8467,"0"
"12635",360,36000112,16,0,-1.9495,-0.480486353139253,355.7947,"0"
"12636",360,36000327,16,1,-0.7604,0.661183724538456,397.8383,"0"
"12637",360,36000096,16,0,-1.8393,-0.374681927472712,300.5916,"1"
"12638",360,36000140,16,1,-1.6379,-0.181315218495931,336.7507,"1"
"12639",360,36000152,16,1,-0.7056,0.713797903545048,413.3693,"1"
"12640",360,36000027,16,0,-0.4769,0.933375690749565,416.7558,"0"
"12641",360,36000371,16,0,-2.0192,-0.547406212204207,403.6203,"0"
"12642",360,36000173,16,0,-1.2707,0.171238185358458,388.1823,"0"
"12643",360,36000236,16,0,-1.7206,-0.260716543383616,471.0812,"1"
"12644",360,36000156,16,0,0.6992,2.06256430260454,475.3746,"1"
"12645",360,36000029,16,1,0.6766,2.0408657543281,437.0724,"1"
"12646",360,36000234,16,0,-1.4874,-0.0368182487789225,368.621,"0"
"12647",360,36000356,16,1,-2.7058,-1.20661963019556,330.0954,"0"
"12648",360,36000404,16,1,-0.6255,0.790702935268187,313.0411,"1"
"12649",360,36000390,17,1,-2.8524,-1.34737216016575,295.8826,"0"
"12650",360,36000104,16,1,-1.7756,-0.313522744941327,338.1625,"0"
"12651",360,36000136,16,0,-2.077,-0.602900729477583,419.248,"0"
"12652",360,36000399,16,0,-3.0648,-1.55130010945407,347.7276,"0"
"12653",360,36000409,16,1,-1.311,0.13254564130799,346.6334,"1"
"12654",360,36000152,16,0,-1.6468,-0.189860222020724,390.6769,"0"
"12655",360,36000041,16,1,-2.7988,-1.29591011646587,363.8006,"0"
"12656",360,36000302,16,1,-0.1355,1.26115818550961,391.6477,"0"
"12657",360,36000051,16,1,-1.9163,-0.448610609653508,291.0456,"0"
"12658",360,36000082,16,1,0.1248,1.51107553579092,375.5249,"1"
"12659",360,36000220,16,0,-1.9617,-0.492199728757509,398.023,"1"
"12660",360,36000067,16,1,-1.3975,0.049495887949045,339.1877,"0"
"12661",360,36000067,16,0,-1.4938,-0.0429629704147288,376.4037,"1"
"12662",360,36000314,16,0,0.2217,1.60411046180805,410.6787,"1"
"12663",360,36000094,16,1,-1.54,-0.0873201797232059,445.3775,"1"
"12664",360,36000003,16,1,0.2061,1.58913270282077,335.9382,"0"
"12665",360,36000034,16,0,-2.8043,-1.30119073662164,357.7886,"0"
"12666",360,36000363,16,1,-1.8675,-0.401757107180484,355.357,"0"
"12667",360,36000025,16,1,0.0194,1.40987965135124,519.0085,"1"
"12668",360,36000052,16,1,-0.0159,1.37598767107874,281.347,"0"
"12669",360,36000399,16,1,-1.8074,-0.34405433056924,332.1297,"0"
"12670",360,36000201,16,1,-0.1308,1.26567071546091,317.986,"1"
"12671",360,36000032,16,0,-2.1709,-0.693055317227929,353.0075,"0"
"12672",360,36000174,16,0,0.4552,1.82829679023943,425.1864,"1"
"12673",360,36000396,16,0,-1.3199,0.124000637783197,376.3058,"0"
"12674",360,36000345,16,1,-2.6729,-1.17503192053649,417.4565,"1"
"12675",360,36000076,16,1,0.1551,1.54016695228544,351.2116,"0"
"12676",360,36000100,16,0,-0.3002,1.10302761466316,350.3845,"0"
"12677",360,36000011,16,0,-1.2229,0.217131575075887,437.8688,"1"
"12678",360,36000149,16,1,-1.9411,-0.472421405992257,318.2875,"0"
"12679",360,36000259,16,0,-1.8346,-0.370169397521417,341.3997,"0"
"12680",360,36000188,16,1,-2.9807,-1.47055462670855,341.3362,"0"
"12681",360,36000062,16,0,-0.3353,1.06932765694178,422.9876,"0"
"12682",360,36000163,16,1,-0.0613,1.33239855197474,351.0477,"1"
"12683",360,36000151,16,0,-2.1145,-0.638904957812386,460.0607,"1"
"12684",360,36000208,16,0,-1.8524,-0.387259404571004,321.453,"1"
"12685",360,36000076,16,0,-2.0214,-0.549518460266515,326.2826,"0"
"12686",360,36000155,16,1,-1.3634,0.0822357329148258,278.8269,"0"
"12687",360,36000330,16,1,-1.8078,-0.344438375671478,444.6191,"0"
"12688",360,36000279,16,1,-0.728,0.692291377819725,470.0834,"1"
"12689",360,36000065,16,0,-0.964,0.465704767499366,314.3115,"0"
"12690",360,36000012,16,1,-0.9006,0.526575916204073,524.1885,"0"
"12691",360,36000161,16,1,-2.4701,-0.980321053701876,375.1462,"0"
"12692",360,36000152,16,1,0.2667,1.64731553580982,381.1161,"0"
"12693",360,36000221,16,0,-2.4354,-0.947005141082739,321.5065,"0"
"12694",360,36000273,16,1,0.2488,1.63012951748467,348.8584,"0"
"12695",360,36000259,16,0,-1.5841,-0.129661152244934,305.3085,"0"
"12696",360,36000123,16,1,-1.7597,-0.298256952127371,372.5011,"0"
"12697",360,36000060,16,0,-1.2843,0.15818065188237,317.642,"0"
"12698",360,36000198,16,0,-1.2505,0.190632463021472,366.931,"1"
"12699",360,36000315,16,0,-0.3527,1.05262169499443,415.7201,"0"
"12700",360,36000066,16,0,-1.4635,-0.0138715539202081,347.2247,"0"
"12701",360,36000123,16,1,-2.9089,-1.40161853085685,403.6487,"0"
"12702",360,36000035,16,1,-1.7508,-0.289711948602578,347.5683,"0"
"12703",360,36000408,16,0,-1.6943,-0.235465577911475,302.5116,"0"
"12704",360,36000272,16,1,-1.2094,0.230093097276416,435.6693,"0"
"12705",360,36000063,16,1,-1.7732,-0.3112184743279,370.0855,"1"
"12706",360,36000249,16,0,-0.0732,1.32097321018316,320.9373,"0"
"12707",360,36000267,16,1,-2.5447,-1.05194546526924,456.5903,"1"
"12708",360,36000079,16,1,-0.8533,0.571989249543704,344.6668,"1"
"12709",360,36000124,16,1,-1.6096,-0.1541440275126,274.9529,"0"
"12710",360,36000179,16,1,-0.917,0.510830067012319,423.7313,"1"
"12711",360,36000206,16,0,-0.9903,0.440453802027224,366.6006,"1"
"12712",360,36000190,16,0,-0.2028,1.19654259705808,368.9674,"0"
"12713",360,36000292,16,1,0.3427,1.72028410523502,399.194,"1"
"12714",360,36000260,16,0,-1.514,-0.0623572480777426,338.5761,"0"
"12715",360,36000246,16,1,-1.6,-0.144926945058891,324.6377,"0"
"12716",360,36000185,16,1,-0.6164,0.799439961344099,343.5361,"0"
"12717",360,36000269,16,0,-1.6254,-0.169313809050997,452.532,"0"
"12718",360,36000031,16,1,-1.2105,0.229036973245262,349.8827,"0"
"12719",360,36000326,16,0,-1.8089,-0.345494499702632,349.9116,"0"
"12720",360,36000241,16,1,-1.8937,-0.426912061377066,402.4449,"0"
"12721",360,36000156,16,1,-2.088,-0.613461969789125,409.2688,"1"
"12722",360,36000383,16,1,-0.5315,0.880953534294092,373.8389,"1"
"12723",360,36000263,16,1,-1.3794,0.0668739288253099,473.6162,"0"
"12724",360,36000068,16,0,-0.4321,0.97638874220021,355.865,"1"
"12725",360,36000281,16,0,0.677,2.04124979943034,408.3955,"0"
"12726",360,36000103,16,0,-0.4943,0.916669728802217,352.1767,"0"
"12727",360,36000085,16,0,-2.8256,-1.32164113831581,333.3793,"0"
"12728",360,36000177,16,0,-0.9183,0.509581920430046,416.226,"0"
"12729",360,36000166,16,0,-0.5783,0.836020257332258,306.993,"0"
"12730",360,36000168,16,0,-0.9924,0.438437565240475,363.3569,"1"
"12731",360,36000246,16,1,-1.3758,0.070330334745451,416.6242,"0"
"12732",360,36000034,16,1,-2.6276,-1.13153881270805,394.5898,"0"
"12733",360,36000097,16,1,-1.0431,0.389759848531822,325.8731,"1"
"12734",360,36000148,16,0,-1.2385,0.202153816088609,399.2655,"0"
"12735",360,36000247,16,0,-1.5339,-0.081463491914078,447.3747,"0"
"12736",360,36000108,16,1,0.7061,2.06918908061815,303.8139,"1"
"12737",360,36000186,16,0,0.1375,1.52326896778698,468.4665,"1"
"12738",360,36000255,16,1,-1.6033,-0.148095317152353,376.9975,"0"
"12739",360,36000315,16,0,1.2945,2.63411942601009,362.3202,"0"
"12740",360,36000039,16,0,-3.3823,-1.8561359093554,334.1242,"0"
"12741",360,36000393,16,1,0.6985,2.06189222367563,382.0369,"0"
"12742",360,36000147,16,0,-1.659,-0.20157359763898,372.9176,"1"
"12743",360,36000113,16,1,-1.6261,-0.169985887979913,352.2515,"0"
"12744",360,36000409,16,0,-2.9101,-1.40277066616356,383.567,"0"
"12745",360,36000008,16,0,-0.1204,1.27565588811909,355.4595,"1"
"12746",360,36000029,16,0,-0.4756,0.934623837331838,366.1234,"0"
"12747",360,36000100,16,1,-0.2196,1.18041270276409,352.0969,"0"
"12748",360,36000095,16,1,-2.0639,-0.590323252379292,320.2568,"0"
"12749",360,36000350,16,0,-2.4559,-0.966687452572431,420.4152,"1"
"12750",360,36000011,16,0,-1.8921,-0.425375880968115,409.0262,"0"
"12751",360,36000375,16,0,-2.4685,-0.978784873292925,332.0267,"1"
"12752",360,36000170,16,1,-1.1018,0.333401229778411,433.9474,"1"
"12753",360,36000369,16,1,-0.0173,1.37464351322091,442.5223,"0"
"12754",360,36000254,16,1,-2.549,-1.0560739501183,293.8682,"0"
"12755",360,36000226,16,0,-0.1455,1.25155705795366,467.9353,"1"
"12756",360,36000059,16,1,-0.6928,0.72608734681666,365.3297,"0"
"12757",360,36000398,16,1,-1.5963,-0.14137452786319,415.0315,"0"
"12758",360,36000240,16,0,-0.0318,1.36072187826479,572.7826,"1"
"12759",360,36000279,16,0,0.3862,1.76204901010339,464.3183,"1"
"12760",360,36000230,16,0,-0.6873,0.731367966972431,299.1115,"0"
"12761",360,36000178,16,0,-1.8171,-0.353367424298509,311.9384,"0"
"12762",360,36000371,16,0,-1.0929,0.341946233303204,442.7884,"1"
"12763",360,36000046,16,1,-1.8585,-0.393116092380132,326.8667,"0"
"12764",360,36000101,16,1,-2.0862,-0.611733766829054,366.1672,"1"
"12765",360,36000360,16,1,0.0235,1.41381611364917,298.422,"1"
"12766",360,36000342,16,1,-1.1277,0.308534309408507,393.1116,"0"
"12767",360,36000334,16,1,-2.342,-0.85733060971019,501.5353,"0"
"12768",360,36000085,16,1,-3.3899,-1.86343276629792,331.8701,"1"
"12769",360,36000177,16,1,-0.6768,0.741449150906176,363.5909,"0"
"12770",360,36000130,16,0,-3.1812,-1.6630572342053,448.6761,"0"
"12771",360,36000385,16,1,-1.5339,-0.081463491914078,543.9207,"0"
"12772",360,36000021,16,1,-1.8787,-0.412510370043145,380.7707,"1"
"12773",360,36000370,16,0,-0.6458,0.771212646329613,339.3747,"0"
"12774",360,36000200,16,1,-1.6103,-0.154816106441516,399.3304,"0"
"12775",360,36000357,16,0,-3.0353,-1.52297678316402,358.8811,"0"
"12776",360,36000150,16,0,-3.1501,-1.6331977275063,441.7994,"1"
"12777",360,36000117,16,0,-1.8027,-0.339541800617945,447.1883,"1"
"12778",360,36000124,16,1,-1.9833,-0.512938164278355,326.6688,"0"
"12779",360,36000169,16,0,-2.447,-0.958142449047638,311.5511,"1"
"12780",360,36000287,16,0,0.4515,1.82474437304372,507.5567,"0"
"12781",360,36000122,16,0,-2.2237,-0.743749270723332,558.6563,"1"
"12782",360,36000337,16,0,-1.6268,-0.17065796690883,390.5663,"1"
"12783",360,36000207,16,1,-1.3528,0.09241292812413,371.2446,"0"
"12784",360,36000270,16,1,-0.0263,1.36600249842056,327.9604,"0"
"12785",360,36000199,16,1,0.1576,1.54256723417443,313.1656,"0"
"12786",360,36000006,16,1,0.0689,1.45740523275318,350.528,"0"
"12787",360,36000314,16,1,-1.3082,0.135233957023656,421.3639,"0"
"12788",360,36000065,16,0,-0.3945,1.01248898181057,336.4045,"0"
"12789",360,36000224,16,1,-0.9075,0.519951138190469,434.3529,"0"
"12790",360,36000025,16,1,-1.6872,-0.228648777346752,448.5323,"0"
"12791",360,36000223,16,0,1.2026,2.54588506377094,562.619,"1"
"12792",360,36000058,16,1,-2.4715,-0.981665211559709,349.6203,"0"
"12793",360,36000032,16,0,-1.6142,-0.158560546188336,297.3858,"0"
"12794",360,36000060,16,0,-1.9607,-0.491239616001914,354.1149,"1"
"12795",360,36000148,16,0,-0.373,1.03313140605586,406.7906,"0"
"12796",360,36000099,16,1,-0.2462,1.15487370346527,364.3856,"0"
"12797",360,36000137,16,1,-2.0297,-0.557487396137952,328.3979,"0"
"12798",360,36000292,16,0,-1.4132,0.0344221176862075,425.7198,"0"
"12799",360,36000166,16,1,-2.4696,-0.979840997324079,406.2013,"1"
"12800",360,36000241,16,1,-1.2253,0.21482730446246,433.9921,"0"
"12801",360,36000346,16,0,-2.3336,-0.849265662563194,355.0862,"1"
"12802",360,36000197,16,1,-1.0831,0.351355338308032,348.5296,"0"
"12803",360,36000068,16,1,-1.4227,0.0253010465080574,403.3538,"0"
"12804",360,36000050,16,1,-1.4006,0.0465195384067012,297.9915,"0"
"12805",360,36000219,16,0,-2.2434,-0.762663492008548,297.0823,"0"
"12806",360,36000255,16,0,-1.3261,0.11804793869851,376.898,"0"
"12807",360,36000195,16,0,-0.0372,1.35553726938457,458.6352,"0"
"12808",360,36000135,16,1,-1.8598,-0.394364238962405,336.6472,"1"
"12809",360,36000070,16,1,-0.1382,1.2585658810695,338.048,"1"
"12810",360,36000313,16,0,-2.3953,-0.90850461958339,367.385,"1"
"12811",360,36000006,16,0,-1.9913,-0.520619066323113,327.2808,"0"
"12812",360,36000337,16,0,-0.0778,1.31655669150743,361.1986,"1"
"12813",360,36000362,16,0,-1.2912,0.151555873868766,364.5372,"0"
"12814",360,36000105,16,0,-2.4106,-0.923194344743989,329.4897,"0"
"12815",360,36000280,16,0,0.6625,2.02732816447422,409.5811,"1"
"12816",360,36000073,16,1,-0.7218,0.698244076904413,480.7593,"1"
"12817",360,36000025,16,0,-1.3569,0.0884764658261915,544.7606,"1"
"12818",360,36000382,16,0,0.2034,1.58654039838067,462.6959,"0"
"12819",360,36000002,16,0,0.2311,1.61313552171064,397.4955,"0"
"12820",360,36000330,16,0,0.7683,2.12890809401614,514.1741,"1"
"12821",360,36000103,16,0,-1.8028,-0.339637811893504,363.5028,"1"
"12822",360,36000264,16,0,-1.6989,-0.239882096587211,332.3079,"0"
"12823",360,36000410,16,0,-1.099,0.336089545494076,375.7544,"0"
"12824",360,36000338,16,0,-1.2261,0.214059214257984,461.6484,"0"
"12825",360,36000171,16,0,-2.0019,-0.530796261532418,371.9484,"1"
"12826",360,36000174,16,1,-1.3564,0.0889565222039889,524.7734,"1"
"12827",360,36000331,16,1,-1.3699,0.07599500000346,446.4665,"1"
"12828",360,36000064,16,1,-1.5846,-0.130141208622731,283.2817,"0"
"12829",360,36000072,16,0,-0.0491,1.344111927593,465.0899,"1"
"12830",360,36000242,16,1,-0.8119,0.611737917625326,333.5991,"0"
"12831",360,36000288,16,0,-2.6177,-1.12203369642766,382.5838,"0"
"12832",360,36000383,16,1,-0.0872,1.30753163160484,465.4891,"1"
"12833",360,36000051,16,1,0.2757,1.65595655061017,321.0143,"1"
"12834",360,36000249,16,1,-1.1305,0.305845993692841,447.5888,"0"
"12835",360,36000283,16,0,-2.7975,-1.2946619698836,353.0093,"1"
"12836",360,36000198,16,0,-3.0386,-1.52614515525749,351.1781,"1"
"12837",360,36000235,16,1,-1.4235,0.0245329563035817,359.9059,"0"
"12838",360,36000376,16,0,-2.7023,-1.20325923555098,425.7146,"1"
"12839",360,36000060,16,0,-1.5955,-0.140606437658714,350.7599,"0"
"12840",360,36000037,16,0,-1.495,-0.0441151057214426,361.6217,"0"
"12841",360,36000297,16,0,-2.6302,-1.13403510587259,344.3131,"1"
"12842",360,36000064,16,0,0.301,1.68024740332672,301.9737,"1"
"12843",360,36000334,16,1,-2.3154,-0.831791610411369,512.9241,"1"
"12844",360,36000331,16,0,-2.9583,-1.44904810098323,480.3102,"1"
"12845",360,36000403,16,1,-1.3419,0.102878157160113,290.1184,"0"
"12846",360,36000403,16,0,-2.4056,-0.918393780966016,391.341,"1"
"12847",360,36000222,16,0,-2.101,-0.625943435611857,364.3599,"0"
"12848",360,36000367,16,1,-0.7882,0.634492589932922,284.7791,"1"
"12849",360,36000251,16,1,-0.3396,1.06519917209272,312.7521,"0"
"12850",360,36000129,16,1,-1.7381,-0.277518516606524,368.9245,"0"
"12851",360,36000297,16,1,-0.1343,1.26231032081632,334.5387,"0"
"12852",360,36000340,16,0,-0.4635,0.946241201674535,465.9713,"1"
"12853",360,36000354,16,0,-1.404,0.0432551550376792,414.9555,"0"
"12854",360,36000374,16,1,-0.7617,0.659935577956183,286.6684,"1"
"12855",360,36000070,16,1,-2.2295,-0.749317924705781,342.2033,"1"
"12856",360,36000094,16,1,-2.0727,-0.598772244628526,482.6613,"0"
"12857",360,36000384,16,1,-1.5566,-0.103258051466079,417.7284,"0"
"12858",360,36000012,16,1,-1.2785,0.163749305864819,494.6835,"1"
"12859",360,36000081,16,1,-0.9401,0.48865146235808,302.8151,"0"
"12860",360,36000230,16,0,-1.3624,0.0831958456704204,462.9245,"0"
"12861",360,36000404,16,1,-1.3175,0.126304908396625,318.7415,"0"
"12862",360,36000191,16,0,-2.1272,-0.651098389808439,287.1164,"1"
"12863",360,36000330,16,1,0.0287,1.41880869997827,445.7956,"0"
"12864",360,36000080,16,0,-0.1879,1.21084827711645,455.9809,"1"
"12865",360,36000278,16,1,-3.4191,-1.89146805876129,370.9897,"0"
"12866",360,36000022,16,1,-1.6844,-0.225960461631087,411.4356,"1"
"12867",360,36000263,16,1,-2.3274,-0.843312963478506,442.3794,"0"
"12868",360,36000229,16,1,-0.7574,0.66406406280524,256.4277,"0"
"12869",360,36000074,16,1,-2.6436,-1.14690061679756,362.7642,"0"
"12870",360,36000085,16,0,-2.55,-1.0570340628739,341.9795,"0"
"12871",360,36000394,16,0,-1.4186,0.0292375088059958,412.3774,"1"
"12872",360,36000087,16,1,-1.7082,-0.248811145214242,302.7386,"0"
"12873",360,36000407,16,0,-1.8304,-0.366136923947919,304.0996,"1"
"12874",360,36000373,16,0,-1.8763,-0.410206099429718,438.7961,"1"
"12875",360,36000142,16,1,-1.5641,-0.110458897133039,395.9733,"0"
"12876",360,36000266,16,0,-1.4267,0.0214605954856784,364.2368,"0"
"12877",360,36000146,16,1,-0.8752,0.550962780196179,295.1023,"0"
"12878",360,36000073,16,1,-0.4836,0.92694293528708,434.198,"0"
"12879",360,36000231,16,0,-1.5173,-0.0655256201712053,430.7685,"0"
"12880",360,36000351,16,0,-0.2463,1.15477769218971,556.3536,"1"
"12881",360,36000217,16,1,-1.9115,-0.444002068426653,345.7117,"1"
"12882",360,36000204,16,1,-1.4869,-0.0363381924011251,392.8927,"1"
"12883",360,36000297,16,1,-3.0302,-1.51808020811049,314.3646,"0"
"12884",360,36000019,16,0,-1.7163,-0.256588058534559,365.3021,"1"
"12885",360,36000114,16,0,0.0259,1.4161203842626,337.6361,"0"
"12886",360,36000085,16,1,-0.7305,0.689891095930738,319.814,"0"
"12887",360,36000215,16,0,-1.5927,-0.137918121943049,283.4471,"1"
"12888",360,36000114,16,1,-1.1029,0.332345105747256,358.5578,"0"
"12889",360,36000245,16,1,-1.157,0.280403005669581,378.5497,"1"
"12890",360,36000297,16,1,-2.9143,-1.40680313973706,312.5344,"0"
"12891",360,36000041,16,1,-2.383,-0.896695232689574,360.1746,"0"
"12892",360,36000039,16,0,-2.3765,-0.890454499778208,360.1252,"0"
"12893",360,36000097,16,0,-0.7947,0.628251857021556,321.4308,"0"
"12894",360,36000412,16,1,-1.6045,-0.149247452459067,347.926,"0"
"12895",360,36000374,1,1,-2.2972,-0.814317558259545,314.1769,"0"
"12896",360,36000258,16,1,-1.0207,0.411266374257144,317.8204,"1"
"12897",360,36000176,16,1,-1.8988,-0.4318086364306,268.3501,"1"
"12898",360,36000247,16,1,-1.5339,-0.081463491914078,420.2645,"0"
"12899",360,36000410,16,0,-1.945,-0.476165845739077,297.8563,"0"
"12900",360,36000056,16,1,-0.336,1.06865557801286,425.1398,"0"
"12901",360,36000338,16,1,-2.5204,-1.02861472530829,372.0995,"1"
"12902",360,36000161,16,1,-1.5893,-0.134653738574027,414.5604,"0"
"12903",360,36000056,16,0,-1.9116,-0.444098079702212,347.1784,"0"
"12904",360,36000090,16,0,-1.1615,0.276082498269404,397.157,"0"
"12905",360,36000286,16,0,-3.8082,-2.2650479319632,310.1723,"0"
"12906",360,36000197,16,1,-2.6556,-1.1584219698647,369.7917,"1"
"12907",360,36000268,16,0,-2.0165,-0.544813907764101,330.3547,"0"
"12908",360,36000190,16,1,-0.9569,0.472521568064089,469.2075,"1"
"12909",360,36000331,16,0,-1.7874,-0.324852075457345,396.0392,"1"
"12910",360,36000021,16,0,-1.3936,0.0532403276958645,361.8027,"0"
"12911",360,36000065,16,0,-1.5429,-0.0901045067144306,351.9649,"0"
"12912",360,36000083,16,0,-2.1379,-0.661371596293303,328.8152,"0"
"12913",360,36000091,16,0,-1.7126,-0.253035641338858,342.5409,"0"
"12914",360,36000190,16,1,-0.6304,0.785998382765772,492.5979,"1"
"12915",360,36000398,16,1,-1.4357,0.0128195806853258,457.4184,"0"
"12916",360,36000350,16,0,-2.5231,-1.0312070297484,384.8479,"1"
"12917",360,36000035,16,1,0.2505,1.63176170916918,330.4099,"0"
"12918",360,36000410,16,1,-2.1854,-0.706976952184053,338.0048,"1"
"12919",360,36000173,16,1,-2.0324,-0.560079700578057,354.26,"0"
"12920",360,36000397,16,1,-1.7921,-0.329364605408641,326.258,"1"
"12921",360,36000372,16,0,-3.0663,-1.55274027858746,359.1852,"0"
"12922",360,36000078,16,1,-2.0365,-0.564016162875996,372.7448,"0"
"12923",360,36000147,16,1,-0.719,0.700932392620078,438.3522,"0"
"12924",360,36000255,16,0,-2.0152,-0.543565761181828,389.5644,"1"
"12925",360,36000299,16,1,-1.1918,0.246991081774884,354.2801,"0"
"12926",360,36000324,16,0,-2.1597,-0.682302054365268,289.4524,"0"
"12927",360,36000291,16,0,0.3778,1.75398406295639,420.2429,"0"
"12928",360,36000194,16,0,-0.1901,1.20873602905414,389.9003,"0"
"12929",360,36000056,16,0,-1.9847,-0.514282322136188,385.9185,"0"
"12930",360,36000170,16,0,-1.5339,-0.081463491914078,370.2875,"0"
"12931",360,36000302,16,0,-2.0086,-0.537229016994902,348.3387,"0"
"12932",360,36000260,16,1,-0.5255,0.886714210827661,448.3442,"0"
"12933",360,36000334,16,0,-1.7038,-0.244586649089625,492.5712,"1"
"12934",360,36000200,16,1,-1.4528,-0.00359834743534439,463.0185,"1"
"12935",360,36000073,16,0,-2.3965,-0.909656754890103,348.47,"1"
"12936",360,36000012,16,0,-1.4801,-0.0298094256630808,414.5066,"0"
"12937",360,36000100,16,1,-1.6373,-0.180739150842574,324.0412,"0"
"12938",360,36000382,16,0,-1.4997,-0.0486276356727378,422.8553,"0"
"12939",360,36000056,16,0,-3.2681,-1.74649103266648,419.3744,"0"
"12940",360,36000219,13,1,-1.0554,0.377950461638007,281.7961,"0"
"12941",360,36000307,16,1,-0.513,0.898715620272595,319.3882,"0"
"12942",360,36000077,16,1,-2.3275,-0.843408974754066,307.9972,"0"
"12943",360,36000045,16,1,-1.0682,0.365661018366394,370.8823,"0"
"12944",360,36000300,16,0,0.2414,1.62302468309327,427.6371,"0"
"12945",360,36000106,16,0,-2.5578,-1.06452294236754,349.4195,"0"
"12946",360,36000033,16,1,-1.3685,0.0773391578612925,346.583,"1"
"12947",360,36000325,16,1,-0.9141,0.513614394003544,453.3613,"1"
"12948",360,36000312,16,0,-2.511,-1.0195896654057,334.7349,"0"
"12949",360,36000359,16,0,-1.1354,0.301141441190427,500.9871,"1"
"12950",360,36000292,16,0,-0.3539,1.05146955968772,363.853,"0"
"12951",360,36000018,16,1,-2.1696,-0.691807170645656,349.0465,"0"
"12952",360,36000144,16,1,-1.308,0.135425979574774,286.8937,"0"
"12953",360,36000313,16,1,-1.5114,-0.0598609549131963,343.4858,"0"
"12954",360,36000121,16,0,-1.622,-0.166049425681975,434.6116,"1"
"12955",360,36000340,16,1,0.7207,2.08320672684983,518.5238,"1"
"12956",360,36000130,16,0,-1.9617,-0.492199728757509,360.1513,"1"
"12957",360,36000129,16,0,-0.1082,1.28736926373735,399.169,"1"
"12958",360,36000171,16,0,-1.5339,-0.081463491914078,327.787,"0"
"12959",360,36000245,16,0,-0.7422,0.67865777669028,418.815,"0"
"12960",360,36000301,16,0,-1.5825,-0.128124971835982,397.6595,"1"
"12961",360,36000367,16,1,-1.5703,-0.116411596217727,311.5052,"0"
"12962",360,36000395,16,1,-1.986,-0.515530468718461,284.2357,"0"
"12963",360,36000074,16,0,-1.5505,-0.0974013636569507,359.7852,"1"
"12964",360,36000029,16,0,-0.5397,0.873080609698215,423.2326,"1"
"12965",360,36000056,16,0,-0.6191,0.796847656903993,457.019,"0"
"12966",360,36000150,16,0,-1.6641,-0.206470172692513,333.2671,"1"
"12967",360,36000193,16,0,-3.1932,-1.67457858727243,402.5604,"1"
"12968",360,36000267,16,1,-1.681,-0.222696078262065,468.6278,"0"
"12969",360,36000301,16,1,0.6388,2.00457349216662,475.7082,"1"
"12970",360,36000292,16,1,0.2174,1.599981976959,472.3003,"0"
"12971",360,36000106,16,0,-2.5858,-1.09140609952419,384.2572,"0"
"12972",360,36000383,16,1,-0.8267,0.597528248842524,371.0047,"0"
"12973",360,36000303,16,1,-1.0396,0.393120243176403,444.9785,"0"
"12974",360,36000410,16,0,-1.2481,0.1929367336349,379.6823,"0"
"12975",360,36000269,16,1,-1.4608,-0.0112792494801023,457.9931,"0"
"12976",360,36000287,16,0,-1.6124,-0.156832343228265,417.0832,"0"
"12977",360,36000166,16,0,-2.772,-1.27017909461593,372.5835,"1"
"12978",360,36000294,16,1,-2.2304,-0.750182026185816,358.9666,"0"
"12979",360,36000182,16,0,-0.1956,1.20345540889837,376.7268,"0"
"12980",360,36000369,16,1,0.4395,1.81322301997659,459.3451,"1"
"12981",360,36000260,16,0,-0.0421,1.35083271688216,407.9173,"0"
"12982",360,36000025,16,1,-1.323,0.121024288240853,327.4121,"0"
"12983",360,36000064,16,1,-1.923,-0.455043365115992,343.8541,"0"
"12984",360,36000248,16,0,-1.5339,-0.081463491914078,243.6644,"0"
"12985",360,36000082,16,1,0.1526,1.53776667039646,443.3237,"1"
"12986",360,36000106,16,1,-1.8698,-0.403965366518352,316.3045,"1"
"12987",360,36000398,16,0,-0.7976,0.625467530030331,421.2903,"1"
"12988",360,36000091,16,1,-1.7722,-0.310258361572305,387.0895,"1"
"12989",360,36000237,16,1,-0.9689,0.461000214996952,378.6942,"0"
"12990",360,36000293,16,1,-1.2884,0.154244189584431,314.6197,"0"
"12991",360,36000090,16,1,-1.9033,-0.436129143830776,332.1792,"0"
"12992",360,36000187,16,0,-1.342,0.102782145884553,417.7272,"0"
"12993",360,36000242,16,1,-1.3214,0.122560468649805,332.8603,"0"
"12994",360,36000183,16,1,-3.3726,-1.84682281562613,328.8505,"0"
"12995",360,36000195,16,0,0.0087,1.39960644486637,410.6533,"0"
"12996",360,36000386,16,0,-1.9765,-0.506409397540311,346.7801,"0"
"12997",360,36000345,16,0,-1.241,0.199753534199622,351.4311,"1"
"12998",360,36000037,16,1,-2.0689,-0.595123816157266,435.5286,"1"
"12999",360,36000370,16,1,-1.849,-0.383995021201981,345.0993,"0"
"13000",360,36000360,16,1,-1.5339,-0.081463491914078,305.9945,"0"
"13001",360,36000347,16,1,-1.9512,-0.482118544823764,289.8314,"0"
"13002",360,36000375,16,0,-2.7503,-1.24934464781952,316.0051,"1"
"13003",360,36000116,16,1,-1.4166,0.0311577343171853,320.7406,"1"
"13004",360,36000284,16,0,-1.6857,-0.22720860821336,408.6257,"0"
"13005",360,36000166,16,0,-1.9427,-0.473957586401209,284.6979,"1"
"13006",360,36000023,16,0,-2.0212,-0.549326437715396,418.2847,"0"
"13007",360,36000091,16,1,-2.365,-0.879413203088869,361.8412,"0"
"13008",360,36000166,16,0,-2.5369,-1.04445658577561,346.7883,"0"
"13009",360,36000041,16,1,0.0958,1.48323226587867,400.428,"1"
"13010",360,36000263,16,0,-2.6089,-1.11358470417843,387.3292,"0"
"13011",360,36000369,16,1,-1.2584,0.183047572252274,368.3064,"0"
"13012",360,36000121,16,1,-1.4463,0.00264238547602161,332.8117,"1"
"13013",360,36000209,16,1,-0.2992,1.10398772741875,369.1479,"0"
"13014",360,36000045,16,0,-1.8259,-0.361816416547743,416.223,"1"
"13015",360,36000003,16,1,-0.8727,0.553363062085166,443.4278,"0"
"13016",360,36000318,16,0,-0.7094,0.710149475073788,357.6714,"0"
"13017",360,36000136,16,1,-0.0402,1.35265693111779,385.6557,"0"
"13018",360,36000338,16,0,-0.2142,1.1855973116443,382.8429,"0"
"13019",360,36000340,16,0,-0.0401,1.35275294239335,461.9877,"1"
"13020",360,36000215,16,0,-3.5118,-1.98047051120492,285.8028,"0"
"13021",360,36000142,16,0,0.2049,1.58798056751406,371.3403,"1"
"13022",360,36000386,16,0,-0.5433,0.869624203778074,417.6635,"0"
"13023",360,36000082,16,1,-1.5477,-0.0947130479412855,425.1021,"1"
"13024",360,36000391,16,1,0.2578,1.63877053228502,396.4188,"0"
"13025",360,36000330,16,0,-1.9558,-0.4865350634995,397.1869,"0"
"13026",360,36000166,16,1,-2.6894,-1.1908737810038,400.6722,"0"
"13027",360,36000213,16,0,-0.2068,1.19270214603571,375.7394,"0"
"13028",360,36000122,16,0,-0.2771,1.12520621931739,533.4584,"1"
"13029",360,36000127,16,0,-3.0535,-1.54045083531585,315.394,"0"
"13030",360,36000190,16,1,0.7918,2.15147074377262,429.8781,"1"
"13031",360,36000201,16,0,-1.3358,0.108734844969241,408.9126,"0"
"13032",360,36000334,16,0,-2.0815,-0.607221236877759,424.0816,"1"
"13033",360,36000220,16,1,-2.7409,-1.24031958791693,309.1556,"0"
"13034",360,36000217,16,0,-1.4514,-0.00225418957751168,358.4132,"0"
"13035",360,36000069,16,1,-0.1919,1.20700782609407,432.2449,"1"
"13036",360,36000358,16,1,-1.8093,-0.34587854480487,375.6584,"0"
"13037",360,36000085,16,0,0.2357,1.61755204038638,420.0883,"0"
"13038",360,36000077,16,1,-1.5618,-0.108250637795171,343.2383,"0"
"13039",360,36000252,16,1,-1.6595,-0.202053654016778,326.7278,"0"
"13040",360,36000281,16,0,-2.019,-0.547214189653088,352.5025,"0"
"13041",360,36000230,16,0,-1.8567,-0.391387889420061,321.5725,"0"
"13042",360,36000075,16,1,-1.3138,0.129857325592325,433.2614,"1"
"13043",360,36000372,16,0,-1.9753,-0.505257262233597,317.6179,"0"
"13044",360,36000257,16,1,-0.5855,0.829107445491976,257.6069,"1"
"13045",360,36000119,16,1,-1.7465,-0.28558346375352,344.1182,"1"
"13046",360,36000156,16,1,0.3683,1.74486299177824,395.0314,"0"
"13047",360,36000034,16,0,-2.5624,-1.06893946104327,425.3722,"1"
"13048",360,36000297,16,0,-1.8774,-0.411262223460872,348.0369,"1"
"13049",360,36000297,16,1,-1.754,-0.292784309420481,363.8545,"1"
"13050",360,36000261,16,0,-3.8293,-2.28530631110625,296.21,"0"
"13051",360,36000349,16,0,-0.5883,0.826419129776311,447.9367,"1"
"13052",360,36000340,16,0,-0.651,0.766220060000521,448.2673,"0"
"13053",360,36000218,16,0,-3.327,-1.80304167397101,328.0221,"1"
"13054",360,36000376,16,1,-2.3659,-0.880277304568904,290.8376,"1"
"13055",360,36000241,16,1,-2.0807,-0.606453146673284,423.5292,"0"
"13056",360,36000251,16,1,-0.6809,0.737512688608238,356.4,"0"
"13057",360,36000027,16,0,-2.2876,-0.805100475805836,470.4804,"0"
"13058",360,36000285,16,1,-1.6484,-0.191396402429676,470.0518,"0"
"13059",360,36000030,16,0,-1.3678,0.0780112367902089,397.7259,"0"
"13060",360,36000395,16,1,-1.9943,-0.523499404589898,332.4481,"0"
"13061",360,36000268,16,0,-2.2769,-0.794827269320972,397.4158,"0"
"13062",360,36000317,16,1,-0.9536,0.475689940157551,347.5425,"0"
"13063",360,36000119,16,0,-2.0682,-0.594451737228349,413.386,"1"
"13064",360,36000345,16,0,-2.5408,-1.04820102552242,390.4855,"1"
"13065",360,36000080,16,1,-0.3657,1.0401402291717,455.286,"0"
"13066",360,36000329,16,0,-2.997,-1.48620446462475,512.0747,"1"
"13067",360,36000020,16,0,-2.5787,-1.08458929895947,334.2466,"0"
"13068",360,36000124,17,1,-0.363,1.04273253361181,260.8609,"0"
"13069",360,36000178,16,0,-2.919,-1.41131566968836,453.8062,"1"
"13070",360,36000127,16,1,-2.2709,-0.789066592787404,264.0618,"0"
"13071",360,36000117,16,1,-1.8071,-0.343766296742562,346.1981,"0"
"13072",360,36000153,16,0,-2.0302,-0.557967452515749,418.3267,"1"
"13073",360,36000105,16,0,-2.9932,-1.48255603615349,356.7023,"0"
"13074",360,36000086,16,0,-3.5715,-2.03778924271393,346.7599,"1"
"13075",360,36000373,16,1,-1.2277,0.212523033849032,403.093,"0"
"13076",360,36000080,16,0,-0.3463,1.05876641663024,382.7122,"1"
"13077",360,36000213,16,1,-1.4091,0.0383585799841459,352.523,"0"
"13078",360,36000349,16,0,-1.5943,-0.139454302352,562.4668,"1"
"13079",360,36000194,16,1,-0.6965,0.72253492962096,436.414,"0"
"13080",360,36000413,16,0,-1.6654,-0.207718319274787,373.0735,"0"
"13081",360,36000279,16,0,-1.9438,-0.475013710432363,444.8512,"1"
"13082",360,36000182,16,0,-0.2273,1.17301983454601,430.4057,"1"
"13083",360,36000115,16,1,-1.4758,-0.0256809408140234,382.2277,"1"
"13084",360,36000376,16,1,-1.7764,-0.314290835145803,383.3586,"1"
"13085",360,36000035,16,0,-1.2311,0.20925865048001,409.7762,"0"
"13086",360,36000092,16,0,-1.2147,0.225004499671764,386.7099,"1"
"13087",360,36000085,16,1,-3.1667,-1.64913559924917,309.0678,"0"
"13088",360,36000050,16,0,-1.311,0.13254564130799,303.2029,"0"
"13089",360,36000134,16,0,-1.6014,-0.146271102916723,399.472,"0"
"13090",360,36000352,16,0,-1.9896,-0.518986874638602,288.681,"0"
"13091",360,36000108,16,1,-1.942,-0.473285507472292,378.7004,"1"
"13092",360,36000293,16,0,-2.813,-1.30954371759531,339.7559,"0"
"13093",360,36000187,16,0,0.4042,1.77933103970409,550.3049,"1"
"13094",360,36000039,16,1,-2.4809,-0.9906902714623,363.3934,"0"
"13095",360,36000312,16,0,-2.169,-0.691231102992299,327.2064,"1"
"13096",360,36000005,17,0,-1.5379,-0.085303942936457,334.1841,"0"
"13097",360,36000029,16,0,-0.8766,0.549618622338346,356.4896,"1"
"13098",360,36000239,16,0,-1.9149,-0.447266451795675,374.5714,"1"
"13099",360,36000023,16,0,-3.1738,-1.6559523998139,412.5767,"0"
"13100",360,36000166,16,0,-0.3946,1.01239297053501,339.3808,"0"
"13101",360,36000310,16,1,-1.2765,0.165669531376009,330.5229,"0"
"13102",360,36000184,16,1,-1.6607,-0.203205789323491,304.0377,"0"
"13103",360,36000008,16,1,-1.1293,0.306998128999555,361.6273,"0"
"13104",360,36000070,16,1,-1.9878,-0.517258671678532,344.4298,"0"
"13105",360,36000205,16,0,-0.3466,1.05847838280356,410.1038,"1"
"13106",360,36000290,16,1,-0.056,1.33748714957939,406.7548,"1"
"13107",360,36000395,16,1,-1.0576,0.375838213575698,336.4458,"0"
"13108",360,36000386,16,0,0.9171,2.27177287204864,453.7155,"1"
"13109",360,36000256,16,1,-1.897,-0.430080433470529,356.2039,"0"
"13110",360,36000351,16,1,-0.1938,1.20518361185844,460.7191,"1"
"13111",360,36000212,16,1,-1.6605,-0.203013766772372,368.4771,"0"
"13112",360,36000142,16,0,-0.3158,1.08804985567588,330.9665,"0"
"13113",360,36000184,16,1,-2.6899,-1.1913538373816,328.6044,"1"
"13114",360,36000220,16,1,-1.6178,-0.162016952108477,342.2705,"0"
"13115",360,36000163,16,1,-0.4175,0.990406388431893,360.8361,"0"
"13116",360,36000396,16,1,-0.6106,0.805008615326548,401.7885,"1"
"13117",360,36000011,16,1,-1.9423,-0.473573541298971,401.1445,"1"
"13118",360,36000014,16,1,-1.2084,0.231053210032011,353.5686,"0"
"13119",360,36000199,16,1,-1.5044,-0.053140165624033,367.2702,"1"
"13120",360,36000200,16,1,-0.7652,0.656575183311601,407.5735,"1"
"13121",360,36000106,16,1,-2.7545,-1.25337712139302,342.6747,"0"
"13122",360,36000020,16,0,-1.7658,-0.304113639936499,324.2889,"0"
"13123",360,36000191,16,1,-2.1197,-0.643897544141478,268.9243,"0"
"13124",360,36000347,16,1,-2.8251,-1.32116108193801,317.6593,"1"
"13125",360,36000242,16,1,-2.1557,-0.678461603342889,386.8409,"0"
"13126",360,36000399,16,0,-2.8841,-1.3778077345181,367.7124,"0"
"13127",360,36000314,16,1,-1.206,0.233357480645438,534.7804,"1"
"13128",360,36000100,16,1,-2.7562,-1.25500931307753,345.0093,"0"
"13129",360,36000113,16,0,-2.5932,-1.09851093391559,322.0552,"0"
"13130",360,36000315,16,1,-1.5301,-0.0778150634428179,371.6136,"1"
"13131",360,36000285,16,0,-1.5787,-0.124476543364722,387.4608,"0"
"13132",360,36000023,16,1,-2.8951,-1.38836897482964,389.9879,"0"
"13133",360,36000041,16,0,-3.6639,-2.12650366133088,402.106,"0"
"13134",360,36000193,16,1,-2.8579,-1.35265278032152,337.7729,"0"
"13135",360,36000280,16,0,0.2185,1.60103810099015,457.7953,"1"
"13136",360,36000362,16,0,-1.0651,0.368637367908738,408.708,"0"
"13137",360,36000149,16,1,-1.18,0.258320412290902,339.4399,"0"
"13138",360,36000363,16,1,-1.2382,0.202441849915288,417.7773,"0"
"13139",360,36000187,16,1,-0.9577,0.471753477859613,448.9695,"0"
"13140",360,36000115,16,0,-0.8552,0.570165035308074,423.0376,"0"
"13141",360,36000374,16,1,-2.9633,-1.4538486647612,349.0124,"1"
"13142",360,36000055,16,1,-2.7678,-1.26614662104243,400.397,"1"
"13143",360,36000399,16,0,-2.027,-0.554895091697846,381.0082,"0"
"13144",360,36000305,16,1,-1.1546,0.282707276283008,302.5515,"0"
"13145",360,36000270,16,0,-2.6235,-1.12760235041011,275.0571,"0"
"13146",360,36000167,16,0,-1.1491,0.287987896438779,434.293,"0"
"13147",360,36000212,16,1,-1.8079,-0.344534386947038,437.8762,"0"
"13148",360,36000318,16,0,-0.2804,1.12203784722393,445.1123,"1"
"13149",360,36000258,16,1,-2.1861,-0.707649031112969,313.7827,"0"
"13150",360,36000410,16,1,-1.7029,-0.24372254760959,395.5547,"1"
"13151",360,36000188,16,1,-1.5599,-0.106426423559541,306.0389,"1"
"13152",360,36000216,16,1,-3.3095,-1.7862397007481,334.9077,"0"
"13153",360,36000380,16,1,-0.8532,0.572085260819264,356.6527,"0"
"13154",360,36000111,16,1,-0.9201,0.507853717469975,418.2125,"0"
"13155",360,36000075,16,1,-1.0208,0.411170362981585,351.8471,"1"
"13156",360,36000102,16,1,-0.3244,1.07979288597776,530.5385,"1"
"13157",360,36000091,16,1,-1.8776,-0.411454246011991,381.354,"1"
"13158",360,36000272,16,1,-0.7223,0.697764020526615,396.9469,"1"
"13159",360,36000374,16,1,-2.293,-0.810285084686047,361.3295,"0"
"13160",360,36000338,16,0,-0.4596,0.949985641421354,450.4053,"1"
"13161",360,36000312,16,1,-2.103,-0.627863661123046,325.7784,"1"
"13162",360,36000210,16,1,-1.4103,0.0372064446774322,364.1885,"1"
"13163",360,36000268,16,1,-2.1568,-0.679517727374043,353.919,"0"
"13164",360,36000002,16,0,-2.8826,-1.37636756538471,344.0628,"0"
"13165",360,36000117,16,0,-2.9537,-1.44463158230749,320.3867,"1"
"13166",360,36000274,16,0,-2.0265,-0.554415035320048,293.3243,"0"
"13167",360,36000398,16,1,-2.2039,-0.724739038162556,453.885,"1"
"13168",360,36000281,16,0,-2.5311,-1.03888793179316,449.1585,"1"
"13169",360,36000386,16,1,-2.8626,-1.35716531027281,388.6363,"0"
"13170",360,36000078,16,0,-2.6769,-1.17887237155887,344.9517,"0"
"13171",360,36000135,16,1,-2.6575,-1.16024618410033,305.5019,"1"
"13172",360,36000108,16,1,0.6033,1.97048948934301,347.1955,"0"
"13173",360,36000198,16,0,-2.6409,-1.14430831235746,328.9383,"0"
"13174",360,36000283,16,0,-2.8721,-1.36628638145096,337.7264,"0"
"13175",360,36000024,16,0,-1.121,0.314967064870991,349.3544,"0"
"13176",360,36000321,16,0,-1.5377,-0.085111920385338,327.1673,"0"
"13177",360,36000128,16,0,-2.2919,-0.809228960654893,409.8417,"1"
"13178",360,36000370,16,1,-2.2753,-0.79329108891202,371.8184,"1"
"13179",360,36000402,16,1,-2.7882,-1.28573292125656,249.502,"0"
"13180",360,36000251,16,1,-0.7033,0.716006162882916,363.4197,"1"
"13181",360,36000076,16,0,-1.797,-0.334069157911055,395.0634,"0"
"13182",360,36000109,16,0,-0.5945,0.820466430691624,325.9714,"1"
"13183",360,36000331,16,1,-2.532,-1.03975203327319,397.8932,"1"
"13184",360,36000034,16,1,-2.7482,-1.24732841103277,391.0951,"1"
"13185",360,36000078,16,0,-2.5476,-1.05472979226047,394.6466,"0"
"13186",360,36000114,16,0,-1.2841,0.158372674433489,360.5915,"0"
"13187",360,36000073,16,1,-2.1252,-0.649178164297249,344.7912,"0"
"13188",360,36000269,16,0,-1.1419,0.294900708279061,440.6344,"0"
"13189",360,36000147,16,1,-1.9696,-0.499784619526707,431.5119,"0"
"13190",360,36000384,16,0,-0.3871,1.01959381620197,408.3347,"0"
"13191",360,36000192,16,1,-1.0741,0.359996353108385,283.1023,"0"
"13192",360,36000155,16,0,-0.8836,0.542897833049183,406.4884,"0"
"13193",360,36000318,16,0,-2.6482,-1.1513171354733,333.1923,"0"
"13194",360,36000398,16,1,-0.6169,0.798959904966301,529.7073,"1"
"13195",360,36000200,16,1,-1.2256,0.214539270635781,444.6248,"1"
"13196",360,36000082,16,1,-0.9275,0.500748883078574,509.9113,"1"
"13197",360,36000387,16,1,-1.3847,0.0617853312206577,437.7535,"0"
"13198",360,36000364,16,1,-3.2029,-1.6838916810017,323.3881,"0"
"13199",360,36000271,16,1,-1.3536,0.0916448379196543,384.6653,"1"
"13200",360,36000326,16,1,-1.4176,0.0301976215615907,397.2151,"1"
"13201",360,36000182,16,1,-1.2888,0.153860144482194,412.8716,"0"
"13202",360,36000092,16,0,-1.7939,-0.331092808368711,382.2586,"0"
"13203",360,36000299,16,0,0.2525,1.63368193468037,319.4726,"0"
"13204",360,36000233,16,0,-1.2365,0.204074041599799,412.9593,"1"
"13205",360,36000287,16,0,-0.7712,0.650814506778032,472.1833,"0"
"13206",360,36000339,16,0,-0.0664,1.32750197692121,449.4538,"1"
"13207",360,36000286,16,0,-1.3636,0.0820437103637068,369.282,"0"
"13208",360,36000032,16,1,-1.6677,-0.209926578612655,451.8391,"1"
"13209",360,36000296,16,1,-2.5126,-1.02112584581465,301.8558,"0"
"13210",360,36000241,16,0,-0.8143,0.609433647011899,493.8091,"0"
"13211",360,36000287,16,1,-0.7322,0.688258904246227,510.2503,"1"
"13212",360,36000114,16,0,-2.7422,-1.24156773449921,395.7132,"1"
"13213",360,36000036,16,0,-0.2676,1.13432729049554,381.8843,"1"
"13214",360,36000165,16,1,-1.7645,-0.302865493354226,281.8992,"0"
"13215",360,36000004,16,0,-1.9932,-0.522443280558743,347.4171,"0"
"13216",360,36000078,16,0,-2.0669,-0.593203590646076,357.1607,"0"
"13217",360,36000252,16,1,1.2008,2.54415686081087,314.0381,"0"
"13218",360,36000056,16,1,-1.4573,-0.00791885483552068,436.8831,"1"
"13219",360,36000204,16,0,-2.7634,-1.26192212491781,381.0525,"0"
"13220",360,36000241,16,0,-1.1539,0.283379355211924,427.3744,"0"
"13221",360,36000252,16,1,-1.5858,-0.131293343929445,416.4255,"0"
"13222",360,36000039,16,1,-0.8769,0.549330588511668,313.2011,"1"
"13223",360,36000019,16,0,-1.627,-0.170849989459949,394.1237,"1"
"13224",360,36000063,16,1,-0.8827,0.543761934529219,358.6748,"0"
"13225",360,36000045,16,0,-1.8405,-0.375834062779426,388.3042,"0"
"13226",360,36000261,16,0,-2.6264,-1.13038667740133,276.295,"0"
"13227",360,36000298,16,0,-0.7971,0.625947586408129,349.8012,"0"
"13228",360,36000049,16,1,-0.5661,0.847733632950514,571.1095,"1"
"13229",360,36000153,16,0,-2.7525,-1.25145689588183,376.821,"0"
"13230",360,36000330,16,0,-0.4245,0.98368559914273,465.1054,"0"
"13231",360,36000358,16,0,-1.6767,-0.218567593413007,376.1143,"0"
"13232",360,36000140,16,0,0.0991,1.48640063797214,476.4429,"1"
"13233",360,36000272,16,0,0.4984,1.86977366128112,499.0658,"1"
"13234",360,36000131,16,1,-1.558,-0.104602209323911,333.1687,"0"
"13235",360,36000207,16,0,-1.752,-0.290864083909291,362.1784,"0"
"13236",360,36000347,16,1,-2.6802,-1.18204074365233,330.3457,"1"
"13237",360,36000356,16,0,-1.9062,-0.438913470822001,340.0614,"0"
"13238",360,36000385,16,0,-1.5339,-0.081463491914078,543.3961,"0"
"13239",360,36000233,16,0,-1.7179,-0.258124238943511,411.2159,"0"
"13240",360,36000380,16,1,-2.2074,-0.728099432807137,348.2467,"0"
"13241",360,36000184,16,1,-1.828,-0.363832653334492,302.8061,"0"
"13242",360,36000250,16,1,-3.7333,-2.19313548656916,275.4946,"0"
"13243",360,36000086,16,0,-0.4201,0.987910095267347,387.9855,"0"
"13244",360,36000331,16,0,-1.2647,0.176998861892027,421.6423,"0"
"13245",360,36000302,16,0,-2.0045,-0.533292554696964,317.0724,"0"
"13246",360,36000378,16,1,-2.8214,-1.31760866474231,377.9653,"0"
"13247",360,36000351,16,1,-0.3096,1.09400255476057,515.9097,"1"
"13248",360,36000278,16,1,-3.0279,-1.51587194877262,377.6874,"0"
"13249",360,36000200,16,1,-1.7708,-0.308914203714472,412.6946,"0"
"13250",360,36000209,16,0,-0.2379,1.16284263933671,375.4619,"0"
"13251",360,36000040,16,1,-2.5893,-1.09476649416877,395.9468,"0"
"13252",360,36000026,16,0,-2.8369,-1.33249041245403,395.0686,"0"
"13253",360,36000136,16,0,-2.8996,-1.39268948222982,447.8123,"1"
"13254",360,36000279,16,1,-0.9814,0.448998805552017,513.9677,"0"
"13255",360,36000364,16,0,-2.1412,-0.664539968386765,316.0085,"0"
"13256",360,36000152,16,0,-0.8124,0.611257861247529,365.8115,"0"
"13257",360,36000302,16,1,-0.012,1.37973211082556,338.5794,"0"
"13258",360,36000089,16,0,-2.6237,-1.12779437296123,355.6369,"1"
"13259",360,36000106,16,1,-1.2117,0.227884837938548,294.8134,"0"
"13260",360,36000355,16,0,-1.4318,0.0165640204321453,410.4772,"0"
"13261",360,36000307,16,1,-3.5272,-1.99525624764108,307.3424,"0"
"13262",360,36000341,16,0,0.4951,1.86660528918766,429.6107,"0"
"13263",360,36000337,16,1,-2.4999,-1.0089324138186,384.8832,"1"
"13264",360,36000242,16,1,-2.8733,-1.36743851675768,344.2586,"0"
"13265",360,36000296,16,1,-0.6573,0.760171349640274,367.8548,"0"
"13266",360,36000117,16,0,-0.459,0.950561709074711,398.9678,"0"
"13267",360,36000145,16,0,-1.4514,-0.00225418957751168,460.5206,"1"
"13268",360,36000351,16,1,-0.2959,1.10715609951221,575.9669,"0"
"13269",360,36000031,16,0,-1.845,-0.380154570179602,354.844,"1"
"13270",360,36000364,16,0,-3.4407,-1.91220649428213,386.9776,"1"
"13271",360,36000166,16,1,-1.205,0.234317593401033,354.0879,"0"
"13272",360,36000269,16,1,-2.2719,-0.790026705542998,448.2703,"1"
"13273",360,36000194,16,0,-1.1314,0.304981892212806,408.7493,"0"
"13274",360,36000236,16,0,-0.3616,1.04407669146964,458.3722,"0"
"13275",360,36000395,16,1,-2.9056,-1.39845015876339,366.4253,"1"
"13276",360,36000409,16,0,-1.7328,-0.272429919001872,369.5571,"0"
"13277",360,36000205,16,0,0.3496,1.72690888324862,457.6564,"1"
"13278",360,36000035,16,0,-2.7777,-1.27565173732282,327.5801,"0"
"13279",360,36000171,16,0,-0.8513,0.573909475054894,364.8749,"0"
"13280",360,36000387,16,1,-1.0869,0.347706909836772,396.1831,"1"
"13281",360,36000393,16,0,-0.4984,0.912733266504278,429.8012,"1"
"13282",360,36000169,16,1,-2.8487,-1.34381974297005,357.0771,"1"
"13283",360,36000165,16,1,-2.5508,-1.05780215307837,334.5881,"0"
"13284",360,36000305,16,0,-1.1972,0.241806472894672,304.896,"0"
"13285",360,36000157,16,0,-1.884,-0.417598967647797,296.0392,"0"
"13286",360,36000246,16,1,-0.8714,0.554611208667439,401.734,"0"
"13287",360,36000082,16,0,-0.1083,1.28727325246179,385.9462,"0"
"13288",360,36000398,16,1,-0.7996,0.623547304519142,500.7261,"0"
"13289",360,36000413,16,0,-3.6958,-2.15713125823435,346.1687,"1"
"13290",360,36000264,16,1,-1.2554,0.185927910519058,375.1596,"0"
"13291",360,36000124,16,1,-2.2968,-0.813933513157307,391.819,"1"
"13292",360,36000223,16,0,-0.04,1.35284895366891,544.952,"1"
"13293",360,36000085,16,0,-3.3017,-1.77875082125446,286.3204,"0"
"13294",360,36000171,16,1,-1.7705,-0.308626169887794,345.9376,"1"
"13295",360,36000261,16,1,-3.3608,-1.83549348511011,280.4942,"0"
"13296",360,36000020,16,1,-1.1257,0.310454534919696,352.0521,"0"
"13297",360,36000138,16,1,-1.8903,-0.423647678008044,328.6545,"0"
"13298",360,36000124,16,1,-2.97,-1.46028142022369,354.453,"1"
"13299",360,36000127,16,1,-2.4842,-0.993858643555762,314.4434,"0"
"13300",360,36000209,16,0,0.1023,1.48947299879004,415.5033,"0"
"13301",360,36000207,16,0,-2.8115,-1.30810354846192,294.9274,"0"
"13302",360,36000386,16,1,-2.0882,-0.613653992340244,306.9577,"0"
"13303",360,36000153,16,0,-1.9195,-0.451682970471411,436.6193,"1"
"13304",360,36000263,16,0,-1.3499,0.0951972551153547,478.9156,"0"
"13305",360,36000100,16,0,-1.4376,0.0109953664496958,288.131,"1"
"13306",360,36000074,16,1,-3.2724,-1.75061951751554,366.2038,"1"
"13307",360,36000305,16,1,-0.92,0.507949728745535,265.6096,"0"
"13308",360,36000367,16,0,-1.6886,-0.229992935204585,328.7126,"0"
"13309",360,36000086,16,0,-1.6831,-0.224712315048814,353.9614,"0"
"13310",360,36000335,16,0,-1.9491,-0.480102308037015,343.5407,"1"
"13311",360,36000109,16,1,-1.4529,-0.00369435871090385,382.3391,"0"
"13312",360,36000169,16,0,-2.5876,-1.09313430248426,322.1468,"0"
"13313",360,36000248,16,1,-2.2794,-0.797227551209959,332.7435,"0"
"13314",360,36000383,16,1,-0.2596,1.1420081925403,359.4287,"0"
"13315",360,36000177,16,0,-1.8471,-0.382170806966351,356.0636,"0"
"13316",360,36000118,16,0,-1.7783,-0.316115049381433,321.7602,"0"
"13317",360,36000257,16,1,0.2328,1.61476771339515,301.2183,"1"
"13318",360,36000029,16,0,0.4258,1.80006947522494,380.4665,"0"
"13319",360,36000151,16,0,-2.865,-1.35946958088624,402.3711,"1"
"13320",360,36000192,16,1,-2.0227,-0.550766606848788,285.3821,"0"
"13321",360,36000231,16,1,-0.0909,1.30397921440914,469.979,"1"
"13322",360,36000194,16,0,-1.9362,-0.467716853489843,510.083,"0"
"13323",360,36000008,16,0,0.1935,1.57703528210028,445.9403,"1"
"13324",360,36000024,16,1,-0.8176,0.606265274918436,314.616,"1"
"13325",360,36000224,16,0,-2.4747,-0.984737572377612,311.7708,"0"
"13326",360,36000246,16,1,-1.6766,-0.218471582137448,415.4222,"0"
"13327",360,36000176,16,0,-1.5371,-0.084535852731981,394.5543,"0"
"13328",360,36000347,16,1,-2.6856,-1.18722535253254,358.7754,"1"
"13329",360,36000285,16,1,-2.8965,-1.38971313268747,421.773,"0"
"13330",360,36000145,16,1,-2.8679,-1.36225390787747,394.4822,"1"
"13331",360,36000133,16,0,-0.9406,0.488171405980283,327.8327,"0"
"13332",360,36000272,16,1,-1.7733,-0.311314485603459,303.4038,"0"
"13333",360,36000345,16,1,-2.6093,-1.11396874928066,376.315,"1"
"13334",360,36000101,16,0,-3.2876,-1.76521323140058,362.4501,"1"
"13335",360,36000165,16,1,-1.948,-0.479046184005861,286.4547,"0"
"13336",360,36000352,16,0,-2.102,-0.626903548367451,318.7572,"0"
"13337",360,36000159,16,0,0.7122,2.07504576842727,413.2303,"0"
"13338",360,36000083,16,0,-1.8149,-0.351255176236201,315.9389,"0"
"13339",360,36000007,16,0,-2.4215,-0.933659573779972,364.6262,"0"
"13340",360,36000065,16,0,-1.3716,0.0743628083189489,319.7285,"0"
"13341",360,36000052,16,1,-1.257,0.184391730110106,326.2588,"0"
"13342",360,36000114,16,0,-1.6277,-0.171522068388865,341.2135,"0"
"13343",360,36000048,16,1,-1.4651,-0.0154077343291597,424.11,"0"
"13344",360,36000347,16,1,-2.0448,-0.571985098747432,305.994,"1"
"13345",360,36000131,16,0,-1.403,0.0442152677932739,398.4831,"1"
"13346",360,36000340,16,1,-0.8244,0.599736508180392,513.5048,"0"
"13347",360,36000394,16,0,-1.9343,-0.465892639254213,419.9351,"0"
"13348",360,36000193,16,0,-2.468,-0.978304816915127,353.4625,"1"
"13349",360,36000028,16,0,-2.9812,-1.47103468308635,419.6482,"1"
"13350",360,36000294,16,1,-2.1906,-0.711969538513145,385.8436,"0"
"13351",360,36000198,16,1,-1.6867,-0.228168720968955,353.002,"1"
"13352",360,36000106,16,1,-0.749,0.672129009952236,360.0262,"1"
"13353",360,36000300,16,1,-1.6792,-0.220967875301994,404.7501,"1"
"13354",360,36000245,16,0,-0.281,1.12146177957058,410.3767,"0"
"13355",360,36000150,16,0,-1.3901,0.0566007223404462,378.1439,"1"
"13356",360,36000004,16,0,-1.0828,0.351643372134711,397.536,"0"
"13357",360,36000306,16,0,-2.0026,-0.531468340461334,292.0276,"1"
"13358",360,36000087,16,1,-1.7653,-0.303633583558702,321.0856,"1"
"13359",360,36000335,16,1,-0.7959,0.627099721714842,449.9152,"1"
"13360",360,36000132,16,1,-0.751,0.670208784441046,369.2448,"0"
"13361",360,36000153,16,1,-1.3223,0.12169636716977,320.9461,"0"
"13362",360,36000246,16,1,-2.1765,-0.69843194865926,293.0007,"0"
"13363",360,36000134,16,0,-1.8256,-0.361528382721064,437.2607,"0"
"13364",360,36000108,16,0,-1.9016,-0.434496952146265,343.7013,"0"
"13365",360,36000336,16,0,-1.8062,-0.342902195262526,320.5115,"0"
"13366",360,36000378,16,1,-1.0631,0.370557593419927,377.2307,"1"
"13367",360,36000254,16,0,-1.744,-0.283183181864533,295.5984,"1"
"13368",360,36000104,16,0,-2.3772,-0.891126578707125,272.3162,"0"
"13369",360,36000049,16,1,-0.368,1.03793196983383,415.9866,"1"
"13370",360,36000098,16,1,-2.8996,-1.39268948222982,384.1061,"1"
"13371",360,36000347,16,1,-2.8528,-1.34775620526798,327.2023,"1"
"13372",360,36000039,16,1,0.1287,1.51481997553774,275.9157,"0"
"13373",360,36000206,16,0,-1.7733,-0.311314485603459,381.2077,"1"
"13374",360,36000004,16,0,-1.5339,-0.081463491914078,380.3907,"0"
"13375",360,36000012,16,0,-1.3175,0.126304908396625,491.3625,"1"
"13376",360,36000180,16,1,0.7926,2.15223883397709,350.8527,"1"
"13377",360,36000189,16,1,0.2537,1.63483406998708,372.0196,"0"
"13378",360,36000396,16,0,-1.2926,0.150211716010934,389.0405,"1"
"13379",360,36000046,16,1,-2.1159,-0.640249115670218,313.7812,"0"
"13380",360,36000297,16,1,-1.4177,0.0301016102860312,399.1973,"0"
"13381",360,36000256,16,1,-0.1685,1.22947446457498,310.9499,"1"
"13382",360,36000042,16,1,-0.3456,1.05943849555916,482.3645,"0"
"13383",360,36000120,16,0,-0.8892,0.537521201617853,445.0545,"1"
"13384",360,36000400,16,0,-1.6958,-0.236905747044867,330.7361,"1"
"13385",360,36000370,16,1,-0.0787,1.31569259002739,325.5799,"1"
"13386",360,36000019,16,1,-1.176,0.262160863313281,338.905,"1"
"13387",360,36000003,16,1,-1.4023,0.0448873467221901,352.6115,"0"
"13388",360,36000094,16,1,-3.1426,-1.62599688183934,421.3961,"0"
"13389",360,36000171,16,1,-1.7329,-0.272525930277432,421.6837,"0"
"13390",360,36000367,17,0,-2.9053,-1.39816212493671,314.4005,"1"
"13391",360,36000041,16,1,-1.3936,0.0532403276958645,360.3846,"0"
"13392",360,36000263,16,0,-2.1794,-0.701216275650484,414.9348,"1"
"13393",360,36000081,16,0,-1.0877,0.346938819632296,298.8376,"0"
"13394",360,36000017,16,0,-1.1103,0.325240271355855,336.2391,"1"
"13395",360,36000344,16,0,-3.9386,-2.39024663529276,277.983,"0"
"13396",360,36000024,16,1,-1.9328,-0.464452470120821,362.362,"0"
"13397",360,36000119,16,0,-0.9512,0.477994210770979,319.9096,"0"
"13398",360,36000128,16,0,-3.3644,-1.83894989103025,264.3367,"1"
"13399",360,36000152,16,1,-1.1345,0.302005542670462,420.9577,"0"
"13400",360,36000008,16,0,0.8302,2.18833907358745,429.9045,"0"
"13401",360,36000382,16,1,-2.2849,-0.80250817136573,348.8934,"0"
"13402",360,36000102,16,1,-1.0559,0.377470405260209,458.8819,"1"
"13403",360,36000236,16,0,-0.1414,1.2554935202516,400.2628,"0"
"13404",360,36000412,16,0,-2.0551,-0.581874260130058,331.2809,"1"
"13405",360,36000325,16,1,-1.453,-0.00379036998646331,473.9145,"1"
"13406",360,36000161,16,0,-2.0284,-0.556239249555678,323.9435,"0"
"13407",360,36000270,16,0,-3.1367,-1.62033221658133,321.484,"1"
"13408",360,36000199,16,0,-0.2141,1.18569332291986,327.5841,"0"
"13409",360,36000159,16,0,0.9173,2.27196489459976,358.8455,"1"
"13410",360,36000095,16,0,-3.5215,-1.98978360493419,330.0556,"0"
"13411",360,36000082,16,0,-1.2488,0.192264654705983,399.5969,"0"
"13412",360,36000296,16,0,-0.3549,1.05050944693212,290.2522,"1"
"13413",360,36000185,16,1,-0.3216,1.08248120169343,377.8825,"0"
"13414",360,36000025,16,0,-1.8657,-0.400028904220414,549.0771,"1"
"13415",360,36000241,16,1,-1.5118,-0.0602450000154342,342.4231,"1"
"13416",360,36000248,16,0,-3.3977,-1.87092164579156,346.8475,"0"
"13417",360,36000408,16,0,-2.5935,-1.09879896774227,398.2529,"0"
"13418",360,36000002,16,0,-1.1644,0.273298171278179,291.4862,"0"
"13419",360,36000098,16,0,-2.4582,-0.968895711910299,332.8004,"0"
"13420",360,36000215,16,1,-1.2742,0.167877790713877,284.7102,"0"
"13421",360,36000020,16,0,-2.5842,-1.08986991911524,385.3322,"0"
"13422",360,36000070,16,1,-2.0856,-0.611157699175698,359.9244,"1"
"13423",360,36000209,16,0,-0.8564,0.56901290000136,386.3227,"0"
"13424",360,36000095,16,1,-2.6533,-1.15621371052683,334.6779,"0"
"13425",360,36000085,16,0,-2.7614,-1.26000189940662,320.8713,"1"
"13426",360,36000259,16,1,-1.0426,0.390239904909619,366.8186,"1"
"13427",360,36000358,16,0,-1.5356,-0.0830956835985891,386.822,"0"
"13428",360,36000066,16,1,-1.204,0.235277706156628,316.3462,"0"
"13429",360,36000286,16,0,-1.3555,0.0898206236840243,351.3434,"0"
"13430",360,36000227,16,1,0.1403,1.52595728350264,503.7623,"1"
"13431",360,36000104,16,0,-2.8997,-1.39278549350538,298.2664,"1"
"13432",360,36000010,16,0,-1.6306,-0.17430639538009,505.6724,"1"
"13433",360,36000407,16,1,-0.9875,0.44314211774289,348.8421,"0"
"13434",360,36000356,16,0,-2.6327,-1.13643538776158,345.4627,"0"
"13435",360,36000283,16,0,-2.0716,-0.597716120597371,368.4765,"1"
"13436",360,36000077,16,1,-0.9913,0.43949368927163,306.442,"0"
"13437",360,36000194,16,0,0.5817,1.94975105382216,380.9729,"0"
"13438",360,36000274,16,1,-1.5435,-0.0906805743677876,303.7661,"0"
"13439",360,36000326,16,0,-1.7989,-0.335893372146685,317.3472,"0"
